2026-08-16 01:50:51 [INFO]: Reading local database (read_db_file db.py:36)
2026-08-16 01:50:51 [INFO]: Reading cache of recent posts. (read_cache db.py:159)
2026-08-16 01:50:51 [DEBUG]: Cache: {} (read_cache db.py:179)
2026-08-16 01:50:51 [DEBUG]: Deleted: [] (read_cache db.py:180)
2026-08-16 01:50:51 [INFO]: Connecting to Bluesky: None. (bsky_connect connections.py:58)
2026-08-16 01:50:51 [INFO]: Reading session cache (session_cache_read connections.py:111)
2026-08-16 01:50:51 [INFO]: Connecting to Bluesky using saved session. (bsky_connect connections.py:66)
2026-08-16 01:50:51 [INFO]: Session changed: (on_session_change connections.py:104)
2026-08-16 01:50:52 [INFO]: Session changed: (on_session_change connections.py:104)
2026-08-16 01:50:52 [INFO]: Saving changed session (on_session_change connections.py:106)
2026-08-16 01:50:52 [INFO]: Saving session cache (session_cache_write connections.py:120)
2026-08-16 01:50:52 [INFO]: Successfully logged in to Bluesky using saved session. (bsky_connect connections.py:68)
2026-08-16 01:50:52 [INFO]: Saving session cache (session_cache_write connections.py:120)
2026-08-16 01:50:52 [INFO]: Gathering posts from Bluesky (get_posts bluesky.py:18)
2026-08-16 01:50:52 [DEBUG]: Post created at: 2026-08-11 18:33:44 (get_posts bluesky.py:33)
2026-08-16 01:50:52 [INFO]: Post bafyreif6z4mshhjzw7nskbqsktlhq7d5i6vyhy2jxtmu3t2zgw4m2fhavq posted outside time limit. (get_posts bluesky.py:39)
2026-08-16 01:50:52 [DEBUG]: Post created at: 2026-08-06 12:27:25 (get_posts bluesky.py:33)
2026-08-16 01:50:52 [INFO]: Post bafyreibx2vnv3hheqm2susm6rhiultlk6eaptkwbnjmhajzicwe22gfbjm posted outside time limit. (get_posts bluesky.py:39)
2026-08-16 01:50:52 [DEBUG]: Post created at: 2026-08-05 13:39:02 (get_posts bluesky.py:33)
2026-08-16 01:50:52 [INFO]: Post bafyreihtizm7ymakkbho3vywrcve77otdl2txadgxgoyrni5hseaisrszy posted outside time limit. (get_posts bluesky.py:39)
2026-08-16 01:50:52 [DEBUG]: Post created at: 2026-07-23 15:16:51 (get_posts bluesky.py:33)
2026-08-16 01:50:52 [INFO]: Post bafyreif6f2ek3doxuknizkn2jatdtqesoby5hz3wipn4vbnlm6aof6titm posted outside time limit. (get_posts bluesky.py:39)
2026-08-16 01:50:52 [DEBUG]: Post created at: 2026-07-22 15:15:36 (get_posts bluesky.py:33)
2026-08-16 01:50:52 [INFO]: Post bafyreigbxvo544aahrqrrukb3i2h6nnnjv73bddkd5gewt73b2fqovobui posted outside time limit. (get_posts bluesky.py:39)
2026-08-16 01:50:52 [DEBUG]: Post created at: 2026-07-20 12:33:32 (get_posts bluesky.py:33)
2026-08-16 01:50:52 [INFO]: Post bafyreibrtm3v3ucg73br5shdear4zmw4w5f33w5q2ulxbcrf4suakyhmpq posted outside time limit. (get_posts bluesky.py:39)
2026-08-16 01:50:52 [DEBUG]: Post created at: 2026-07-17 11:35:56 (get_posts bluesky.py:33)
2026-08-16 01:50:52 [INFO]: Post bafyreidtxvowahst6h6tvquj5g3uo26gjcgmkvggwg3e44pchoyq4unb4i posted outside time limit. (get_posts bluesky.py:39)
2026-08-16 01:50:52 [DEBUG]: Post created at: 2026-07-06 14:05:46 (get_posts bluesky.py:33)
2026-08-16 01:50:52 [INFO]: Post bafyreiblrulfzvgmmsltp3nywyhksmj4dr257fkhuhoquhhh4vkwr4zzsu posted outside time limit. (get_posts bluesky.py:39)
2026-08-16 01:50:52 [DEBUG]: Post created at: 2026-06-30 16:37:16 (get_posts bluesky.py:33)
2026-08-16 01:50:52 [INFO]: Post bafyreib46tjmeeqwcvj6wiw75b24fza7oug4heiy2ciuww366uibqrqsbe posted outside time limit. (get_posts bluesky.py:39)
2026-08-16 01:50:52 [DEBUG]: Post created at: 2026-06-24 11:17:45 (get_posts bluesky.py:33)
2026-08-16 01:50:52 [INFO]: Post bafyreidt2ygeayems7i7paeb24ig5l2v7lcmtfhrdi4uhrxfjm4thubecq posted outside time limit. (get_posts bluesky.py:39)
2026-08-16 01:50:52 [DEBUG]: Post created at: 2026-06-17 13:46:03 (get_posts bluesky.py:33)
2026-08-16 01:50:52 [INFO]: Post bafyreieekpu7ys5y3dujnzaoq62fikjxndci6yr6qzasdfictup376i3lq posted outside time limit. (get_posts bluesky.py:39)
2026-08-16 01:50:52 [DEBUG]: Post created at: 2026-06-02 18:05:16 (get_posts bluesky.py:33)
2026-08-16 01:50:52 [INFO]: Post bafyreibwhlbkkwktshb56dytljna7wlvy45dkdd7vqawv5xpvqd3btb5tu posted outside time limit. (get_posts bluesky.py:39)
2026-08-16 01:50:52 [DEBUG]: Post created at: 2026-05-28 12:42:25 (get_posts bluesky.py:33)
2026-08-16 01:50:52 [INFO]: Post bafyreigew3jv7boj7icxdil3sho3r5u6qnvgmiwkfvx5yszmyzbwuz7pwu posted outside time limit. (get_posts bluesky.py:39)
2026-08-16 01:50:52 [DEBUG]: Post created at: 2026-05-27 18:13:32 (get_posts bluesky.py:33)
2026-08-16 01:50:52 [INFO]: Post bafyreicomu6cn7rxnkk4gmfp235wbntlseyony4hstbw3m5ipnxjqzma54 posted outside time limit. (get_posts bluesky.py:39)
2026-08-16 01:50:52 [DEBUG]: Post created at: 2026-05-21 16:52:19 (get_posts bluesky.py:33)
2026-08-16 01:50:52 [INFO]: Post bafyreifgxpvh535rsbgturdrvuix3yrkwwzdxxfvmcif3tgn5ae46i25ca posted outside time limit. (get_posts bluesky.py:39)
2026-08-16 01:50:52 [DEBUG]: Post created at: 2026-05-18 11:38:35 (get_posts bluesky.py:33)
2026-08-16 01:50:52 [INFO]: Post bafyreif3vacnffmfmavpf7x2gwtddexvcrqmcetogbnzbca52sfygsnl3i posted outside time limit. (get_posts bluesky.py:39)
2026-08-16 01:50:52 [DEBUG]: Post created at: 2026-05-12 12:15:04 (get_posts bluesky.py:33)
2026-08-16 01:50:52 [INFO]: Post bafyreigir5vldhynmmhee7b5scolawrc2twgukmpbfvlrc66aqji4vlbbu posted outside time limit. (get_posts bluesky.py:39)
2026-08-16 01:50:52 [DEBUG]: Post created at: 2026-05-07 13:44:19 (get_posts bluesky.py:33)
2026-08-16 01:50:52 [INFO]: Post bafyreibmmqchdd5ocewgcdwj2zawtqsn5jlx7jumuqdij7nn6f77t3tpri posted outside time limit. (get_posts bluesky.py:39)
2026-08-16 01:50:52 [DEBUG]: Post created at: 2026-05-04 12:46:03 (get_posts bluesky.py:33)
2026-08-16 01:50:52 [INFO]: Post bafyreicpdt7qhotsxspx6lo4xl5rwzxeeanscduabrvruycpppoonyz6tm posted outside time limit. (get_posts bluesky.py:39)
2026-08-16 01:50:52 [DEBUG]: Post created at: 2026-04-30 14:02:43 (get_posts bluesky.py:33)
2026-08-16 01:50:52 [INFO]: Post bafyreie2qsbv7gjgphjshteqeuzf4pe2dkr4cu3aty2a27kjai4swzebtq posted outside time limit. (get_posts bluesky.py:39)
2026-08-16 01:50:52 [DEBUG]: Post created at: 2026-04-22 14:53:48 (get_posts bluesky.py:33)
2026-08-16 01:50:52 [INFO]: Post bafyreicdui5gpvu6eri4oggsvvgxqb4rb3oy3l2ymmnmffpwz6t3oz2yne posted outside time limit. (get_posts bluesky.py:39)
2026-08-16 01:50:52 [DEBUG]: Post created at: 2026-04-15 13:40:00 (get_posts bluesky.py:33)
2026-08-16 01:50:52 [INFO]: Post bafyreidshdytdhy7f6q3a5yuchedy53verbugnulbbwvllnxofvzpze4re posted outside time limit. (get_posts bluesky.py:39)
2026-08-16 01:50:52 [DEBUG]: Post created at: 2026-04-13 16:38:02 (get_posts bluesky.py:33)
2026-08-16 01:50:52 [INFO]: Post bafyreiauh7o5v67ac256ngxkoqkqnio2e2kmdzdzzqt6vxq32td7gatkmy posted outside time limit. (get_posts bluesky.py:39)
2026-08-16 01:50:52 [DEBUG]: Post created at: 2026-04-10 13:14:36 (get_posts bluesky.py:33)
2026-08-16 01:50:52 [INFO]: Post bafyreifrh7fshwfax4ntkkzh4kal7hstv46kgxa4qlogxu7z7gjxr3ppgu posted outside time limit. (get_posts bluesky.py:39)
2026-08-16 01:50:52 [DEBUG]: Post created at: 2026-04-01 14:22:07 (get_posts bluesky.py:33)
2026-08-16 01:50:52 [INFO]: Post bafyreih2ht6th7xmwvmptcmfdfr5cbdgeavpps6jqyt6xysm37j34w6rge posted outside time limit. (get_posts bluesky.py:39)
2026-08-16 01:50:52 [DEBUG]: Post created at: 2026-03-26 14:42:37 (get_posts bluesky.py:33)
2026-08-16 01:50:52 [INFO]: Post bafyreicfxh453sypukedfr6mfj76tr6uz3osxwb3jfv5ywwecuvhbf267u posted outside time limit. (get_posts bluesky.py:39)
2026-08-16 01:50:52 [DEBUG]: Post created at: 2026-03-26 13:54:10 (get_posts bluesky.py:33)
2026-08-16 01:50:52 [INFO]: Post bafyreifuq22kydpi7ctnxtvy6zww2yzomvsrhq6x2dleqjas62m3p5zo3m posted outside time limit. (get_posts bluesky.py:39)
2026-08-16 01:50:52 [DEBUG]: Post created at: 2026-03-24 22:10:18 (get_posts bluesky.py:33)
2026-08-16 01:50:52 [INFO]: Post bafyreigv5zvvt4yc5xsxkjjliryumxazef75ib5hsmnhtibcncwxoxvnfm posted outside time limit. (get_posts bluesky.py:39)
2026-08-16 01:50:52 [DEBUG]: Post created at: 2026-03-19 14:44:04 (get_posts bluesky.py:33)
2026-08-16 01:50:52 [INFO]: Post bafyreif2f6qv2mgg6cd7amog5rhlfce6br7a6jwoygh7j5szpujkxbw7lq posted outside time limit. (get_posts bluesky.py:39)
2026-08-16 01:50:52 [DEBUG]: Post created at: 2026-03-11 15:06:56 (get_posts bluesky.py:33)
2026-08-16 01:50:52 [INFO]: Post bafyreicdvogziwifeeulpxdanjzw2hhz2x563zmhsulsol6cc2g4awgdzm posted outside time limit. (get_posts bluesky.py:39)
2026-08-16 01:50:52 [DEBUG]: Post created at: 2026-03-10 13:42:44 (get_posts bluesky.py:33)
2026-08-16 01:50:52 [INFO]: Post bafyreievqd6tqe2jmv27cfpq5qfipsop37wgy5tmnrxcgj5pg6c73ziqhe posted outside time limit. (get_posts bluesky.py:39)
2026-08-16 01:50:52 [DEBUG]: Post created at: 2026-02-27 13:14:55 (get_posts bluesky.py:33)
2026-08-16 01:50:52 [INFO]: Post bafyreihnhuuasms57pqkf7igt3c76hf6yngh75wdqpi2zsjqkyv33mn45e posted outside time limit. (get_posts bluesky.py:39)
2026-08-16 01:50:52 [DEBUG]: Post created at: 2026-02-24 16:23:10 (get_posts bluesky.py:33)
2026-08-16 01:50:52 [INFO]: Post bafyreide2tzdyz3qhqvp6dvacl4lo2xhv6sr6gx3jq6ogve525scwql7mi posted outside time limit. (get_posts bluesky.py:39)
2026-08-16 01:50:52 [DEBUG]: Post created at: 2026-02-18 15:42:15 (get_posts bluesky.py:33)
2026-08-16 01:50:52 [INFO]: Post bafyreierb4dlpinmyb7vig7fxqcvt3jgwebafz4bjndrkfzydb5hago4py posted outside time limit. (get_posts bluesky.py:39)
2026-08-16 01:50:52 [DEBUG]: Post created at: 2026-02-13 13:50:14 (get_posts bluesky.py:33)
2026-08-16 01:50:52 [INFO]: Post bafyreiaig2my7kiizjlekleu7edp5chbzu4tonydswkd7j4xawrrklnpea posted outside time limit. (get_posts bluesky.py:39)
2026-08-16 01:50:52 [DEBUG]: Post created at: 2026-02-11 15:17:23 (get_posts bluesky.py:33)
2026-08-16 01:50:52 [INFO]: Post bafyreiaggywu7xfcr3hdbey7tqklccqal2ixepuh6oxtqkyabjhrfpey5y posted outside time limit. (get_posts bluesky.py:39)
2026-08-16 01:50:52 [DEBUG]: Post created at: 2026-02-09 20:47:56 (get_posts bluesky.py:33)
2026-08-16 01:50:52 [INFO]: Post bafyreiegxryprnsav7l5m2duvjrdpuxmd62pglm6dfhladwumo6hb7n73m posted outside time limit. (get_posts bluesky.py:39)
2026-08-16 01:50:52 [DEBUG]: Post created at: 2026-02-04 21:31:32 (get_posts bluesky.py:33)
2026-08-16 01:50:52 [INFO]: Post bafyreiauk2lyeyl7tomeltjaadmgz4auvla2j6itigb2wsu6n52sqbwndu posted outside time limit. (get_posts bluesky.py:39)
2026-08-16 01:50:52 [DEBUG]: Post created at: 2026-02-03 15:53:41 (get_posts bluesky.py:33)
2026-08-16 01:50:52 [INFO]: Post bafyreidbfzjy6zmupb6yp2zrp77ulb7ejvdfu2lawhjkdhg7ekkfoyfzke posted outside time limit. (get_posts bluesky.py:39)
2026-08-16 01:50:52 [DEBUG]: Post created at: 2026-02-02 14:12:40 (get_posts bluesky.py:33)
2026-08-16 01:50:52 [INFO]: Post bafyreibs77nvnmgxegsi2a3q34gvw6gvtffjrta3mgvjmmxq6dagrlaprq posted outside time limit. (get_posts bluesky.py:39)
2026-08-16 01:50:52 [DEBUG]: Post created at: 2026-01-31 17:16:33 (get_posts bluesky.py:33)
2026-08-16 01:50:52 [INFO]: Post bafyreidu7qm22ionzyatpqfiuqfyiio3royiaf4beodokuiwns6f6cl53i posted outside time limit. (get_posts bluesky.py:39)
2026-08-16 01:50:52 [DEBUG]: Post created at: 2026-01-28 13:09:15 (get_posts bluesky.py:33)
2026-08-16 01:50:52 [INFO]: Post bafyreiagqnn3nlo5ftumr3kbsm6zji76ga24ki2373uhb3xxl4o6orajka posted outside time limit. (get_posts bluesky.py:39)
2026-08-16 01:50:52 [DEBUG]: Post created at: 2026-01-27 12:33:02 (get_posts bluesky.py:33)
2026-08-16 01:50:52 [INFO]: Post bafyreifuscbokcel27xngzhkrzopzkb632pmpljpmmbbure5jn5hevtsgq posted outside time limit. (get_posts bluesky.py:39)
2026-08-16 01:50:52 [DEBUG]: Post created at: 2026-01-22 14:21:10 (get_posts bluesky.py:33)
2026-08-16 01:50:52 [INFO]: Post bafyreiagapzgbtv5j2rsn573qr7o7kz73t74l7ypk2eyfahtf6sc5fdjsi posted outside time limit. (get_posts bluesky.py:39)
2026-08-16 01:50:52 [DEBUG]: Post created at: 2026-01-21 13:15:06 (get_posts bluesky.py:33)
2026-08-16 01:50:52 [INFO]: Post bafyreie6wukbdijlqzvjkk4ifh26mdphsaajw26hlqdkohpqcwhuvinmyq posted outside time limit. (get_posts bluesky.py:39)
2026-08-16 01:50:52 [DEBUG]: Post created at: 2026-01-16 16:05:12 (get_posts bluesky.py:33)
2026-08-16 01:50:52 [INFO]: Post bafyreicxzwxqthabj7pnlubsgptgkrsy3x7oxqkp3xahy6tv4gg5yqf2ju posted outside time limit. (get_posts bluesky.py:39)
2026-08-16 01:50:52 [DEBUG]: Post created at: 2026-01-12 13:15:19 (get_posts bluesky.py:33)
2026-08-16 01:50:52 [INFO]: Post bafyreibdn3xxyolwdpeqkewnnprrra2cgk5kbcxcbxywh4lkz3ulcilrqi posted outside time limit. (get_posts bluesky.py:39)
2026-08-16 01:50:52 [DEBUG]: Post created at: 2026-01-08 13:18:56 (get_posts bluesky.py:33)
2026-08-16 01:50:52 [INFO]: Post bafyreietgnh4gc7s4leq7bvqmrgmvznpshszycyy34rd4rnwavw5oghegy posted outside time limit. (get_posts bluesky.py:39)
2026-08-16 01:50:52 [DEBUG]: Post created at: 2025-12-29 13:08:03 (get_posts bluesky.py:33)
2026-08-16 01:50:52 [INFO]: Post bafyreid4dehmzir4jnany3gopw2xqocuxvcrs5fgjysjvzdyqst6gdaqdm posted outside time limit. (get_posts bluesky.py:39)
2026-08-16 01:50:52 [DEBUG]: Post created at: 2025-12-22 21:05:43 (get_posts bluesky.py:33)
2026-08-16 01:50:52 [INFO]: Post bafyreia4ptmpu6bn3etyypkc6dq3zupd4ryvt4ajc4gtsoig22py7c556m posted outside time limit. (get_posts bluesky.py:39)
2026-08-16 01:50:52 [WARNING]: No posts found from input. (get_posts fetch.py:18)
2026-08-16 03:08:01 [INFO]: Reading local database (read_db_file db.py:36)
2026-08-16 03:08:01 [INFO]: Reading cache of recent posts. (read_cache db.py:159)
2026-08-16 03:08:01 [DEBUG]: Cache: {} (read_cache db.py:179)
2026-08-16 03:08:01 [DEBUG]: Deleted: [] (read_cache db.py:180)
2026-08-16 03:08:01 [INFO]: Connecting to Bluesky: None. (bsky_connect connections.py:58)
2026-08-16 03:08:01 [INFO]: Reading session cache (session_cache_read connections.py:111)
2026-08-16 03:08:01 [INFO]: Connecting to Bluesky using saved session. (bsky_connect connections.py:66)
2026-08-16 03:08:01 [INFO]: Session changed: (on_session_change connections.py:104)
2026-08-16 03:08:01 [INFO]: Successfully logged in to Bluesky using saved session. (bsky_connect connections.py:68)
2026-08-16 03:08:01 [INFO]: Saving session cache (session_cache_write connections.py:120)
2026-08-16 03:08:01 [INFO]: Gathering posts from Bluesky (get_posts bluesky.py:18)
2026-08-16 03:08:01 [DEBUG]: Post created at: 2026-08-11 18:33:44 (get_posts bluesky.py:33)
2026-08-16 03:08:01 [INFO]: Post bafyreif6z4mshhjzw7nskbqsktlhq7d5i6vyhy2jxtmu3t2zgw4m2fhavq posted outside time limit. (get_posts bluesky.py:39)
2026-08-16 03:08:01 [DEBUG]: Post created at: 2026-08-06 12:27:25 (get_posts bluesky.py:33)
2026-08-16 03:08:01 [INFO]: Post bafyreibx2vnv3hheqm2susm6rhiultlk6eaptkwbnjmhajzicwe22gfbjm posted outside time limit. (get_posts bluesky.py:39)
2026-08-16 03:08:01 [DEBUG]: Post created at: 2026-08-05 13:39:02 (get_posts bluesky.py:33)
2026-08-16 03:08:01 [INFO]: Post bafyreihtizm7ymakkbho3vywrcve77otdl2txadgxgoyrni5hseaisrszy posted outside time limit. (get_posts bluesky.py:39)
2026-08-16 03:08:01 [DEBUG]: Post created at: 2026-07-23 15:16:51 (get_posts bluesky.py:33)
2026-08-16 03:08:01 [INFO]: Post bafyreif6f2ek3doxuknizkn2jatdtqesoby5hz3wipn4vbnlm6aof6titm posted outside time limit. (get_posts bluesky.py:39)
2026-08-16 03:08:01 [DEBUG]: Post created at: 2026-07-22 15:15:36 (get_posts bluesky.py:33)
2026-08-16 03:08:01 [INFO]: Post bafyreigbxvo544aahrqrrukb3i2h6nnnjv73bddkd5gewt73b2fqovobui posted outside time limit. (get_posts bluesky.py:39)
2026-08-16 03:08:01 [DEBUG]: Post created at: 2026-07-20 12:33:32 (get_posts bluesky.py:33)
2026-08-16 03:08:01 [INFO]: Post bafyreibrtm3v3ucg73br5shdear4zmw4w5f33w5q2ulxbcrf4suakyhmpq posted outside time limit. (get_posts bluesky.py:39)
2026-08-16 03:08:01 [DEBUG]: Post created at: 2026-07-17 11:35:56 (get_posts bluesky.py:33)
2026-08-16 03:08:01 [INFO]: Post bafyreidtxvowahst6h6tvquj5g3uo26gjcgmkvggwg3e44pchoyq4unb4i posted outside time limit. (get_posts bluesky.py:39)
2026-08-16 03:08:01 [DEBUG]: Post created at: 2026-07-06 14:05:46 (get_posts bluesky.py:33)
2026-08-16 03:08:01 [INFO]: Post bafyreiblrulfzvgmmsltp3nywyhksmj4dr257fkhuhoquhhh4vkwr4zzsu posted outside time limit. (get_posts bluesky.py:39)
2026-08-16 03:08:01 [DEBUG]: Post created at: 2026-06-30 16:37:16 (get_posts bluesky.py:33)
2026-08-16 03:08:01 [INFO]: Post bafyreib46tjmeeqwcvj6wiw75b24fza7oug4heiy2ciuww366uibqrqsbe posted outside time limit. (get_posts bluesky.py:39)
2026-08-16 03:08:01 [DEBUG]: Post created at: 2026-06-24 11:17:45 (get_posts bluesky.py:33)
2026-08-16 03:08:01 [INFO]: Post bafyreidt2ygeayems7i7paeb24ig5l2v7lcmtfhrdi4uhrxfjm4thubecq posted outside time limit. (get_posts bluesky.py:39)
2026-08-16 03:08:01 [DEBUG]: Post created at: 2026-06-17 13:46:03 (get_posts bluesky.py:33)
2026-08-16 03:08:01 [INFO]: Post bafyreieekpu7ys5y3dujnzaoq62fikjxndci6yr6qzasdfictup376i3lq posted outside time limit. (get_posts bluesky.py:39)
2026-08-16 03:08:01 [DEBUG]: Post created at: 2026-06-02 18:05:16 (get_posts bluesky.py:33)
2026-08-16 03:08:01 [INFO]: Post bafyreibwhlbkkwktshb56dytljna7wlvy45dkdd7vqawv5xpvqd3btb5tu posted outside time limit. (get_posts bluesky.py:39)
2026-08-16 03:08:01 [DEBUG]: Post created at: 2026-05-28 12:42:25 (get_posts bluesky.py:33)
2026-08-16 03:08:01 [INFO]: Post bafyreigew3jv7boj7icxdil3sho3r5u6qnvgmiwkfvx5yszmyzbwuz7pwu posted outside time limit. (get_posts bluesky.py:39)
2026-08-16 03:08:01 [DEBUG]: Post created at: 2026-05-27 18:13:32 (get_posts bluesky.py:33)
2026-08-16 03:08:01 [INFO]: Post bafyreicomu6cn7rxnkk4gmfp235wbntlseyony4hstbw3m5ipnxjqzma54 posted outside time limit. (get_posts bluesky.py:39)
2026-08-16 03:08:01 [DEBUG]: Post created at: 2026-05-21 16:52:19 (get_posts bluesky.py:33)
2026-08-16 03:08:01 [INFO]: Post bafyreifgxpvh535rsbgturdrvuix3yrkwwzdxxfvmcif3tgn5ae46i25ca posted outside time limit. (get_posts bluesky.py:39)
2026-08-16 03:08:01 [DEBUG]: Post created at: 2026-05-18 11:38:35 (get_posts bluesky.py:33)
2026-08-16 03:08:01 [INFO]: Post bafyreif3vacnffmfmavpf7x2gwtddexvcrqmcetogbnzbca52sfygsnl3i posted outside time limit. (get_posts bluesky.py:39)
2026-08-16 03:08:01 [DEBUG]: Post created at: 2026-05-12 12:15:04 (get_posts bluesky.py:33)
2026-08-16 03:08:01 [INFO]: Post bafyreigir5vldhynmmhee7b5scolawrc2twgukmpbfvlrc66aqji4vlbbu posted outside time limit. (get_posts bluesky.py:39)
2026-08-16 03:08:01 [DEBUG]: Post created at: 2026-05-07 13:44:19 (get_posts bluesky.py:33)
2026-08-16 03:08:01 [INFO]: Post bafyreibmmqchdd5ocewgcdwj2zawtqsn5jlx7jumuqdij7nn6f77t3tpri posted outside time limit. (get_posts bluesky.py:39)
2026-08-16 03:08:01 [DEBUG]: Post created at: 2026-05-04 12:46:03 (get_posts bluesky.py:33)
2026-08-16 03:08:01 [INFO]: Post bafyreicpdt7qhotsxspx6lo4xl5rwzxeeanscduabrvruycpppoonyz6tm posted outside time limit. (get_posts bluesky.py:39)
2026-08-16 03:08:01 [DEBUG]: Post created at: 2026-04-30 14:02:43 (get_posts bluesky.py:33)
2026-08-16 03:08:01 [INFO]: Post bafyreie2qsbv7gjgphjshteqeuzf4pe2dkr4cu3aty2a27kjai4swzebtq posted outside time limit. (get_posts bluesky.py:39)
2026-08-16 03:08:01 [DEBUG]: Post created at: 2026-04-22 14:53:48 (get_posts bluesky.py:33)
2026-08-16 03:08:01 [INFO]: Post bafyreicdui5gpvu6eri4oggsvvgxqb4rb3oy3l2ymmnmffpwz6t3oz2yne posted outside time limit. (get_posts bluesky.py:39)
2026-08-16 03:08:01 [DEBUG]: Post created at: 2026-04-15 13:40:00 (get_posts bluesky.py:33)
2026-08-16 03:08:01 [INFO]: Post bafyreidshdytdhy7f6q3a5yuchedy53verbugnulbbwvllnxofvzpze4re posted outside time limit. (get_posts bluesky.py:39)
2026-08-16 03:08:01 [DEBUG]: Post created at: 2026-04-13 16:38:02 (get_posts bluesky.py:33)
2026-08-16 03:08:01 [INFO]: Post bafyreiauh7o5v67ac256ngxkoqkqnio2e2kmdzdzzqt6vxq32td7gatkmy posted outside time limit. (get_posts bluesky.py:39)
2026-08-16 03:08:01 [DEBUG]: Post created at: 2026-04-10 13:14:36 (get_posts bluesky.py:33)
2026-08-16 03:08:01 [INFO]: Post bafyreifrh7fshwfax4ntkkzh4kal7hstv46kgxa4qlogxu7z7gjxr3ppgu posted outside time limit. (get_posts bluesky.py:39)
2026-08-16 03:08:01 [DEBUG]: Post created at: 2026-04-01 14:22:07 (get_posts bluesky.py:33)
2026-08-16 03:08:01 [INFO]: Post bafyreih2ht6th7xmwvmptcmfdfr5cbdgeavpps6jqyt6xysm37j34w6rge posted outside time limit. (get_posts bluesky.py:39)
2026-08-16 03:08:01 [DEBUG]: Post created at: 2026-03-26 14:42:37 (get_posts bluesky.py:33)
2026-08-16 03:08:01 [INFO]: Post bafyreicfxh453sypukedfr6mfj76tr6uz3osxwb3jfv5ywwecuvhbf267u posted outside time limit. (get_posts bluesky.py:39)
2026-08-16 03:08:01 [DEBUG]: Post created at: 2026-03-26 13:54:10 (get_posts bluesky.py:33)
2026-08-16 03:08:01 [INFO]: Post bafyreifuq22kydpi7ctnxtvy6zww2yzomvsrhq6x2dleqjas62m3p5zo3m posted outside time limit. (get_posts bluesky.py:39)
2026-08-16 03:08:01 [DEBUG]: Post created at: 2026-03-24 22:10:18 (get_posts bluesky.py:33)
2026-08-16 03:08:01 [INFO]: Post bafyreigv5zvvt4yc5xsxkjjliryumxazef75ib5hsmnhtibcncwxoxvnfm posted outside time limit. (get_posts bluesky.py:39)
2026-08-16 03:08:01 [DEBUG]: Post created at: 2026-03-19 14:44:04 (get_posts bluesky.py:33)
2026-08-16 03:08:01 [INFO]: Post bafyreif2f6qv2mgg6cd7amog5rhlfce6br7a6jwoygh7j5szpujkxbw7lq posted outside time limit. (get_posts bluesky.py:39)
2026-08-16 03:08:01 [DEBUG]: Post created at: 2026-03-11 15:06:56 (get_posts bluesky.py:33)
2026-08-16 03:08:01 [INFO]: Post bafyreicdvogziwifeeulpxdanjzw2hhz2x563zmhsulsol6cc2g4awgdzm posted outside time limit. (get_posts bluesky.py:39)
2026-08-16 03:08:01 [DEBUG]: Post created at: 2026-03-10 13:42:44 (get_posts bluesky.py:33)
2026-08-16 03:08:01 [INFO]: Post bafyreievqd6tqe2jmv27cfpq5qfipsop37wgy5tmnrxcgj5pg6c73ziqhe posted outside time limit. (get_posts bluesky.py:39)
2026-08-16 03:08:01 [DEBUG]: Post created at: 2026-02-27 13:14:55 (get_posts bluesky.py:33)
2026-08-16 03:08:01 [INFO]: Post bafyreihnhuuasms57pqkf7igt3c76hf6yngh75wdqpi2zsjqkyv33mn45e posted outside time limit. (get_posts bluesky.py:39)
2026-08-16 03:08:01 [DEBUG]: Post created at: 2026-02-24 16:23:10 (get_posts bluesky.py:33)
2026-08-16 03:08:01 [INFO]: Post bafyreide2tzdyz3qhqvp6dvacl4lo2xhv6sr6gx3jq6ogve525scwql7mi posted outside time limit. (get_posts bluesky.py:39)
2026-08-16 03:08:01 [DEBUG]: Post created at: 2026-02-18 15:42:15 (get_posts bluesky.py:33)
2026-08-16 03:08:01 [INFO]: Post bafyreierb4dlpinmyb7vig7fxqcvt3jgwebafz4bjndrkfzydb5hago4py posted outside time limit. (get_posts bluesky.py:39)
2026-08-16 03:08:01 [DEBUG]: Post created at: 2026-02-13 13:50:14 (get_posts bluesky.py:33)
2026-08-16 03:08:01 [INFO]: Post bafyreiaig2my7kiizjlekleu7edp5chbzu4tonydswkd7j4xawrrklnpea posted outside time limit. (get_posts bluesky.py:39)
2026-08-16 03:08:01 [DEBUG]: Post created at: 2026-02-11 15:17:23 (get_posts bluesky.py:33)
2026-08-16 03:08:01 [INFO]: Post bafyreiaggywu7xfcr3hdbey7tqklccqal2ixepuh6oxtqkyabjhrfpey5y posted outside time limit. (get_posts bluesky.py:39)
2026-08-16 03:08:01 [DEBUG]: Post created at: 2026-02-09 20:47:56 (get_posts bluesky.py:33)
2026-08-16 03:08:01 [INFO]: Post bafyreiegxryprnsav7l5m2duvjrdpuxmd62pglm6dfhladwumo6hb7n73m posted outside time limit. (get_posts bluesky.py:39)
2026-08-16 03:08:01 [DEBUG]: Post created at: 2026-02-04 21:31:32 (get_posts bluesky.py:33)
2026-08-16 03:08:01 [INFO]: Post bafyreiauk2lyeyl7tomeltjaadmgz4auvla2j6itigb2wsu6n52sqbwndu posted outside time limit. (get_posts bluesky.py:39)
2026-08-16 03:08:01 [DEBUG]: Post created at: 2026-02-03 15:53:41 (get_posts bluesky.py:33)
2026-08-16 03:08:01 [INFO]: Post bafyreidbfzjy6zmupb6yp2zrp77ulb7ejvdfu2lawhjkdhg7ekkfoyfzke posted outside time limit. (get_posts bluesky.py:39)
2026-08-16 03:08:01 [DEBUG]: Post created at: 2026-02-02 14:12:40 (get_posts bluesky.py:33)
2026-08-16 03:08:01 [INFO]: Post bafyreibs77nvnmgxegsi2a3q34gvw6gvtffjrta3mgvjmmxq6dagrlaprq posted outside time limit. (get_posts bluesky.py:39)
2026-08-16 03:08:01 [DEBUG]: Post created at: 2026-01-31 17:16:33 (get_posts bluesky.py:33)
2026-08-16 03:08:01 [INFO]: Post bafyreidu7qm22ionzyatpqfiuqfyiio3royiaf4beodokuiwns6f6cl53i posted outside time limit. (get_posts bluesky.py:39)
2026-08-16 03:08:01 [DEBUG]: Post created at: 2026-01-28 13:09:15 (get_posts bluesky.py:33)
2026-08-16 03:08:01 [INFO]: Post bafyreiagqnn3nlo5ftumr3kbsm6zji76ga24ki2373uhb3xxl4o6orajka posted outside time limit. (get_posts bluesky.py:39)
2026-08-16 03:08:01 [DEBUG]: Post created at: 2026-01-27 12:33:02 (get_posts bluesky.py:33)
2026-08-16 03:08:01 [INFO]: Post bafyreifuscbokcel27xngzhkrzopzkb632pmpljpmmbbure5jn5hevtsgq posted outside time limit. (get_posts bluesky.py:39)
2026-08-16 03:08:01 [DEBUG]: Post created at: 2026-01-22 14:21:10 (get_posts bluesky.py:33)
2026-08-16 03:08:01 [INFO]: Post bafyreiagapzgbtv5j2rsn573qr7o7kz73t74l7ypk2eyfahtf6sc5fdjsi posted outside time limit. (get_posts bluesky.py:39)
2026-08-16 03:08:01 [DEBUG]: Post created at: 2026-01-21 13:15:06 (get_posts bluesky.py:33)
2026-08-16 03:08:01 [INFO]: Post bafyreie6wukbdijlqzvjkk4ifh26mdphsaajw26hlqdkohpqcwhuvinmyq posted outside time limit. (get_posts bluesky.py:39)
2026-08-16 03:08:01 [DEBUG]: Post created at: 2026-01-16 16:05:12 (get_posts bluesky.py:33)
2026-08-16 03:08:01 [INFO]: Post bafyreicxzwxqthabj7pnlubsgptgkrsy3x7oxqkp3xahy6tv4gg5yqf2ju posted outside time limit. (get_posts bluesky.py:39)
2026-08-16 03:08:01 [DEBUG]: Post created at: 2026-01-12 13:15:19 (get_posts bluesky.py:33)
2026-08-16 03:08:01 [INFO]: Post bafyreibdn3xxyolwdpeqkewnnprrra2cgk5kbcxcbxywh4lkz3ulcilrqi posted outside time limit. (get_posts bluesky.py:39)
2026-08-16 03:08:01 [DEBUG]: Post created at: 2026-01-08 13:18:56 (get_posts bluesky.py:33)
2026-08-16 03:08:01 [INFO]: Post bafyreietgnh4gc7s4leq7bvqmrgmvznpshszycyy34rd4rnwavw5oghegy posted outside time limit. (get_posts bluesky.py:39)
2026-08-16 03:08:01 [DEBUG]: Post created at: 2025-12-29 13:08:03 (get_posts bluesky.py:33)
2026-08-16 03:08:01 [INFO]: Post bafyreid4dehmzir4jnany3gopw2xqocuxvcrs5fgjysjvzdyqst6gdaqdm posted outside time limit. (get_posts bluesky.py:39)
2026-08-16 03:08:01 [DEBUG]: Post created at: 2025-12-22 21:05:43 (get_posts bluesky.py:33)
2026-08-16 03:08:01 [INFO]: Post bafyreia4ptmpu6bn3etyypkc6dq3zupd4ryvt4ajc4gtsoig22py7c556m posted outside time limit. (get_posts bluesky.py:39)
2026-08-16 03:08:01 [WARNING]: No posts found from input. (get_posts fetch.py:18)
2026-08-16 04:43:15 [INFO]: Reading local database (read_db_file db.py:36)
2026-08-16 04:43:15 [INFO]: Reading cache of recent posts. (read_cache db.py:159)
2026-08-16 04:43:15 [DEBUG]: Cache: {} (read_cache db.py:179)
2026-08-16 04:43:15 [DEBUG]: Deleted: [] (read_cache db.py:180)
2026-08-16 04:43:15 [INFO]: Connecting to Bluesky: None. (bsky_connect connections.py:58)
2026-08-16 04:43:15 [INFO]: Reading session cache (session_cache_read connections.py:111)
2026-08-16 04:43:15 [INFO]: Connecting to Bluesky using saved session. (bsky_connect connections.py:66)
2026-08-16 04:43:15 [INFO]: Session changed: (on_session_change connections.py:104)
2026-08-16 04:43:15 [INFO]: Session changed: (on_session_change connections.py:104)
2026-08-16 04:43:15 [INFO]: Saving changed session (on_session_change connections.py:106)
2026-08-16 04:43:15 [INFO]: Saving session cache (session_cache_write connections.py:120)
2026-08-16 04:43:15 [INFO]: Successfully logged in to Bluesky using saved session. (bsky_connect connections.py:68)
2026-08-16 04:43:15 [INFO]: Saving session cache (session_cache_write connections.py:120)
2026-08-16 04:43:15 [INFO]: Gathering posts from Bluesky (get_posts bluesky.py:18)
2026-08-16 04:43:16 [DEBUG]: Post created at: 2026-08-11 18:33:44 (get_posts bluesky.py:33)
2026-08-16 04:43:16 [INFO]: Post bafyreif6z4mshhjzw7nskbqsktlhq7d5i6vyhy2jxtmu3t2zgw4m2fhavq posted outside time limit. (get_posts bluesky.py:39)
2026-08-16 04:43:16 [DEBUG]: Post created at: 2026-08-06 12:27:25 (get_posts bluesky.py:33)
2026-08-16 04:43:16 [INFO]: Post bafyreibx2vnv3hheqm2susm6rhiultlk6eaptkwbnjmhajzicwe22gfbjm posted outside time limit. (get_posts bluesky.py:39)
2026-08-16 04:43:16 [DEBUG]: Post created at: 2026-08-05 13:39:02 (get_posts bluesky.py:33)
2026-08-16 04:43:16 [INFO]: Post bafyreihtizm7ymakkbho3vywrcve77otdl2txadgxgoyrni5hseaisrszy posted outside time limit. (get_posts bluesky.py:39)
2026-08-16 04:43:16 [DEBUG]: Post created at: 2026-07-23 15:16:51 (get_posts bluesky.py:33)
2026-08-16 04:43:16 [INFO]: Post bafyreif6f2ek3doxuknizkn2jatdtqesoby5hz3wipn4vbnlm6aof6titm posted outside time limit. (get_posts bluesky.py:39)
2026-08-16 04:43:16 [DEBUG]: Post created at: 2026-07-22 15:15:36 (get_posts bluesky.py:33)
2026-08-16 04:43:16 [INFO]: Post bafyreigbxvo544aahrqrrukb3i2h6nnnjv73bddkd5gewt73b2fqovobui posted outside time limit. (get_posts bluesky.py:39)
2026-08-16 04:43:16 [DEBUG]: Post created at: 2026-07-20 12:33:32 (get_posts bluesky.py:33)
2026-08-16 04:43:16 [INFO]: Post bafyreibrtm3v3ucg73br5shdear4zmw4w5f33w5q2ulxbcrf4suakyhmpq posted outside time limit. (get_posts bluesky.py:39)
2026-08-16 04:43:16 [DEBUG]: Post created at: 2026-07-17 11:35:56 (get_posts bluesky.py:33)
2026-08-16 04:43:16 [INFO]: Post bafyreidtxvowahst6h6tvquj5g3uo26gjcgmkvggwg3e44pchoyq4unb4i posted outside time limit. (get_posts bluesky.py:39)
2026-08-16 04:43:16 [DEBUG]: Post created at: 2026-07-06 14:05:46 (get_posts bluesky.py:33)
2026-08-16 04:43:16 [INFO]: Post bafyreiblrulfzvgmmsltp3nywyhksmj4dr257fkhuhoquhhh4vkwr4zzsu posted outside time limit. (get_posts bluesky.py:39)
2026-08-16 04:43:16 [DEBUG]: Post created at: 2026-06-30 16:37:16 (get_posts bluesky.py:33)
2026-08-16 04:43:16 [INFO]: Post bafyreib46tjmeeqwcvj6wiw75b24fza7oug4heiy2ciuww366uibqrqsbe posted outside time limit. (get_posts bluesky.py:39)
2026-08-16 04:43:16 [DEBUG]: Post created at: 2026-06-24 11:17:45 (get_posts bluesky.py:33)
2026-08-16 04:43:16 [INFO]: Post bafyreidt2ygeayems7i7paeb24ig5l2v7lcmtfhrdi4uhrxfjm4thubecq posted outside time limit. (get_posts bluesky.py:39)
2026-08-16 04:43:16 [DEBUG]: Post created at: 2026-06-17 13:46:03 (get_posts bluesky.py:33)
2026-08-16 04:43:16 [INFO]: Post bafyreieekpu7ys5y3dujnzaoq62fikjxndci6yr6qzasdfictup376i3lq posted outside time limit. (get_posts bluesky.py:39)
2026-08-16 04:43:16 [DEBUG]: Post created at: 2026-06-02 18:05:16 (get_posts bluesky.py:33)
2026-08-16 04:43:16 [INFO]: Post bafyreibwhlbkkwktshb56dytljna7wlvy45dkdd7vqawv5xpvqd3btb5tu posted outside time limit. (get_posts bluesky.py:39)
2026-08-16 04:43:16 [DEBUG]: Post created at: 2026-05-28 12:42:25 (get_posts bluesky.py:33)
2026-08-16 04:43:16 [INFO]: Post bafyreigew3jv7boj7icxdil3sho3r5u6qnvgmiwkfvx5yszmyzbwuz7pwu posted outside time limit. (get_posts bluesky.py:39)
2026-08-16 04:43:16 [DEBUG]: Post created at: 2026-05-27 18:13:32 (get_posts bluesky.py:33)
2026-08-16 04:43:16 [INFO]: Post bafyreicomu6cn7rxnkk4gmfp235wbntlseyony4hstbw3m5ipnxjqzma54 posted outside time limit. (get_posts bluesky.py:39)
2026-08-16 04:43:16 [DEBUG]: Post created at: 2026-05-21 16:52:19 (get_posts bluesky.py:33)
2026-08-16 04:43:16 [INFO]: Post bafyreifgxpvh535rsbgturdrvuix3yrkwwzdxxfvmcif3tgn5ae46i25ca posted outside time limit. (get_posts bluesky.py:39)
2026-08-16 04:43:16 [DEBUG]: Post created at: 2026-05-18 11:38:35 (get_posts bluesky.py:33)
2026-08-16 04:43:16 [INFO]: Post bafyreif3vacnffmfmavpf7x2gwtddexvcrqmcetogbnzbca52sfygsnl3i posted outside time limit. (get_posts bluesky.py:39)
2026-08-16 04:43:16 [DEBUG]: Post created at: 2026-05-12 12:15:04 (get_posts bluesky.py:33)
2026-08-16 04:43:16 [INFO]: Post bafyreigir5vldhynmmhee7b5scolawrc2twgukmpbfvlrc66aqji4vlbbu posted outside time limit. (get_posts bluesky.py:39)
2026-08-16 04:43:16 [DEBUG]: Post created at: 2026-05-07 13:44:19 (get_posts bluesky.py:33)
2026-08-16 04:43:16 [INFO]: Post bafyreibmmqchdd5ocewgcdwj2zawtqsn5jlx7jumuqdij7nn6f77t3tpri posted outside time limit. (get_posts bluesky.py:39)
2026-08-16 04:43:16 [DEBUG]: Post created at: 2026-05-04 12:46:03 (get_posts bluesky.py:33)
2026-08-16 04:43:16 [INFO]: Post bafyreicpdt7qhotsxspx6lo4xl5rwzxeeanscduabrvruycpppoonyz6tm posted outside time limit. (get_posts bluesky.py:39)
2026-08-16 04:43:16 [DEBUG]: Post created at: 2026-04-30 14:02:43 (get_posts bluesky.py:33)
2026-08-16 04:43:16 [INFO]: Post bafyreie2qsbv7gjgphjshteqeuzf4pe2dkr4cu3aty2a27kjai4swzebtq posted outside time limit. (get_posts bluesky.py:39)
2026-08-16 04:43:16 [DEBUG]: Post created at: 2026-04-22 14:53:48 (get_posts bluesky.py:33)
2026-08-16 04:43:16 [INFO]: Post bafyreicdui5gpvu6eri4oggsvvgxqb4rb3oy3l2ymmnmffpwz6t3oz2yne posted outside time limit. (get_posts bluesky.py:39)
2026-08-16 04:43:16 [DEBUG]: Post created at: 2026-04-15 13:40:00 (get_posts bluesky.py:33)
2026-08-16 04:43:16 [INFO]: Post bafyreidshdytdhy7f6q3a5yuchedy53verbugnulbbwvllnxofvzpze4re posted outside time limit. (get_posts bluesky.py:39)
2026-08-16 04:43:16 [DEBUG]: Post created at: 2026-04-13 16:38:02 (get_posts bluesky.py:33)
2026-08-16 04:43:16 [INFO]: Post bafyreiauh7o5v67ac256ngxkoqkqnio2e2kmdzdzzqt6vxq32td7gatkmy posted outside time limit. (get_posts bluesky.py:39)
2026-08-16 04:43:16 [DEBUG]: Post created at: 2026-04-10 13:14:36 (get_posts bluesky.py:33)
2026-08-16 04:43:16 [INFO]: Post bafyreifrh7fshwfax4ntkkzh4kal7hstv46kgxa4qlogxu7z7gjxr3ppgu posted outside time limit. (get_posts bluesky.py:39)
2026-08-16 04:43:16 [DEBUG]: Post created at: 2026-04-01 14:22:07 (get_posts bluesky.py:33)
2026-08-16 04:43:16 [INFO]: Post bafyreih2ht6th7xmwvmptcmfdfr5cbdgeavpps6jqyt6xysm37j34w6rge posted outside time limit. (get_posts bluesky.py:39)
2026-08-16 04:43:16 [DEBUG]: Post created at: 2026-03-26 14:42:37 (get_posts bluesky.py:33)
2026-08-16 04:43:16 [INFO]: Post bafyreicfxh453sypukedfr6mfj76tr6uz3osxwb3jfv5ywwecuvhbf267u posted outside time limit. (get_posts bluesky.py:39)
2026-08-16 04:43:16 [DEBUG]: Post created at: 2026-03-26 13:54:10 (get_posts bluesky.py:33)
2026-08-16 04:43:16 [INFO]: Post bafyreifuq22kydpi7ctnxtvy6zww2yzomvsrhq6x2dleqjas62m3p5zo3m posted outside time limit. (get_posts bluesky.py:39)
2026-08-16 04:43:16 [DEBUG]: Post created at: 2026-03-24 22:10:18 (get_posts bluesky.py:33)
2026-08-16 04:43:16 [INFO]: Post bafyreigv5zvvt4yc5xsxkjjliryumxazef75ib5hsmnhtibcncwxoxvnfm posted outside time limit. (get_posts bluesky.py:39)
2026-08-16 04:43:16 [DEBUG]: Post created at: 2026-03-19 14:44:04 (get_posts bluesky.py:33)
2026-08-16 04:43:16 [INFO]: Post bafyreif2f6qv2mgg6cd7amog5rhlfce6br7a6jwoygh7j5szpujkxbw7lq posted outside time limit. (get_posts bluesky.py:39)
2026-08-16 04:43:16 [DEBUG]: Post created at: 2026-03-11 15:06:56 (get_posts bluesky.py:33)
2026-08-16 04:43:16 [INFO]: Post bafyreicdvogziwifeeulpxdanjzw2hhz2x563zmhsulsol6cc2g4awgdzm posted outside time limit. (get_posts bluesky.py:39)
2026-08-16 04:43:16 [DEBUG]: Post created at: 2026-03-10 13:42:44 (get_posts bluesky.py:33)
2026-08-16 04:43:16 [INFO]: Post bafyreievqd6tqe2jmv27cfpq5qfipsop37wgy5tmnrxcgj5pg6c73ziqhe posted outside time limit. (get_posts bluesky.py:39)
2026-08-16 04:43:16 [DEBUG]: Post created at: 2026-02-27 13:14:55 (get_posts bluesky.py:33)
2026-08-16 04:43:16 [INFO]: Post bafyreihnhuuasms57pqkf7igt3c76hf6yngh75wdqpi2zsjqkyv33mn45e posted outside time limit. (get_posts bluesky.py:39)
2026-08-16 04:43:16 [DEBUG]: Post created at: 2026-02-24 16:23:10 (get_posts bluesky.py:33)
2026-08-16 04:43:16 [INFO]: Post bafyreide2tzdyz3qhqvp6dvacl4lo2xhv6sr6gx3jq6ogve525scwql7mi posted outside time limit. (get_posts bluesky.py:39)
2026-08-16 04:43:16 [DEBUG]: Post created at: 2026-02-18 15:42:15 (get_posts bluesky.py:33)
2026-08-16 04:43:16 [INFO]: Post bafyreierb4dlpinmyb7vig7fxqcvt3jgwebafz4bjndrkfzydb5hago4py posted outside time limit. (get_posts bluesky.py:39)
2026-08-16 04:43:16 [DEBUG]: Post created at: 2026-02-13 13:50:14 (get_posts bluesky.py:33)
2026-08-16 04:43:16 [INFO]: Post bafyreiaig2my7kiizjlekleu7edp5chbzu4tonydswkd7j4xawrrklnpea posted outside time limit. (get_posts bluesky.py:39)
2026-08-16 04:43:16 [DEBUG]: Post created at: 2026-02-11 15:17:23 (get_posts bluesky.py:33)
2026-08-16 04:43:16 [INFO]: Post bafyreiaggywu7xfcr3hdbey7tqklccqal2ixepuh6oxtqkyabjhrfpey5y posted outside time limit. (get_posts bluesky.py:39)
2026-08-16 04:43:16 [DEBUG]: Post created at: 2026-02-09 20:47:56 (get_posts bluesky.py:33)
2026-08-16 04:43:16 [INFO]: Post bafyreiegxryprnsav7l5m2duvjrdpuxmd62pglm6dfhladwumo6hb7n73m posted outside time limit. (get_posts bluesky.py:39)
2026-08-16 04:43:16 [DEBUG]: Post created at: 2026-02-04 21:31:32 (get_posts bluesky.py:33)
2026-08-16 04:43:16 [INFO]: Post bafyreiauk2lyeyl7tomeltjaadmgz4auvla2j6itigb2wsu6n52sqbwndu posted outside time limit. (get_posts bluesky.py:39)
2026-08-16 04:43:16 [DEBUG]: Post created at: 2026-02-03 15:53:41 (get_posts bluesky.py:33)
2026-08-16 04:43:16 [INFO]: Post bafyreidbfzjy6zmupb6yp2zrp77ulb7ejvdfu2lawhjkdhg7ekkfoyfzke posted outside time limit. (get_posts bluesky.py:39)
2026-08-16 04:43:16 [DEBUG]: Post created at: 2026-02-02 14:12:40 (get_posts bluesky.py:33)
2026-08-16 04:43:16 [INFO]: Post bafyreibs77nvnmgxegsi2a3q34gvw6gvtffjrta3mgvjmmxq6dagrlaprq posted outside time limit. (get_posts bluesky.py:39)
2026-08-16 04:43:16 [DEBUG]: Post created at: 2026-01-31 17:16:33 (get_posts bluesky.py:33)
2026-08-16 04:43:16 [INFO]: Post bafyreidu7qm22ionzyatpqfiuqfyiio3royiaf4beodokuiwns6f6cl53i posted outside time limit. (get_posts bluesky.py:39)
2026-08-16 04:43:16 [DEBUG]: Post created at: 2026-01-28 13:09:15 (get_posts bluesky.py:33)
2026-08-16 04:43:16 [INFO]: Post bafyreiagqnn3nlo5ftumr3kbsm6zji76ga24ki2373uhb3xxl4o6orajka posted outside time limit. (get_posts bluesky.py:39)
2026-08-16 04:43:16 [DEBUG]: Post created at: 2026-01-27 12:33:02 (get_posts bluesky.py:33)
2026-08-16 04:43:16 [INFO]: Post bafyreifuscbokcel27xngzhkrzopzkb632pmpljpmmbbure5jn5hevtsgq posted outside time limit. (get_posts bluesky.py:39)
2026-08-16 04:43:16 [DEBUG]: Post created at: 2026-01-22 14:21:10 (get_posts bluesky.py:33)
2026-08-16 04:43:16 [INFO]: Post bafyreiagapzgbtv5j2rsn573qr7o7kz73t74l7ypk2eyfahtf6sc5fdjsi posted outside time limit. (get_posts bluesky.py:39)
2026-08-16 04:43:16 [DEBUG]: Post created at: 2026-01-21 13:15:06 (get_posts bluesky.py:33)
2026-08-16 04:43:16 [INFO]: Post bafyreie6wukbdijlqzvjkk4ifh26mdphsaajw26hlqdkohpqcwhuvinmyq posted outside time limit. (get_posts bluesky.py:39)
2026-08-16 04:43:16 [DEBUG]: Post created at: 2026-01-16 16:05:12 (get_posts bluesky.py:33)
2026-08-16 04:43:16 [INFO]: Post bafyreicxzwxqthabj7pnlubsgptgkrsy3x7oxqkp3xahy6tv4gg5yqf2ju posted outside time limit. (get_posts bluesky.py:39)
2026-08-16 04:43:16 [DEBUG]: Post created at: 2026-01-12 13:15:19 (get_posts bluesky.py:33)
2026-08-16 04:43:16 [INFO]: Post bafyreibdn3xxyolwdpeqkewnnprrra2cgk5kbcxcbxywh4lkz3ulcilrqi posted outside time limit. (get_posts bluesky.py:39)
2026-08-16 04:43:16 [DEBUG]: Post created at: 2026-01-08 13:18:56 (get_posts bluesky.py:33)
2026-08-16 04:43:16 [INFO]: Post bafyreietgnh4gc7s4leq7bvqmrgmvznpshszycyy34rd4rnwavw5oghegy posted outside time limit. (get_posts bluesky.py:39)
2026-08-16 04:43:16 [DEBUG]: Post created at: 2025-12-29 13:08:03 (get_posts bluesky.py:33)
2026-08-16 04:43:16 [INFO]: Post bafyreid4dehmzir4jnany3gopw2xqocuxvcrs5fgjysjvzdyqst6gdaqdm posted outside time limit. (get_posts bluesky.py:39)
2026-08-16 04:43:16 [DEBUG]: Post created at: 2025-12-22 21:05:43 (get_posts bluesky.py:33)
2026-08-16 04:43:16 [INFO]: Post bafyreia4ptmpu6bn3etyypkc6dq3zupd4ryvt4ajc4gtsoig22py7c556m posted outside time limit. (get_posts bluesky.py:39)
2026-08-16 04:43:16 [WARNING]: No posts found from input. (get_posts fetch.py:18)
2026-08-16 06:52:42 [INFO]: Reading local database (read_db_file db.py:36)
2026-08-16 06:52:42 [INFO]: Reading cache of recent posts. (read_cache db.py:159)
2026-08-16 06:52:42 [DEBUG]: Cache: {} (read_cache db.py:179)
2026-08-16 06:52:42 [DEBUG]: Deleted: [] (read_cache db.py:180)
2026-08-16 06:52:42 [INFO]: Connecting to Bluesky: None. (bsky_connect connections.py:58)
2026-08-16 06:52:42 [INFO]: Reading session cache (session_cache_read connections.py:111)
2026-08-16 06:52:42 [INFO]: Connecting to Bluesky using saved session. (bsky_connect connections.py:66)
2026-08-16 06:52:42 [INFO]: Session changed: (on_session_change connections.py:104)
2026-08-16 06:52:42 [INFO]: Session changed: (on_session_change connections.py:104)
2026-08-16 06:52:42 [INFO]: Saving changed session (on_session_change connections.py:106)
2026-08-16 06:52:42 [INFO]: Saving session cache (session_cache_write connections.py:120)
2026-08-16 06:52:42 [INFO]: Successfully logged in to Bluesky using saved session. (bsky_connect connections.py:68)
2026-08-16 06:52:42 [INFO]: Saving session cache (session_cache_write connections.py:120)
2026-08-16 06:52:42 [INFO]: Gathering posts from Bluesky (get_posts bluesky.py:18)
2026-08-16 06:52:42 [DEBUG]: Post created at: 2026-08-11 18:33:44 (get_posts bluesky.py:33)
2026-08-16 06:52:42 [INFO]: Post bafyreif6z4mshhjzw7nskbqsktlhq7d5i6vyhy2jxtmu3t2zgw4m2fhavq posted outside time limit. (get_posts bluesky.py:39)
2026-08-16 06:52:42 [DEBUG]: Post created at: 2026-08-06 12:27:25 (get_posts bluesky.py:33)
2026-08-16 06:52:42 [INFO]: Post bafyreibx2vnv3hheqm2susm6rhiultlk6eaptkwbnjmhajzicwe22gfbjm posted outside time limit. (get_posts bluesky.py:39)
2026-08-16 06:52:42 [DEBUG]: Post created at: 2026-08-05 13:39:02 (get_posts bluesky.py:33)
2026-08-16 06:52:42 [INFO]: Post bafyreihtizm7ymakkbho3vywrcve77otdl2txadgxgoyrni5hseaisrszy posted outside time limit. (get_posts bluesky.py:39)
2026-08-16 06:52:42 [DEBUG]: Post created at: 2026-07-23 15:16:51 (get_posts bluesky.py:33)
2026-08-16 06:52:42 [INFO]: Post bafyreif6f2ek3doxuknizkn2jatdtqesoby5hz3wipn4vbnlm6aof6titm posted outside time limit. (get_posts bluesky.py:39)
2026-08-16 06:52:42 [DEBUG]: Post created at: 2026-07-22 15:15:36 (get_posts bluesky.py:33)
2026-08-16 06:52:42 [INFO]: Post bafyreigbxvo544aahrqrrukb3i2h6nnnjv73bddkd5gewt73b2fqovobui posted outside time limit. (get_posts bluesky.py:39)
2026-08-16 06:52:42 [DEBUG]: Post created at: 2026-07-20 12:33:32 (get_posts bluesky.py:33)
2026-08-16 06:52:42 [INFO]: Post bafyreibrtm3v3ucg73br5shdear4zmw4w5f33w5q2ulxbcrf4suakyhmpq posted outside time limit. (get_posts bluesky.py:39)
2026-08-16 06:52:42 [DEBUG]: Post created at: 2026-07-17 11:35:56 (get_posts bluesky.py:33)
2026-08-16 06:52:42 [INFO]: Post bafyreidtxvowahst6h6tvquj5g3uo26gjcgmkvggwg3e44pchoyq4unb4i posted outside time limit. (get_posts bluesky.py:39)
2026-08-16 06:52:42 [DEBUG]: Post created at: 2026-07-06 14:05:46 (get_posts bluesky.py:33)
2026-08-16 06:52:42 [INFO]: Post bafyreiblrulfzvgmmsltp3nywyhksmj4dr257fkhuhoquhhh4vkwr4zzsu posted outside time limit. (get_posts bluesky.py:39)
2026-08-16 06:52:42 [DEBUG]: Post created at: 2026-06-30 16:37:16 (get_posts bluesky.py:33)
2026-08-16 06:52:42 [INFO]: Post bafyreib46tjmeeqwcvj6wiw75b24fza7oug4heiy2ciuww366uibqrqsbe posted outside time limit. (get_posts bluesky.py:39)
2026-08-16 06:52:42 [DEBUG]: Post created at: 2026-06-24 11:17:45 (get_posts bluesky.py:33)
2026-08-16 06:52:42 [INFO]: Post bafyreidt2ygeayems7i7paeb24ig5l2v7lcmtfhrdi4uhrxfjm4thubecq posted outside time limit. (get_posts bluesky.py:39)
2026-08-16 06:52:42 [DEBUG]: Post created at: 2026-06-17 13:46:03 (get_posts bluesky.py:33)
2026-08-16 06:52:42 [INFO]: Post bafyreieekpu7ys5y3dujnzaoq62fikjxndci6yr6qzasdfictup376i3lq posted outside time limit. (get_posts bluesky.py:39)
2026-08-16 06:52:42 [DEBUG]: Post created at: 2026-06-02 18:05:16 (get_posts bluesky.py:33)
2026-08-16 06:52:42 [INFO]: Post bafyreibwhlbkkwktshb56dytljna7wlvy45dkdd7vqawv5xpvqd3btb5tu posted outside time limit. (get_posts bluesky.py:39)
2026-08-16 06:52:42 [DEBUG]: Post created at: 2026-05-28 12:42:25 (get_posts bluesky.py:33)
2026-08-16 06:52:42 [INFO]: Post bafyreigew3jv7boj7icxdil3sho3r5u6qnvgmiwkfvx5yszmyzbwuz7pwu posted outside time limit. (get_posts bluesky.py:39)
2026-08-16 06:52:42 [DEBUG]: Post created at: 2026-05-27 18:13:32 (get_posts bluesky.py:33)
2026-08-16 06:52:42 [INFO]: Post bafyreicomu6cn7rxnkk4gmfp235wbntlseyony4hstbw3m5ipnxjqzma54 posted outside time limit. (get_posts bluesky.py:39)
2026-08-16 06:52:42 [DEBUG]: Post created at: 2026-05-21 16:52:19 (get_posts bluesky.py:33)
2026-08-16 06:52:42 [INFO]: Post bafyreifgxpvh535rsbgturdrvuix3yrkwwzdxxfvmcif3tgn5ae46i25ca posted outside time limit. (get_posts bluesky.py:39)
2026-08-16 06:52:42 [DEBUG]: Post created at: 2026-05-18 11:38:35 (get_posts bluesky.py:33)
2026-08-16 06:52:42 [INFO]: Post bafyreif3vacnffmfmavpf7x2gwtddexvcrqmcetogbnzbca52sfygsnl3i posted outside time limit. (get_posts bluesky.py:39)
2026-08-16 06:52:42 [DEBUG]: Post created at: 2026-05-12 12:15:04 (get_posts bluesky.py:33)
2026-08-16 06:52:42 [INFO]: Post bafyreigir5vldhynmmhee7b5scolawrc2twgukmpbfvlrc66aqji4vlbbu posted outside time limit. (get_posts bluesky.py:39)
2026-08-16 06:52:42 [DEBUG]: Post created at: 2026-05-07 13:44:19 (get_posts bluesky.py:33)
2026-08-16 06:52:42 [INFO]: Post bafyreibmmqchdd5ocewgcdwj2zawtqsn5jlx7jumuqdij7nn6f77t3tpri posted outside time limit. (get_posts bluesky.py:39)
2026-08-16 06:52:42 [DEBUG]: Post created at: 2026-05-04 12:46:03 (get_posts bluesky.py:33)
2026-08-16 06:52:42 [INFO]: Post bafyreicpdt7qhotsxspx6lo4xl5rwzxeeanscduabrvruycpppoonyz6tm posted outside time limit. (get_posts bluesky.py:39)
2026-08-16 06:52:42 [DEBUG]: Post created at: 2026-04-30 14:02:43 (get_posts bluesky.py:33)
2026-08-16 06:52:42 [INFO]: Post bafyreie2qsbv7gjgphjshteqeuzf4pe2dkr4cu3aty2a27kjai4swzebtq posted outside time limit. (get_posts bluesky.py:39)
2026-08-16 06:52:42 [DEBUG]: Post created at: 2026-04-22 14:53:48 (get_posts bluesky.py:33)
2026-08-16 06:52:42 [INFO]: Post bafyreicdui5gpvu6eri4oggsvvgxqb4rb3oy3l2ymmnmffpwz6t3oz2yne posted outside time limit. (get_posts bluesky.py:39)
2026-08-16 06:52:42 [DEBUG]: Post created at: 2026-04-15 13:40:00 (get_posts bluesky.py:33)
2026-08-16 06:52:42 [INFO]: Post bafyreidshdytdhy7f6q3a5yuchedy53verbugnulbbwvllnxofvzpze4re posted outside time limit. (get_posts bluesky.py:39)
2026-08-16 06:52:42 [DEBUG]: Post created at: 2026-04-13 16:38:02 (get_posts bluesky.py:33)
2026-08-16 06:52:42 [INFO]: Post bafyreiauh7o5v67ac256ngxkoqkqnio2e2kmdzdzzqt6vxq32td7gatkmy posted outside time limit. (get_posts bluesky.py:39)
2026-08-16 06:52:42 [DEBUG]: Post created at: 2026-04-10 13:14:36 (get_posts bluesky.py:33)
2026-08-16 06:52:42 [INFO]: Post bafyreifrh7fshwfax4ntkkzh4kal7hstv46kgxa4qlogxu7z7gjxr3ppgu posted outside time limit. (get_posts bluesky.py:39)
2026-08-16 06:52:42 [DEBUG]: Post created at: 2026-04-01 14:22:07 (get_posts bluesky.py:33)
2026-08-16 06:52:42 [INFO]: Post bafyreih2ht6th7xmwvmptcmfdfr5cbdgeavpps6jqyt6xysm37j34w6rge posted outside time limit. (get_posts bluesky.py:39)
2026-08-16 06:52:42 [DEBUG]: Post created at: 2026-03-26 14:42:37 (get_posts bluesky.py:33)
2026-08-16 06:52:42 [INFO]: Post bafyreicfxh453sypukedfr6mfj76tr6uz3osxwb3jfv5ywwecuvhbf267u posted outside time limit. (get_posts bluesky.py:39)
2026-08-16 06:52:42 [DEBUG]: Post created at: 2026-03-26 13:54:10 (get_posts bluesky.py:33)
2026-08-16 06:52:42 [INFO]: Post bafyreifuq22kydpi7ctnxtvy6zww2yzomvsrhq6x2dleqjas62m3p5zo3m posted outside time limit. (get_posts bluesky.py:39)
2026-08-16 06:52:42 [DEBUG]: Post created at: 2026-03-24 22:10:18 (get_posts bluesky.py:33)
2026-08-16 06:52:42 [INFO]: Post bafyreigv5zvvt4yc5xsxkjjliryumxazef75ib5hsmnhtibcncwxoxvnfm posted outside time limit. (get_posts bluesky.py:39)
2026-08-16 06:52:42 [DEBUG]: Post created at: 2026-03-19 14:44:04 (get_posts bluesky.py:33)
2026-08-16 06:52:42 [INFO]: Post bafyreif2f6qv2mgg6cd7amog5rhlfce6br7a6jwoygh7j5szpujkxbw7lq posted outside time limit. (get_posts bluesky.py:39)
2026-08-16 06:52:42 [DEBUG]: Post created at: 2026-03-11 15:06:56 (get_posts bluesky.py:33)
2026-08-16 06:52:42 [INFO]: Post bafyreicdvogziwifeeulpxdanjzw2hhz2x563zmhsulsol6cc2g4awgdzm posted outside time limit. (get_posts bluesky.py:39)
2026-08-16 06:52:42 [DEBUG]: Post created at: 2026-03-10 13:42:44 (get_posts bluesky.py:33)
2026-08-16 06:52:42 [INFO]: Post bafyreievqd6tqe2jmv27cfpq5qfipsop37wgy5tmnrxcgj5pg6c73ziqhe posted outside time limit. (get_posts bluesky.py:39)
2026-08-16 06:52:42 [DEBUG]: Post created at: 2026-02-27 13:14:55 (get_posts bluesky.py:33)
2026-08-16 06:52:42 [INFO]: Post bafyreihnhuuasms57pqkf7igt3c76hf6yngh75wdqpi2zsjqkyv33mn45e posted outside time limit. (get_posts bluesky.py:39)
2026-08-16 06:52:42 [DEBUG]: Post created at: 2026-02-24 16:23:10 (get_posts bluesky.py:33)
2026-08-16 06:52:42 [INFO]: Post bafyreide2tzdyz3qhqvp6dvacl4lo2xhv6sr6gx3jq6ogve525scwql7mi posted outside time limit. (get_posts bluesky.py:39)
2026-08-16 06:52:42 [DEBUG]: Post created at: 2026-02-18 15:42:15 (get_posts bluesky.py:33)
2026-08-16 06:52:42 [INFO]: Post bafyreierb4dlpinmyb7vig7fxqcvt3jgwebafz4bjndrkfzydb5hago4py posted outside time limit. (get_posts bluesky.py:39)
2026-08-16 06:52:42 [DEBUG]: Post created at: 2026-02-13 13:50:14 (get_posts bluesky.py:33)
2026-08-16 06:52:42 [INFO]: Post bafyreiaig2my7kiizjlekleu7edp5chbzu4tonydswkd7j4xawrrklnpea posted outside time limit. (get_posts bluesky.py:39)
2026-08-16 06:52:42 [DEBUG]: Post created at: 2026-02-11 15:17:23 (get_posts bluesky.py:33)
2026-08-16 06:52:42 [INFO]: Post bafyreiaggywu7xfcr3hdbey7tqklccqal2ixepuh6oxtqkyabjhrfpey5y posted outside time limit. (get_posts bluesky.py:39)
2026-08-16 06:52:42 [DEBUG]: Post created at: 2026-02-09 20:47:56 (get_posts bluesky.py:33)
2026-08-16 06:52:42 [INFO]: Post bafyreiegxryprnsav7l5m2duvjrdpuxmd62pglm6dfhladwumo6hb7n73m posted outside time limit. (get_posts bluesky.py:39)
2026-08-16 06:52:42 [DEBUG]: Post created at: 2026-02-04 21:31:32 (get_posts bluesky.py:33)
2026-08-16 06:52:42 [INFO]: Post bafyreiauk2lyeyl7tomeltjaadmgz4auvla2j6itigb2wsu6n52sqbwndu posted outside time limit. (get_posts bluesky.py:39)
2026-08-16 06:52:42 [DEBUG]: Post created at: 2026-02-03 15:53:41 (get_posts bluesky.py:33)
2026-08-16 06:52:42 [INFO]: Post bafyreidbfzjy6zmupb6yp2zrp77ulb7ejvdfu2lawhjkdhg7ekkfoyfzke posted outside time limit. (get_posts bluesky.py:39)
2026-08-16 06:52:42 [DEBUG]: Post created at: 2026-02-02 14:12:40 (get_posts bluesky.py:33)
2026-08-16 06:52:42 [INFO]: Post bafyreibs77nvnmgxegsi2a3q34gvw6gvtffjrta3mgvjmmxq6dagrlaprq posted outside time limit. (get_posts bluesky.py:39)
2026-08-16 06:52:42 [DEBUG]: Post created at: 2026-01-31 17:16:33 (get_posts bluesky.py:33)
2026-08-16 06:52:42 [INFO]: Post bafyreidu7qm22ionzyatpqfiuqfyiio3royiaf4beodokuiwns6f6cl53i posted outside time limit. (get_posts bluesky.py:39)
2026-08-16 06:52:42 [DEBUG]: Post created at: 2026-01-28 13:09:15 (get_posts bluesky.py:33)
2026-08-16 06:52:42 [INFO]: Post bafyreiagqnn3nlo5ftumr3kbsm6zji76ga24ki2373uhb3xxl4o6orajka posted outside time limit. (get_posts bluesky.py:39)
2026-08-16 06:52:42 [DEBUG]: Post created at: 2026-01-27 12:33:02 (get_posts bluesky.py:33)
2026-08-16 06:52:42 [INFO]: Post bafyreifuscbokcel27xngzhkrzopzkb632pmpljpmmbbure5jn5hevtsgq posted outside time limit. (get_posts bluesky.py:39)
2026-08-16 06:52:42 [DEBUG]: Post created at: 2026-01-22 14:21:10 (get_posts bluesky.py:33)
2026-08-16 06:52:42 [INFO]: Post bafyreiagapzgbtv5j2rsn573qr7o7kz73t74l7ypk2eyfahtf6sc5fdjsi posted outside time limit. (get_posts bluesky.py:39)
2026-08-16 06:52:42 [DEBUG]: Post created at: 2026-01-21 13:15:06 (get_posts bluesky.py:33)
2026-08-16 06:52:42 [INFO]: Post bafyreie6wukbdijlqzvjkk4ifh26mdphsaajw26hlqdkohpqcwhuvinmyq posted outside time limit. (get_posts bluesky.py:39)
2026-08-16 06:52:42 [DEBUG]: Post created at: 2026-01-16 16:05:12 (get_posts bluesky.py:33)
2026-08-16 06:52:42 [INFO]: Post bafyreicxzwxqthabj7pnlubsgptgkrsy3x7oxqkp3xahy6tv4gg5yqf2ju posted outside time limit. (get_posts bluesky.py:39)
2026-08-16 06:52:42 [DEBUG]: Post created at: 2026-01-12 13:15:19 (get_posts bluesky.py:33)
2026-08-16 06:52:42 [INFO]: Post bafyreibdn3xxyolwdpeqkewnnprrra2cgk5kbcxcbxywh4lkz3ulcilrqi posted outside time limit. (get_posts bluesky.py:39)
2026-08-16 06:52:42 [DEBUG]: Post created at: 2026-01-08 13:18:56 (get_posts bluesky.py:33)
2026-08-16 06:52:42 [INFO]: Post bafyreietgnh4gc7s4leq7bvqmrgmvznpshszycyy34rd4rnwavw5oghegy posted outside time limit. (get_posts bluesky.py:39)
2026-08-16 06:52:42 [DEBUG]: Post created at: 2025-12-29 13:08:03 (get_posts bluesky.py:33)
2026-08-16 06:52:42 [INFO]: Post bafyreid4dehmzir4jnany3gopw2xqocuxvcrs5fgjysjvzdyqst6gdaqdm posted outside time limit. (get_posts bluesky.py:39)
2026-08-16 06:52:42 [DEBUG]: Post created at: 2025-12-22 21:05:43 (get_posts bluesky.py:33)
2026-08-16 06:52:42 [INFO]: Post bafyreia4ptmpu6bn3etyypkc6dq3zupd4ryvt4ajc4gtsoig22py7c556m posted outside time limit. (get_posts bluesky.py:39)
2026-08-16 06:52:42 [WARNING]: No posts found from input. (get_posts fetch.py:18)
2026-08-16 08:38:46 [INFO]: Reading local database (read_db_file db.py:36)
2026-08-16 08:38:46 [INFO]: Reading cache of recent posts. (read_cache db.py:159)
2026-08-16 08:38:46 [DEBUG]: Cache: {} (read_cache db.py:179)
2026-08-16 08:38:46 [DEBUG]: Deleted: [] (read_cache db.py:180)
2026-08-16 08:38:46 [INFO]: Connecting to Bluesky: None. (bsky_connect connections.py:58)
2026-08-16 08:38:46 [INFO]: Reading session cache (session_cache_read connections.py:111)
2026-08-16 08:38:46 [INFO]: Connecting to Bluesky using saved session. (bsky_connect connections.py:66)
2026-08-16 08:38:46 [INFO]: Session changed: (on_session_change connections.py:104)
2026-08-16 08:38:47 [INFO]: Session changed: (on_session_change connections.py:104)
2026-08-16 08:38:47 [INFO]: Saving changed session (on_session_change connections.py:106)
2026-08-16 08:38:47 [INFO]: Saving session cache (session_cache_write connections.py:120)
2026-08-16 08:38:47 [INFO]: Successfully logged in to Bluesky using saved session. (bsky_connect connections.py:68)
2026-08-16 08:38:47 [INFO]: Saving session cache (session_cache_write connections.py:120)
2026-08-16 08:38:47 [INFO]: Gathering posts from Bluesky (get_posts bluesky.py:18)
2026-08-16 08:38:47 [DEBUG]: Post created at: 2026-08-11 18:33:44 (get_posts bluesky.py:33)
2026-08-16 08:38:47 [INFO]: Post bafyreif6z4mshhjzw7nskbqsktlhq7d5i6vyhy2jxtmu3t2zgw4m2fhavq posted outside time limit. (get_posts bluesky.py:39)
2026-08-16 08:38:47 [DEBUG]: Post created at: 2026-08-06 12:27:25 (get_posts bluesky.py:33)
2026-08-16 08:38:47 [INFO]: Post bafyreibx2vnv3hheqm2susm6rhiultlk6eaptkwbnjmhajzicwe22gfbjm posted outside time limit. (get_posts bluesky.py:39)
2026-08-16 08:38:47 [DEBUG]: Post created at: 2026-08-05 13:39:02 (get_posts bluesky.py:33)
2026-08-16 08:38:47 [INFO]: Post bafyreihtizm7ymakkbho3vywrcve77otdl2txadgxgoyrni5hseaisrszy posted outside time limit. (get_posts bluesky.py:39)
2026-08-16 08:38:47 [DEBUG]: Post created at: 2026-07-23 15:16:51 (get_posts bluesky.py:33)
2026-08-16 08:38:47 [INFO]: Post bafyreif6f2ek3doxuknizkn2jatdtqesoby5hz3wipn4vbnlm6aof6titm posted outside time limit. (get_posts bluesky.py:39)
2026-08-16 08:38:47 [DEBUG]: Post created at: 2026-07-22 15:15:36 (get_posts bluesky.py:33)
2026-08-16 08:38:47 [INFO]: Post bafyreigbxvo544aahrqrrukb3i2h6nnnjv73bddkd5gewt73b2fqovobui posted outside time limit. (get_posts bluesky.py:39)
2026-08-16 08:38:47 [DEBUG]: Post created at: 2026-07-20 12:33:32 (get_posts bluesky.py:33)
2026-08-16 08:38:47 [INFO]: Post bafyreibrtm3v3ucg73br5shdear4zmw4w5f33w5q2ulxbcrf4suakyhmpq posted outside time limit. (get_posts bluesky.py:39)
2026-08-16 08:38:47 [DEBUG]: Post created at: 2026-07-17 11:35:56 (get_posts bluesky.py:33)
2026-08-16 08:38:47 [INFO]: Post bafyreidtxvowahst6h6tvquj5g3uo26gjcgmkvggwg3e44pchoyq4unb4i posted outside time limit. (get_posts bluesky.py:39)
2026-08-16 08:38:47 [DEBUG]: Post created at: 2026-07-06 14:05:46 (get_posts bluesky.py:33)
2026-08-16 08:38:47 [INFO]: Post bafyreiblrulfzvgmmsltp3nywyhksmj4dr257fkhuhoquhhh4vkwr4zzsu posted outside time limit. (get_posts bluesky.py:39)
2026-08-16 08:38:47 [DEBUG]: Post created at: 2026-06-30 16:37:16 (get_posts bluesky.py:33)
2026-08-16 08:38:47 [INFO]: Post bafyreib46tjmeeqwcvj6wiw75b24fza7oug4heiy2ciuww366uibqrqsbe posted outside time limit. (get_posts bluesky.py:39)
2026-08-16 08:38:47 [DEBUG]: Post created at: 2026-06-24 11:17:45 (get_posts bluesky.py:33)
2026-08-16 08:38:47 [INFO]: Post bafyreidt2ygeayems7i7paeb24ig5l2v7lcmtfhrdi4uhrxfjm4thubecq posted outside time limit. (get_posts bluesky.py:39)
2026-08-16 08:38:47 [DEBUG]: Post created at: 2026-06-17 13:46:03 (get_posts bluesky.py:33)
2026-08-16 08:38:47 [INFO]: Post bafyreieekpu7ys5y3dujnzaoq62fikjxndci6yr6qzasdfictup376i3lq posted outside time limit. (get_posts bluesky.py:39)
2026-08-16 08:38:47 [DEBUG]: Post created at: 2026-06-02 18:05:16 (get_posts bluesky.py:33)
2026-08-16 08:38:47 [INFO]: Post bafyreibwhlbkkwktshb56dytljna7wlvy45dkdd7vqawv5xpvqd3btb5tu posted outside time limit. (get_posts bluesky.py:39)
2026-08-16 08:38:47 [DEBUG]: Post created at: 2026-05-28 12:42:25 (get_posts bluesky.py:33)
2026-08-16 08:38:47 [INFO]: Post bafyreigew3jv7boj7icxdil3sho3r5u6qnvgmiwkfvx5yszmyzbwuz7pwu posted outside time limit. (get_posts bluesky.py:39)
2026-08-16 08:38:47 [DEBUG]: Post created at: 2026-05-27 18:13:32 (get_posts bluesky.py:33)
2026-08-16 08:38:47 [INFO]: Post bafyreicomu6cn7rxnkk4gmfp235wbntlseyony4hstbw3m5ipnxjqzma54 posted outside time limit. (get_posts bluesky.py:39)
2026-08-16 08:38:47 [DEBUG]: Post created at: 2026-05-21 16:52:19 (get_posts bluesky.py:33)
2026-08-16 08:38:47 [INFO]: Post bafyreifgxpvh535rsbgturdrvuix3yrkwwzdxxfvmcif3tgn5ae46i25ca posted outside time limit. (get_posts bluesky.py:39)
2026-08-16 08:38:47 [DEBUG]: Post created at: 2026-05-18 11:38:35 (get_posts bluesky.py:33)
2026-08-16 08:38:47 [INFO]: Post bafyreif3vacnffmfmavpf7x2gwtddexvcrqmcetogbnzbca52sfygsnl3i posted outside time limit. (get_posts bluesky.py:39)
2026-08-16 08:38:47 [DEBUG]: Post created at: 2026-05-12 12:15:04 (get_posts bluesky.py:33)
2026-08-16 08:38:47 [INFO]: Post bafyreigir5vldhynmmhee7b5scolawrc2twgukmpbfvlrc66aqji4vlbbu posted outside time limit. (get_posts bluesky.py:39)
2026-08-16 08:38:47 [DEBUG]: Post created at: 2026-05-07 13:44:19 (get_posts bluesky.py:33)
2026-08-16 08:38:47 [INFO]: Post bafyreibmmqchdd5ocewgcdwj2zawtqsn5jlx7jumuqdij7nn6f77t3tpri posted outside time limit. (get_posts bluesky.py:39)
2026-08-16 08:38:47 [DEBUG]: Post created at: 2026-05-04 12:46:03 (get_posts bluesky.py:33)
2026-08-16 08:38:47 [INFO]: Post bafyreicpdt7qhotsxspx6lo4xl5rwzxeeanscduabrvruycpppoonyz6tm posted outside time limit. (get_posts bluesky.py:39)
2026-08-16 08:38:47 [DEBUG]: Post created at: 2026-04-30 14:02:43 (get_posts bluesky.py:33)
2026-08-16 08:38:47 [INFO]: Post bafyreie2qsbv7gjgphjshteqeuzf4pe2dkr4cu3aty2a27kjai4swzebtq posted outside time limit. (get_posts bluesky.py:39)
2026-08-16 08:38:47 [DEBUG]: Post created at: 2026-04-22 14:53:48 (get_posts bluesky.py:33)
2026-08-16 08:38:47 [INFO]: Post bafyreicdui5gpvu6eri4oggsvvgxqb4rb3oy3l2ymmnmffpwz6t3oz2yne posted outside time limit. (get_posts bluesky.py:39)
2026-08-16 08:38:47 [DEBUG]: Post created at: 2026-04-15 13:40:00 (get_posts bluesky.py:33)
2026-08-16 08:38:47 [INFO]: Post bafyreidshdytdhy7f6q3a5yuchedy53verbugnulbbwvllnxofvzpze4re posted outside time limit. (get_posts bluesky.py:39)
2026-08-16 08:38:47 [DEBUG]: Post created at: 2026-04-13 16:38:02 (get_posts bluesky.py:33)
2026-08-16 08:38:47 [INFO]: Post bafyreiauh7o5v67ac256ngxkoqkqnio2e2kmdzdzzqt6vxq32td7gatkmy posted outside time limit. (get_posts bluesky.py:39)
2026-08-16 08:38:47 [DEBUG]: Post created at: 2026-04-10 13:14:36 (get_posts bluesky.py:33)
2026-08-16 08:38:47 [INFO]: Post bafyreifrh7fshwfax4ntkkzh4kal7hstv46kgxa4qlogxu7z7gjxr3ppgu posted outside time limit. (get_posts bluesky.py:39)
2026-08-16 08:38:47 [DEBUG]: Post created at: 2026-04-01 14:22:07 (get_posts bluesky.py:33)
2026-08-16 08:38:47 [INFO]: Post bafyreih2ht6th7xmwvmptcmfdfr5cbdgeavpps6jqyt6xysm37j34w6rge posted outside time limit. (get_posts bluesky.py:39)
2026-08-16 08:38:47 [DEBUG]: Post created at: 2026-03-26 14:42:37 (get_posts bluesky.py:33)
2026-08-16 08:38:47 [INFO]: Post bafyreicfxh453sypukedfr6mfj76tr6uz3osxwb3jfv5ywwecuvhbf267u posted outside time limit. (get_posts bluesky.py:39)
2026-08-16 08:38:47 [DEBUG]: Post created at: 2026-03-26 13:54:10 (get_posts bluesky.py:33)
2026-08-16 08:38:47 [INFO]: Post bafyreifuq22kydpi7ctnxtvy6zww2yzomvsrhq6x2dleqjas62m3p5zo3m posted outside time limit. (get_posts bluesky.py:39)
2026-08-16 08:38:47 [DEBUG]: Post created at: 2026-03-24 22:10:18 (get_posts bluesky.py:33)
2026-08-16 08:38:47 [INFO]: Post bafyreigv5zvvt4yc5xsxkjjliryumxazef75ib5hsmnhtibcncwxoxvnfm posted outside time limit. (get_posts bluesky.py:39)
2026-08-16 08:38:47 [DEBUG]: Post created at: 2026-03-19 14:44:04 (get_posts bluesky.py:33)
2026-08-16 08:38:47 [INFO]: Post bafyreif2f6qv2mgg6cd7amog5rhlfce6br7a6jwoygh7j5szpujkxbw7lq posted outside time limit. (get_posts bluesky.py:39)
2026-08-16 08:38:47 [DEBUG]: Post created at: 2026-03-11 15:06:56 (get_posts bluesky.py:33)
2026-08-16 08:38:47 [INFO]: Post bafyreicdvogziwifeeulpxdanjzw2hhz2x563zmhsulsol6cc2g4awgdzm posted outside time limit. (get_posts bluesky.py:39)
2026-08-16 08:38:47 [DEBUG]: Post created at: 2026-03-10 13:42:44 (get_posts bluesky.py:33)
2026-08-16 08:38:47 [INFO]: Post bafyreievqd6tqe2jmv27cfpq5qfipsop37wgy5tmnrxcgj5pg6c73ziqhe posted outside time limit. (get_posts bluesky.py:39)
2026-08-16 08:38:47 [DEBUG]: Post created at: 2026-02-27 13:14:55 (get_posts bluesky.py:33)
2026-08-16 08:38:47 [INFO]: Post bafyreihnhuuasms57pqkf7igt3c76hf6yngh75wdqpi2zsjqkyv33mn45e posted outside time limit. (get_posts bluesky.py:39)
2026-08-16 08:38:47 [DEBUG]: Post created at: 2026-02-24 16:23:10 (get_posts bluesky.py:33)
2026-08-16 08:38:47 [INFO]: Post bafyreide2tzdyz3qhqvp6dvacl4lo2xhv6sr6gx3jq6ogve525scwql7mi posted outside time limit. (get_posts bluesky.py:39)
2026-08-16 08:38:47 [DEBUG]: Post created at: 2026-02-18 15:42:15 (get_posts bluesky.py:33)
2026-08-16 08:38:47 [INFO]: Post bafyreierb4dlpinmyb7vig7fxqcvt3jgwebafz4bjndrkfzydb5hago4py posted outside time limit. (get_posts bluesky.py:39)
2026-08-16 08:38:47 [DEBUG]: Post created at: 2026-02-13 13:50:14 (get_posts bluesky.py:33)
2026-08-16 08:38:47 [INFO]: Post bafyreiaig2my7kiizjlekleu7edp5chbzu4tonydswkd7j4xawrrklnpea posted outside time limit. (get_posts bluesky.py:39)
2026-08-16 08:38:47 [DEBUG]: Post created at: 2026-02-11 15:17:23 (get_posts bluesky.py:33)
2026-08-16 08:38:47 [INFO]: Post bafyreiaggywu7xfcr3hdbey7tqklccqal2ixepuh6oxtqkyabjhrfpey5y posted outside time limit. (get_posts bluesky.py:39)
2026-08-16 08:38:47 [DEBUG]: Post created at: 2026-02-09 20:47:56 (get_posts bluesky.py:33)
2026-08-16 08:38:47 [INFO]: Post bafyreiegxryprnsav7l5m2duvjrdpuxmd62pglm6dfhladwumo6hb7n73m posted outside time limit. (get_posts bluesky.py:39)
2026-08-16 08:38:47 [DEBUG]: Post created at: 2026-02-04 21:31:32 (get_posts bluesky.py:33)
2026-08-16 08:38:47 [INFO]: Post bafyreiauk2lyeyl7tomeltjaadmgz4auvla2j6itigb2wsu6n52sqbwndu posted outside time limit. (get_posts bluesky.py:39)
2026-08-16 08:38:47 [DEBUG]: Post created at: 2026-02-03 15:53:41 (get_posts bluesky.py:33)
2026-08-16 08:38:47 [INFO]: Post bafyreidbfzjy6zmupb6yp2zrp77ulb7ejvdfu2lawhjkdhg7ekkfoyfzke posted outside time limit. (get_posts bluesky.py:39)
2026-08-16 08:38:47 [DEBUG]: Post created at: 2026-02-02 14:12:40 (get_posts bluesky.py:33)
2026-08-16 08:38:47 [INFO]: Post bafyreibs77nvnmgxegsi2a3q34gvw6gvtffjrta3mgvjmmxq6dagrlaprq posted outside time limit. (get_posts bluesky.py:39)
2026-08-16 08:38:47 [DEBUG]: Post created at: 2026-01-31 17:16:33 (get_posts bluesky.py:33)
2026-08-16 08:38:47 [INFO]: Post bafyreidu7qm22ionzyatpqfiuqfyiio3royiaf4beodokuiwns6f6cl53i posted outside time limit. (get_posts bluesky.py:39)
2026-08-16 08:38:47 [DEBUG]: Post created at: 2026-01-28 13:09:15 (get_posts bluesky.py:33)
2026-08-16 08:38:47 [INFO]: Post bafyreiagqnn3nlo5ftumr3kbsm6zji76ga24ki2373uhb3xxl4o6orajka posted outside time limit. (get_posts bluesky.py:39)
2026-08-16 08:38:47 [DEBUG]: Post created at: 2026-01-27 12:33:02 (get_posts bluesky.py:33)
2026-08-16 08:38:47 [INFO]: Post bafyreifuscbokcel27xngzhkrzopzkb632pmpljpmmbbure5jn5hevtsgq posted outside time limit. (get_posts bluesky.py:39)
2026-08-16 08:38:47 [DEBUG]: Post created at: 2026-01-22 14:21:10 (get_posts bluesky.py:33)
2026-08-16 08:38:47 [INFO]: Post bafyreiagapzgbtv5j2rsn573qr7o7kz73t74l7ypk2eyfahtf6sc5fdjsi posted outside time limit. (get_posts bluesky.py:39)
2026-08-16 08:38:47 [DEBUG]: Post created at: 2026-01-21 13:15:06 (get_posts bluesky.py:33)
2026-08-16 08:38:47 [INFO]: Post bafyreie6wukbdijlqzvjkk4ifh26mdphsaajw26hlqdkohpqcwhuvinmyq posted outside time limit. (get_posts bluesky.py:39)
2026-08-16 08:38:47 [DEBUG]: Post created at: 2026-01-16 16:05:12 (get_posts bluesky.py:33)
2026-08-16 08:38:47 [INFO]: Post bafyreicxzwxqthabj7pnlubsgptgkrsy3x7oxqkp3xahy6tv4gg5yqf2ju posted outside time limit. (get_posts bluesky.py:39)
2026-08-16 08:38:47 [DEBUG]: Post created at: 2026-01-12 13:15:19 (get_posts bluesky.py:33)
2026-08-16 08:38:47 [INFO]: Post bafyreibdn3xxyolwdpeqkewnnprrra2cgk5kbcxcbxywh4lkz3ulcilrqi posted outside time limit. (get_posts bluesky.py:39)
2026-08-16 08:38:47 [DEBUG]: Post created at: 2026-01-08 13:18:56 (get_posts bluesky.py:33)
2026-08-16 08:38:47 [INFO]: Post bafyreietgnh4gc7s4leq7bvqmrgmvznpshszycyy34rd4rnwavw5oghegy posted outside time limit. (get_posts bluesky.py:39)
2026-08-16 08:38:47 [DEBUG]: Post created at: 2025-12-29 13:08:03 (get_posts bluesky.py:33)
2026-08-16 08:38:47 [INFO]: Post bafyreid4dehmzir4jnany3gopw2xqocuxvcrs5fgjysjvzdyqst6gdaqdm posted outside time limit. (get_posts bluesky.py:39)
2026-08-16 08:38:47 [DEBUG]: Post created at: 2025-12-22 21:05:43 (get_posts bluesky.py:33)
2026-08-16 08:38:47 [INFO]: Post bafyreia4ptmpu6bn3etyypkc6dq3zupd4ryvt4ajc4gtsoig22py7c556m posted outside time limit. (get_posts bluesky.py:39)
2026-08-16 08:38:47 [WARNING]: No posts found from input. (get_posts fetch.py:18)
2026-08-16 10:31:00 [INFO]: Reading local database (read_db_file db.py:36)
2026-08-16 10:31:00 [INFO]: Reading cache of recent posts. (read_cache db.py:159)
2026-08-16 10:31:00 [DEBUG]: Cache: {} (read_cache db.py:179)
2026-08-16 10:31:00 [DEBUG]: Deleted: [] (read_cache db.py:180)
2026-08-16 10:31:00 [INFO]: Connecting to Bluesky: None. (bsky_connect connections.py:58)
2026-08-16 10:31:00 [INFO]: Reading session cache (session_cache_read connections.py:111)
2026-08-16 10:31:00 [INFO]: Connecting to Bluesky using saved session. (bsky_connect connections.py:66)
2026-08-16 10:31:00 [INFO]: Session changed: (on_session_change connections.py:104)
2026-08-16 10:31:01 [INFO]: Session changed: (on_session_change connections.py:104)
2026-08-16 10:31:01 [INFO]: Saving changed session (on_session_change connections.py:106)
2026-08-16 10:31:01 [INFO]: Saving session cache (session_cache_write connections.py:120)
2026-08-16 10:31:01 [INFO]: Successfully logged in to Bluesky using saved session. (bsky_connect connections.py:68)
2026-08-16 10:31:01 [INFO]: Saving session cache (session_cache_write connections.py:120)
2026-08-16 10:31:01 [INFO]: Gathering posts from Bluesky (get_posts bluesky.py:18)
2026-08-16 10:31:01 [DEBUG]: Post created at: 2026-08-11 18:33:44 (get_posts bluesky.py:33)
2026-08-16 10:31:01 [INFO]: Post bafyreif6z4mshhjzw7nskbqsktlhq7d5i6vyhy2jxtmu3t2zgw4m2fhavq posted outside time limit. (get_posts bluesky.py:39)
2026-08-16 10:31:01 [DEBUG]: Post created at: 2026-08-06 12:27:25 (get_posts bluesky.py:33)
2026-08-16 10:31:01 [INFO]: Post bafyreibx2vnv3hheqm2susm6rhiultlk6eaptkwbnjmhajzicwe22gfbjm posted outside time limit. (get_posts bluesky.py:39)
2026-08-16 10:31:01 [DEBUG]: Post created at: 2026-08-05 13:39:02 (get_posts bluesky.py:33)
2026-08-16 10:31:01 [INFO]: Post bafyreihtizm7ymakkbho3vywrcve77otdl2txadgxgoyrni5hseaisrszy posted outside time limit. (get_posts bluesky.py:39)
2026-08-16 10:31:01 [DEBUG]: Post created at: 2026-07-23 15:16:51 (get_posts bluesky.py:33)
2026-08-16 10:31:01 [INFO]: Post bafyreif6f2ek3doxuknizkn2jatdtqesoby5hz3wipn4vbnlm6aof6titm posted outside time limit. (get_posts bluesky.py:39)
2026-08-16 10:31:01 [DEBUG]: Post created at: 2026-07-22 15:15:36 (get_posts bluesky.py:33)
2026-08-16 10:31:01 [INFO]: Post bafyreigbxvo544aahrqrrukb3i2h6nnnjv73bddkd5gewt73b2fqovobui posted outside time limit. (get_posts bluesky.py:39)
2026-08-16 10:31:01 [DEBUG]: Post created at: 2026-07-20 12:33:32 (get_posts bluesky.py:33)
2026-08-16 10:31:01 [INFO]: Post bafyreibrtm3v3ucg73br5shdear4zmw4w5f33w5q2ulxbcrf4suakyhmpq posted outside time limit. (get_posts bluesky.py:39)
2026-08-16 10:31:01 [DEBUG]: Post created at: 2026-07-17 11:35:56 (get_posts bluesky.py:33)
2026-08-16 10:31:01 [INFO]: Post bafyreidtxvowahst6h6tvquj5g3uo26gjcgmkvggwg3e44pchoyq4unb4i posted outside time limit. (get_posts bluesky.py:39)
2026-08-16 10:31:01 [DEBUG]: Post created at: 2026-07-06 14:05:46 (get_posts bluesky.py:33)
2026-08-16 10:31:01 [INFO]: Post bafyreiblrulfzvgmmsltp3nywyhksmj4dr257fkhuhoquhhh4vkwr4zzsu posted outside time limit. (get_posts bluesky.py:39)
2026-08-16 10:31:01 [DEBUG]: Post created at: 2026-06-30 16:37:16 (get_posts bluesky.py:33)
2026-08-16 10:31:01 [INFO]: Post bafyreib46tjmeeqwcvj6wiw75b24fza7oug4heiy2ciuww366uibqrqsbe posted outside time limit. (get_posts bluesky.py:39)
2026-08-16 10:31:01 [DEBUG]: Post created at: 2026-06-24 11:17:45 (get_posts bluesky.py:33)
2026-08-16 10:31:01 [INFO]: Post bafyreidt2ygeayems7i7paeb24ig5l2v7lcmtfhrdi4uhrxfjm4thubecq posted outside time limit. (get_posts bluesky.py:39)
2026-08-16 10:31:01 [DEBUG]: Post created at: 2026-06-17 13:46:03 (get_posts bluesky.py:33)
2026-08-16 10:31:01 [INFO]: Post bafyreieekpu7ys5y3dujnzaoq62fikjxndci6yr6qzasdfictup376i3lq posted outside time limit. (get_posts bluesky.py:39)
2026-08-16 10:31:01 [DEBUG]: Post created at: 2026-06-02 18:05:16 (get_posts bluesky.py:33)
2026-08-16 10:31:01 [INFO]: Post bafyreibwhlbkkwktshb56dytljna7wlvy45dkdd7vqawv5xpvqd3btb5tu posted outside time limit. (get_posts bluesky.py:39)
2026-08-16 10:31:01 [DEBUG]: Post created at: 2026-05-28 12:42:25 (get_posts bluesky.py:33)
2026-08-16 10:31:01 [INFO]: Post bafyreigew3jv7boj7icxdil3sho3r5u6qnvgmiwkfvx5yszmyzbwuz7pwu posted outside time limit. (get_posts bluesky.py:39)
2026-08-16 10:31:01 [DEBUG]: Post created at: 2026-05-27 18:13:32 (get_posts bluesky.py:33)
2026-08-16 10:31:01 [INFO]: Post bafyreicomu6cn7rxnkk4gmfp235wbntlseyony4hstbw3m5ipnxjqzma54 posted outside time limit. (get_posts bluesky.py:39)
2026-08-16 10:31:01 [DEBUG]: Post created at: 2026-05-21 16:52:19 (get_posts bluesky.py:33)
2026-08-16 10:31:01 [INFO]: Post bafyreifgxpvh535rsbgturdrvuix3yrkwwzdxxfvmcif3tgn5ae46i25ca posted outside time limit. (get_posts bluesky.py:39)
2026-08-16 10:31:01 [DEBUG]: Post created at: 2026-05-18 11:38:35 (get_posts bluesky.py:33)
2026-08-16 10:31:01 [INFO]: Post bafyreif3vacnffmfmavpf7x2gwtddexvcrqmcetogbnzbca52sfygsnl3i posted outside time limit. (get_posts bluesky.py:39)
2026-08-16 10:31:01 [DEBUG]: Post created at: 2026-05-12 12:15:04 (get_posts bluesky.py:33)
2026-08-16 10:31:01 [INFO]: Post bafyreigir5vldhynmmhee7b5scolawrc2twgukmpbfvlrc66aqji4vlbbu posted outside time limit. (get_posts bluesky.py:39)
2026-08-16 10:31:01 [DEBUG]: Post created at: 2026-05-07 13:44:19 (get_posts bluesky.py:33)
2026-08-16 10:31:01 [INFO]: Post bafyreibmmqchdd5ocewgcdwj2zawtqsn5jlx7jumuqdij7nn6f77t3tpri posted outside time limit. (get_posts bluesky.py:39)
2026-08-16 10:31:01 [DEBUG]: Post created at: 2026-05-04 12:46:03 (get_posts bluesky.py:33)
2026-08-16 10:31:01 [INFO]: Post bafyreicpdt7qhotsxspx6lo4xl5rwzxeeanscduabrvruycpppoonyz6tm posted outside time limit. (get_posts bluesky.py:39)
2026-08-16 10:31:01 [DEBUG]: Post created at: 2026-04-30 14:02:43 (get_posts bluesky.py:33)
2026-08-16 10:31:01 [INFO]: Post bafyreie2qsbv7gjgphjshteqeuzf4pe2dkr4cu3aty2a27kjai4swzebtq posted outside time limit. (get_posts bluesky.py:39)
2026-08-16 10:31:01 [DEBUG]: Post created at: 2026-04-22 14:53:48 (get_posts bluesky.py:33)
2026-08-16 10:31:01 [INFO]: Post bafyreicdui5gpvu6eri4oggsvvgxqb4rb3oy3l2ymmnmffpwz6t3oz2yne posted outside time limit. (get_posts bluesky.py:39)
2026-08-16 10:31:01 [DEBUG]: Post created at: 2026-04-15 13:40:00 (get_posts bluesky.py:33)
2026-08-16 10:31:01 [INFO]: Post bafyreidshdytdhy7f6q3a5yuchedy53verbugnulbbwvllnxofvzpze4re posted outside time limit. (get_posts bluesky.py:39)
2026-08-16 10:31:01 [DEBUG]: Post created at: 2026-04-13 16:38:02 (get_posts bluesky.py:33)
2026-08-16 10:31:01 [INFO]: Post bafyreiauh7o5v67ac256ngxkoqkqnio2e2kmdzdzzqt6vxq32td7gatkmy posted outside time limit. (get_posts bluesky.py:39)
2026-08-16 10:31:01 [DEBUG]: Post created at: 2026-04-10 13:14:36 (get_posts bluesky.py:33)
2026-08-16 10:31:01 [INFO]: Post bafyreifrh7fshwfax4ntkkzh4kal7hstv46kgxa4qlogxu7z7gjxr3ppgu posted outside time limit. (get_posts bluesky.py:39)
2026-08-16 10:31:01 [DEBUG]: Post created at: 2026-04-01 14:22:07 (get_posts bluesky.py:33)
2026-08-16 10:31:01 [INFO]: Post bafyreih2ht6th7xmwvmptcmfdfr5cbdgeavpps6jqyt6xysm37j34w6rge posted outside time limit. (get_posts bluesky.py:39)
2026-08-16 10:31:01 [DEBUG]: Post created at: 2026-03-26 14:42:37 (get_posts bluesky.py:33)
2026-08-16 10:31:01 [INFO]: Post bafyreicfxh453sypukedfr6mfj76tr6uz3osxwb3jfv5ywwecuvhbf267u posted outside time limit. (get_posts bluesky.py:39)
2026-08-16 10:31:01 [DEBUG]: Post created at: 2026-03-26 13:54:10 (get_posts bluesky.py:33)
2026-08-16 10:31:01 [INFO]: Post bafyreifuq22kydpi7ctnxtvy6zww2yzomvsrhq6x2dleqjas62m3p5zo3m posted outside time limit. (get_posts bluesky.py:39)
2026-08-16 10:31:01 [DEBUG]: Post created at: 2026-03-24 22:10:18 (get_posts bluesky.py:33)
2026-08-16 10:31:01 [INFO]: Post bafyreigv5zvvt4yc5xsxkjjliryumxazef75ib5hsmnhtibcncwxoxvnfm posted outside time limit. (get_posts bluesky.py:39)
2026-08-16 10:31:01 [DEBUG]: Post created at: 2026-03-19 14:44:04 (get_posts bluesky.py:33)
2026-08-16 10:31:01 [INFO]: Post bafyreif2f6qv2mgg6cd7amog5rhlfce6br7a6jwoygh7j5szpujkxbw7lq posted outside time limit. (get_posts bluesky.py:39)
2026-08-16 10:31:01 [DEBUG]: Post created at: 2026-03-11 15:06:56 (get_posts bluesky.py:33)
2026-08-16 10:31:01 [INFO]: Post bafyreicdvogziwifeeulpxdanjzw2hhz2x563zmhsulsol6cc2g4awgdzm posted outside time limit. (get_posts bluesky.py:39)
2026-08-16 10:31:01 [DEBUG]: Post created at: 2026-03-10 13:42:44 (get_posts bluesky.py:33)
2026-08-16 10:31:01 [INFO]: Post bafyreievqd6tqe2jmv27cfpq5qfipsop37wgy5tmnrxcgj5pg6c73ziqhe posted outside time limit. (get_posts bluesky.py:39)
2026-08-16 10:31:01 [DEBUG]: Post created at: 2026-02-27 13:14:55 (get_posts bluesky.py:33)
2026-08-16 10:31:01 [INFO]: Post bafyreihnhuuasms57pqkf7igt3c76hf6yngh75wdqpi2zsjqkyv33mn45e posted outside time limit. (get_posts bluesky.py:39)
2026-08-16 10:31:01 [DEBUG]: Post created at: 2026-02-24 16:23:10 (get_posts bluesky.py:33)
2026-08-16 10:31:01 [INFO]: Post bafyreide2tzdyz3qhqvp6dvacl4lo2xhv6sr6gx3jq6ogve525scwql7mi posted outside time limit. (get_posts bluesky.py:39)
2026-08-16 10:31:01 [DEBUG]: Post created at: 2026-02-18 15:42:15 (get_posts bluesky.py:33)
2026-08-16 10:31:01 [INFO]: Post bafyreierb4dlpinmyb7vig7fxqcvt3jgwebafz4bjndrkfzydb5hago4py posted outside time limit. (get_posts bluesky.py:39)
2026-08-16 10:31:01 [DEBUG]: Post created at: 2026-02-13 13:50:14 (get_posts bluesky.py:33)
2026-08-16 10:31:01 [INFO]: Post bafyreiaig2my7kiizjlekleu7edp5chbzu4tonydswkd7j4xawrrklnpea posted outside time limit. (get_posts bluesky.py:39)
2026-08-16 10:31:01 [DEBUG]: Post created at: 2026-02-11 15:17:23 (get_posts bluesky.py:33)
2026-08-16 10:31:01 [INFO]: Post bafyreiaggywu7xfcr3hdbey7tqklccqal2ixepuh6oxtqkyabjhrfpey5y posted outside time limit. (get_posts bluesky.py:39)
2026-08-16 10:31:01 [DEBUG]: Post created at: 2026-02-09 20:47:56 (get_posts bluesky.py:33)
2026-08-16 10:31:01 [INFO]: Post bafyreiegxryprnsav7l5m2duvjrdpuxmd62pglm6dfhladwumo6hb7n73m posted outside time limit. (get_posts bluesky.py:39)
2026-08-16 10:31:01 [DEBUG]: Post created at: 2026-02-04 21:31:32 (get_posts bluesky.py:33)
2026-08-16 10:31:01 [INFO]: Post bafyreiauk2lyeyl7tomeltjaadmgz4auvla2j6itigb2wsu6n52sqbwndu posted outside time limit. (get_posts bluesky.py:39)
2026-08-16 10:31:01 [DEBUG]: Post created at: 2026-02-03 15:53:41 (get_posts bluesky.py:33)
2026-08-16 10:31:01 [INFO]: Post bafyreidbfzjy6zmupb6yp2zrp77ulb7ejvdfu2lawhjkdhg7ekkfoyfzke posted outside time limit. (get_posts bluesky.py:39)
2026-08-16 10:31:01 [DEBUG]: Post created at: 2026-02-02 14:12:40 (get_posts bluesky.py:33)
2026-08-16 10:31:01 [INFO]: Post bafyreibs77nvnmgxegsi2a3q34gvw6gvtffjrta3mgvjmmxq6dagrlaprq posted outside time limit. (get_posts bluesky.py:39)
2026-08-16 10:31:01 [DEBUG]: Post created at: 2026-01-31 17:16:33 (get_posts bluesky.py:33)
2026-08-16 10:31:01 [INFO]: Post bafyreidu7qm22ionzyatpqfiuqfyiio3royiaf4beodokuiwns6f6cl53i posted outside time limit. (get_posts bluesky.py:39)
2026-08-16 10:31:01 [DEBUG]: Post created at: 2026-01-28 13:09:15 (get_posts bluesky.py:33)
2026-08-16 10:31:01 [INFO]: Post bafyreiagqnn3nlo5ftumr3kbsm6zji76ga24ki2373uhb3xxl4o6orajka posted outside time limit. (get_posts bluesky.py:39)
2026-08-16 10:31:01 [DEBUG]: Post created at: 2026-01-27 12:33:02 (get_posts bluesky.py:33)
2026-08-16 10:31:01 [INFO]: Post bafyreifuscbokcel27xngzhkrzopzkb632pmpljpmmbbure5jn5hevtsgq posted outside time limit. (get_posts bluesky.py:39)
2026-08-16 10:31:01 [DEBUG]: Post created at: 2026-01-22 14:21:10 (get_posts bluesky.py:33)
2026-08-16 10:31:01 [INFO]: Post bafyreiagapzgbtv5j2rsn573qr7o7kz73t74l7ypk2eyfahtf6sc5fdjsi posted outside time limit. (get_posts bluesky.py:39)
2026-08-16 10:31:01 [DEBUG]: Post created at: 2026-01-21 13:15:06 (get_posts bluesky.py:33)
2026-08-16 10:31:01 [INFO]: Post bafyreie6wukbdijlqzvjkk4ifh26mdphsaajw26hlqdkohpqcwhuvinmyq posted outside time limit. (get_posts bluesky.py:39)
2026-08-16 10:31:01 [DEBUG]: Post created at: 2026-01-16 16:05:12 (get_posts bluesky.py:33)
2026-08-16 10:31:01 [INFO]: Post bafyreicxzwxqthabj7pnlubsgptgkrsy3x7oxqkp3xahy6tv4gg5yqf2ju posted outside time limit. (get_posts bluesky.py:39)
2026-08-16 10:31:01 [DEBUG]: Post created at: 2026-01-12 13:15:19 (get_posts bluesky.py:33)
2026-08-16 10:31:01 [INFO]: Post bafyreibdn3xxyolwdpeqkewnnprrra2cgk5kbcxcbxywh4lkz3ulcilrqi posted outside time limit. (get_posts bluesky.py:39)
2026-08-16 10:31:01 [DEBUG]: Post created at: 2026-01-08 13:18:56 (get_posts bluesky.py:33)
2026-08-16 10:31:01 [INFO]: Post bafyreietgnh4gc7s4leq7bvqmrgmvznpshszycyy34rd4rnwavw5oghegy posted outside time limit. (get_posts bluesky.py:39)
2026-08-16 10:31:01 [DEBUG]: Post created at: 2025-12-29 13:08:03 (get_posts bluesky.py:33)
2026-08-16 10:31:01 [INFO]: Post bafyreid4dehmzir4jnany3gopw2xqocuxvcrs5fgjysjvzdyqst6gdaqdm posted outside time limit. (get_posts bluesky.py:39)
2026-08-16 10:31:01 [DEBUG]: Post created at: 2025-12-22 21:05:43 (get_posts bluesky.py:33)
2026-08-16 10:31:01 [INFO]: Post bafyreia4ptmpu6bn3etyypkc6dq3zupd4ryvt4ajc4gtsoig22py7c556m posted outside time limit. (get_posts bluesky.py:39)
2026-08-16 10:31:01 [WARNING]: No posts found from input. (get_posts fetch.py:18)
2026-08-16 12:53:56 [INFO]: Reading local database (read_db_file db.py:36)
2026-08-16 12:53:56 [INFO]: Reading cache of recent posts. (read_cache db.py:159)
2026-08-16 12:53:56 [DEBUG]: Cache: {} (read_cache db.py:179)
2026-08-16 12:53:56 [DEBUG]: Deleted: [] (read_cache db.py:180)
2026-08-16 12:53:56 [INFO]: Connecting to Bluesky: None. (bsky_connect connections.py:58)
2026-08-16 12:53:56 [INFO]: Reading session cache (session_cache_read connections.py:111)
2026-08-16 12:53:56 [INFO]: Connecting to Bluesky using saved session. (bsky_connect connections.py:66)
2026-08-16 12:53:56 [INFO]: Session changed: (on_session_change connections.py:104)
2026-08-16 12:53:56 [INFO]: Session changed: (on_session_change connections.py:104)
2026-08-16 12:53:56 [INFO]: Saving changed session (on_session_change connections.py:106)
2026-08-16 12:53:56 [INFO]: Saving session cache (session_cache_write connections.py:120)
2026-08-16 12:53:57 [INFO]: Successfully logged in to Bluesky using saved session. (bsky_connect connections.py:68)
2026-08-16 12:53:57 [INFO]: Saving session cache (session_cache_write connections.py:120)
2026-08-16 12:53:57 [INFO]: Gathering posts from Bluesky (get_posts bluesky.py:18)
2026-08-16 12:53:57 [DEBUG]: Post created at: 2026-08-11 18:33:44 (get_posts bluesky.py:33)
2026-08-16 12:53:57 [INFO]: Post bafyreif6z4mshhjzw7nskbqsktlhq7d5i6vyhy2jxtmu3t2zgw4m2fhavq posted outside time limit. (get_posts bluesky.py:39)
2026-08-16 12:53:57 [DEBUG]: Post created at: 2026-08-06 12:27:25 (get_posts bluesky.py:33)
2026-08-16 12:53:57 [INFO]: Post bafyreibx2vnv3hheqm2susm6rhiultlk6eaptkwbnjmhajzicwe22gfbjm posted outside time limit. (get_posts bluesky.py:39)
2026-08-16 12:53:57 [DEBUG]: Post created at: 2026-08-05 13:39:02 (get_posts bluesky.py:33)
2026-08-16 12:53:57 [INFO]: Post bafyreihtizm7ymakkbho3vywrcve77otdl2txadgxgoyrni5hseaisrszy posted outside time limit. (get_posts bluesky.py:39)
2026-08-16 12:53:57 [DEBUG]: Post created at: 2026-07-23 15:16:51 (get_posts bluesky.py:33)
2026-08-16 12:53:57 [INFO]: Post bafyreif6f2ek3doxuknizkn2jatdtqesoby5hz3wipn4vbnlm6aof6titm posted outside time limit. (get_posts bluesky.py:39)
2026-08-16 12:53:57 [DEBUG]: Post created at: 2026-07-22 15:15:36 (get_posts bluesky.py:33)
2026-08-16 12:53:57 [INFO]: Post bafyreigbxvo544aahrqrrukb3i2h6nnnjv73bddkd5gewt73b2fqovobui posted outside time limit. (get_posts bluesky.py:39)
2026-08-16 12:53:57 [DEBUG]: Post created at: 2026-07-20 12:33:32 (get_posts bluesky.py:33)
2026-08-16 12:53:57 [INFO]: Post bafyreibrtm3v3ucg73br5shdear4zmw4w5f33w5q2ulxbcrf4suakyhmpq posted outside time limit. (get_posts bluesky.py:39)
2026-08-16 12:53:57 [DEBUG]: Post created at: 2026-07-17 11:35:56 (get_posts bluesky.py:33)
2026-08-16 12:53:57 [INFO]: Post bafyreidtxvowahst6h6tvquj5g3uo26gjcgmkvggwg3e44pchoyq4unb4i posted outside time limit. (get_posts bluesky.py:39)
2026-08-16 12:53:57 [DEBUG]: Post created at: 2026-07-06 14:05:46 (get_posts bluesky.py:33)
2026-08-16 12:53:57 [INFO]: Post bafyreiblrulfzvgmmsltp3nywyhksmj4dr257fkhuhoquhhh4vkwr4zzsu posted outside time limit. (get_posts bluesky.py:39)
2026-08-16 12:53:57 [DEBUG]: Post created at: 2026-06-30 16:37:16 (get_posts bluesky.py:33)
2026-08-16 12:53:57 [INFO]: Post bafyreib46tjmeeqwcvj6wiw75b24fza7oug4heiy2ciuww366uibqrqsbe posted outside time limit. (get_posts bluesky.py:39)
2026-08-16 12:53:57 [DEBUG]: Post created at: 2026-06-24 11:17:45 (get_posts bluesky.py:33)
2026-08-16 12:53:57 [INFO]: Post bafyreidt2ygeayems7i7paeb24ig5l2v7lcmtfhrdi4uhrxfjm4thubecq posted outside time limit. (get_posts bluesky.py:39)
2026-08-16 12:53:57 [DEBUG]: Post created at: 2026-06-17 13:46:03 (get_posts bluesky.py:33)
2026-08-16 12:53:57 [INFO]: Post bafyreieekpu7ys5y3dujnzaoq62fikjxndci6yr6qzasdfictup376i3lq posted outside time limit. (get_posts bluesky.py:39)
2026-08-16 12:53:57 [DEBUG]: Post created at: 2026-06-02 18:05:16 (get_posts bluesky.py:33)
2026-08-16 12:53:57 [INFO]: Post bafyreibwhlbkkwktshb56dytljna7wlvy45dkdd7vqawv5xpvqd3btb5tu posted outside time limit. (get_posts bluesky.py:39)
2026-08-16 12:53:57 [DEBUG]: Post created at: 2026-05-28 12:42:25 (get_posts bluesky.py:33)
2026-08-16 12:53:57 [INFO]: Post bafyreigew3jv7boj7icxdil3sho3r5u6qnvgmiwkfvx5yszmyzbwuz7pwu posted outside time limit. (get_posts bluesky.py:39)
2026-08-16 12:53:57 [DEBUG]: Post created at: 2026-05-27 18:13:32 (get_posts bluesky.py:33)
2026-08-16 12:53:57 [INFO]: Post bafyreicomu6cn7rxnkk4gmfp235wbntlseyony4hstbw3m5ipnxjqzma54 posted outside time limit. (get_posts bluesky.py:39)
2026-08-16 12:53:57 [DEBUG]: Post created at: 2026-05-21 16:52:19 (get_posts bluesky.py:33)
2026-08-16 12:53:57 [INFO]: Post bafyreifgxpvh535rsbgturdrvuix3yrkwwzdxxfvmcif3tgn5ae46i25ca posted outside time limit. (get_posts bluesky.py:39)
2026-08-16 12:53:57 [DEBUG]: Post created at: 2026-05-18 11:38:35 (get_posts bluesky.py:33)
2026-08-16 12:53:57 [INFO]: Post bafyreif3vacnffmfmavpf7x2gwtddexvcrqmcetogbnzbca52sfygsnl3i posted outside time limit. (get_posts bluesky.py:39)
2026-08-16 12:53:57 [DEBUG]: Post created at: 2026-05-12 12:15:04 (get_posts bluesky.py:33)
2026-08-16 12:53:57 [INFO]: Post bafyreigir5vldhynmmhee7b5scolawrc2twgukmpbfvlrc66aqji4vlbbu posted outside time limit. (get_posts bluesky.py:39)
2026-08-16 12:53:57 [DEBUG]: Post created at: 2026-05-07 13:44:19 (get_posts bluesky.py:33)
2026-08-16 12:53:57 [INFO]: Post bafyreibmmqchdd5ocewgcdwj2zawtqsn5jlx7jumuqdij7nn6f77t3tpri posted outside time limit. (get_posts bluesky.py:39)
2026-08-16 12:53:57 [DEBUG]: Post created at: 2026-05-04 12:46:03 (get_posts bluesky.py:33)
2026-08-16 12:53:57 [INFO]: Post bafyreicpdt7qhotsxspx6lo4xl5rwzxeeanscduabrvruycpppoonyz6tm posted outside time limit. (get_posts bluesky.py:39)
2026-08-16 12:53:57 [DEBUG]: Post created at: 2026-04-30 14:02:43 (get_posts bluesky.py:33)
2026-08-16 12:53:57 [INFO]: Post bafyreie2qsbv7gjgphjshteqeuzf4pe2dkr4cu3aty2a27kjai4swzebtq posted outside time limit. (get_posts bluesky.py:39)
2026-08-16 12:53:57 [DEBUG]: Post created at: 2026-04-22 14:53:48 (get_posts bluesky.py:33)
2026-08-16 12:53:57 [INFO]: Post bafyreicdui5gpvu6eri4oggsvvgxqb4rb3oy3l2ymmnmffpwz6t3oz2yne posted outside time limit. (get_posts bluesky.py:39)
2026-08-16 12:53:57 [DEBUG]: Post created at: 2026-04-15 13:40:00 (get_posts bluesky.py:33)
2026-08-16 12:53:57 [INFO]: Post bafyreidshdytdhy7f6q3a5yuchedy53verbugnulbbwvllnxofvzpze4re posted outside time limit. (get_posts bluesky.py:39)
2026-08-16 12:53:57 [DEBUG]: Post created at: 2026-04-13 16:38:02 (get_posts bluesky.py:33)
2026-08-16 12:53:57 [INFO]: Post bafyreiauh7o5v67ac256ngxkoqkqnio2e2kmdzdzzqt6vxq32td7gatkmy posted outside time limit. (get_posts bluesky.py:39)
2026-08-16 12:53:57 [DEBUG]: Post created at: 2026-04-10 13:14:36 (get_posts bluesky.py:33)
2026-08-16 12:53:57 [INFO]: Post bafyreifrh7fshwfax4ntkkzh4kal7hstv46kgxa4qlogxu7z7gjxr3ppgu posted outside time limit. (get_posts bluesky.py:39)
2026-08-16 12:53:57 [DEBUG]: Post created at: 2026-04-01 14:22:07 (get_posts bluesky.py:33)
2026-08-16 12:53:57 [INFO]: Post bafyreih2ht6th7xmwvmptcmfdfr5cbdgeavpps6jqyt6xysm37j34w6rge posted outside time limit. (get_posts bluesky.py:39)
2026-08-16 12:53:57 [DEBUG]: Post created at: 2026-03-26 14:42:37 (get_posts bluesky.py:33)
2026-08-16 12:53:57 [INFO]: Post bafyreicfxh453sypukedfr6mfj76tr6uz3osxwb3jfv5ywwecuvhbf267u posted outside time limit. (get_posts bluesky.py:39)
2026-08-16 12:53:57 [DEBUG]: Post created at: 2026-03-26 13:54:10 (get_posts bluesky.py:33)
2026-08-16 12:53:57 [INFO]: Post bafyreifuq22kydpi7ctnxtvy6zww2yzomvsrhq6x2dleqjas62m3p5zo3m posted outside time limit. (get_posts bluesky.py:39)
2026-08-16 12:53:57 [DEBUG]: Post created at: 2026-03-24 22:10:18 (get_posts bluesky.py:33)
2026-08-16 12:53:57 [INFO]: Post bafyreigv5zvvt4yc5xsxkjjliryumxazef75ib5hsmnhtibcncwxoxvnfm posted outside time limit. (get_posts bluesky.py:39)
2026-08-16 12:53:57 [DEBUG]: Post created at: 2026-03-19 14:44:04 (get_posts bluesky.py:33)
2026-08-16 12:53:57 [INFO]: Post bafyreif2f6qv2mgg6cd7amog5rhlfce6br7a6jwoygh7j5szpujkxbw7lq posted outside time limit. (get_posts bluesky.py:39)
2026-08-16 12:53:57 [DEBUG]: Post created at: 2026-03-11 15:06:56 (get_posts bluesky.py:33)
2026-08-16 12:53:57 [INFO]: Post bafyreicdvogziwifeeulpxdanjzw2hhz2x563zmhsulsol6cc2g4awgdzm posted outside time limit. (get_posts bluesky.py:39)
2026-08-16 12:53:57 [DEBUG]: Post created at: 2026-03-10 13:42:44 (get_posts bluesky.py:33)
2026-08-16 12:53:57 [INFO]: Post bafyreievqd6tqe2jmv27cfpq5qfipsop37wgy5tmnrxcgj5pg6c73ziqhe posted outside time limit. (get_posts bluesky.py:39)
2026-08-16 12:53:57 [DEBUG]: Post created at: 2026-02-27 13:14:55 (get_posts bluesky.py:33)
2026-08-16 12:53:57 [INFO]: Post bafyreihnhuuasms57pqkf7igt3c76hf6yngh75wdqpi2zsjqkyv33mn45e posted outside time limit. (get_posts bluesky.py:39)
2026-08-16 12:53:57 [DEBUG]: Post created at: 2026-02-24 16:23:10 (get_posts bluesky.py:33)
2026-08-16 12:53:57 [INFO]: Post bafyreide2tzdyz3qhqvp6dvacl4lo2xhv6sr6gx3jq6ogve525scwql7mi posted outside time limit. (get_posts bluesky.py:39)
2026-08-16 12:53:57 [DEBUG]: Post created at: 2026-02-18 15:42:15 (get_posts bluesky.py:33)
2026-08-16 12:53:57 [INFO]: Post bafyreierb4dlpinmyb7vig7fxqcvt3jgwebafz4bjndrkfzydb5hago4py posted outside time limit. (get_posts bluesky.py:39)
2026-08-16 12:53:57 [DEBUG]: Post created at: 2026-02-13 13:50:14 (get_posts bluesky.py:33)
2026-08-16 12:53:57 [INFO]: Post bafyreiaig2my7kiizjlekleu7edp5chbzu4tonydswkd7j4xawrrklnpea posted outside time limit. (get_posts bluesky.py:39)
2026-08-16 12:53:57 [DEBUG]: Post created at: 2026-02-11 15:17:23 (get_posts bluesky.py:33)
2026-08-16 12:53:57 [INFO]: Post bafyreiaggywu7xfcr3hdbey7tqklccqal2ixepuh6oxtqkyabjhrfpey5y posted outside time limit. (get_posts bluesky.py:39)
2026-08-16 12:53:57 [DEBUG]: Post created at: 2026-02-09 20:47:56 (get_posts bluesky.py:33)
2026-08-16 12:53:57 [INFO]: Post bafyreiegxryprnsav7l5m2duvjrdpuxmd62pglm6dfhladwumo6hb7n73m posted outside time limit. (get_posts bluesky.py:39)
2026-08-16 12:53:57 [DEBUG]: Post created at: 2026-02-04 21:31:32 (get_posts bluesky.py:33)
2026-08-16 12:53:57 [INFO]: Post bafyreiauk2lyeyl7tomeltjaadmgz4auvla2j6itigb2wsu6n52sqbwndu posted outside time limit. (get_posts bluesky.py:39)
2026-08-16 12:53:57 [DEBUG]: Post created at: 2026-02-03 15:53:41 (get_posts bluesky.py:33)
2026-08-16 12:53:57 [INFO]: Post bafyreidbfzjy6zmupb6yp2zrp77ulb7ejvdfu2lawhjkdhg7ekkfoyfzke posted outside time limit. (get_posts bluesky.py:39)
2026-08-16 12:53:57 [DEBUG]: Post created at: 2026-02-02 14:12:40 (get_posts bluesky.py:33)
2026-08-16 12:53:57 [INFO]: Post bafyreibs77nvnmgxegsi2a3q34gvw6gvtffjrta3mgvjmmxq6dagrlaprq posted outside time limit. (get_posts bluesky.py:39)
2026-08-16 12:53:57 [DEBUG]: Post created at: 2026-01-31 17:16:33 (get_posts bluesky.py:33)
2026-08-16 12:53:57 [INFO]: Post bafyreidu7qm22ionzyatpqfiuqfyiio3royiaf4beodokuiwns6f6cl53i posted outside time limit. (get_posts bluesky.py:39)
2026-08-16 12:53:57 [DEBUG]: Post created at: 2026-01-28 13:09:15 (get_posts bluesky.py:33)
2026-08-16 12:53:57 [INFO]: Post bafyreiagqnn3nlo5ftumr3kbsm6zji76ga24ki2373uhb3xxl4o6orajka posted outside time limit. (get_posts bluesky.py:39)
2026-08-16 12:53:57 [DEBUG]: Post created at: 2026-01-27 12:33:02 (get_posts bluesky.py:33)
2026-08-16 12:53:57 [INFO]: Post bafyreifuscbokcel27xngzhkrzopzkb632pmpljpmmbbure5jn5hevtsgq posted outside time limit. (get_posts bluesky.py:39)
2026-08-16 12:53:57 [DEBUG]: Post created at: 2026-01-22 14:21:10 (get_posts bluesky.py:33)
2026-08-16 12:53:57 [INFO]: Post bafyreiagapzgbtv5j2rsn573qr7o7kz73t74l7ypk2eyfahtf6sc5fdjsi posted outside time limit. (get_posts bluesky.py:39)
2026-08-16 12:53:57 [DEBUG]: Post created at: 2026-01-21 13:15:06 (get_posts bluesky.py:33)
2026-08-16 12:53:57 [INFO]: Post bafyreie6wukbdijlqzvjkk4ifh26mdphsaajw26hlqdkohpqcwhuvinmyq posted outside time limit. (get_posts bluesky.py:39)
2026-08-16 12:53:57 [DEBUG]: Post created at: 2026-01-16 16:05:12 (get_posts bluesky.py:33)
2026-08-16 12:53:57 [INFO]: Post bafyreicxzwxqthabj7pnlubsgptgkrsy3x7oxqkp3xahy6tv4gg5yqf2ju posted outside time limit. (get_posts bluesky.py:39)
2026-08-16 12:53:57 [DEBUG]: Post created at: 2026-01-12 13:15:19 (get_posts bluesky.py:33)
2026-08-16 12:53:57 [INFO]: Post bafyreibdn3xxyolwdpeqkewnnprrra2cgk5kbcxcbxywh4lkz3ulcilrqi posted outside time limit. (get_posts bluesky.py:39)
2026-08-16 12:53:57 [DEBUG]: Post created at: 2026-01-08 13:18:56 (get_posts bluesky.py:33)
2026-08-16 12:53:57 [INFO]: Post bafyreietgnh4gc7s4leq7bvqmrgmvznpshszycyy34rd4rnwavw5oghegy posted outside time limit. (get_posts bluesky.py:39)
2026-08-16 12:53:57 [DEBUG]: Post created at: 2025-12-29 13:08:03 (get_posts bluesky.py:33)
2026-08-16 12:53:57 [INFO]: Post bafyreid4dehmzir4jnany3gopw2xqocuxvcrs5fgjysjvzdyqst6gdaqdm posted outside time limit. (get_posts bluesky.py:39)
2026-08-16 12:53:57 [DEBUG]: Post created at: 2025-12-22 21:05:43 (get_posts bluesky.py:33)
2026-08-16 12:53:57 [INFO]: Post bafyreia4ptmpu6bn3etyypkc6dq3zupd4ryvt4ajc4gtsoig22py7c556m posted outside time limit. (get_posts bluesky.py:39)
2026-08-16 12:53:57 [WARNING]: No posts found from input. (get_posts fetch.py:18)
2026-08-16 14:30:50 [INFO]: Reading local database (read_db_file db.py:36)
2026-08-16 14:30:50 [INFO]: Reading cache of recent posts. (read_cache db.py:159)
2026-08-16 14:30:50 [DEBUG]: Cache: {} (read_cache db.py:179)
2026-08-16 14:30:50 [DEBUG]: Deleted: [] (read_cache db.py:180)
2026-08-16 14:30:50 [INFO]: Connecting to Bluesky: None. (bsky_connect connections.py:58)
2026-08-16 14:30:50 [INFO]: Reading session cache (session_cache_read connections.py:111)
2026-08-16 14:30:50 [INFO]: Connecting to Bluesky using saved session. (bsky_connect connections.py:66)
2026-08-16 14:30:50 [INFO]: Session changed: (on_session_change connections.py:104)
2026-08-16 14:30:50 [INFO]: Successfully logged in to Bluesky using saved session. (bsky_connect connections.py:68)
2026-08-16 14:30:50 [INFO]: Saving session cache (session_cache_write connections.py:120)
2026-08-16 14:30:50 [INFO]: Gathering posts from Bluesky (get_posts bluesky.py:18)
2026-08-16 14:30:52 [DEBUG]: Post created at: 2026-08-11 18:33:44 (get_posts bluesky.py:33)
2026-08-16 14:30:52 [INFO]: Post bafyreif6z4mshhjzw7nskbqsktlhq7d5i6vyhy2jxtmu3t2zgw4m2fhavq posted outside time limit. (get_posts bluesky.py:39)
2026-08-16 14:30:52 [DEBUG]: Post created at: 2026-08-06 12:27:25 (get_posts bluesky.py:33)
2026-08-16 14:30:52 [INFO]: Post bafyreibx2vnv3hheqm2susm6rhiultlk6eaptkwbnjmhajzicwe22gfbjm posted outside time limit. (get_posts bluesky.py:39)
2026-08-16 14:30:52 [DEBUG]: Post created at: 2026-08-05 13:39:02 (get_posts bluesky.py:33)
2026-08-16 14:30:52 [INFO]: Post bafyreihtizm7ymakkbho3vywrcve77otdl2txadgxgoyrni5hseaisrszy posted outside time limit. (get_posts bluesky.py:39)
2026-08-16 14:30:52 [DEBUG]: Post created at: 2026-07-23 15:16:51 (get_posts bluesky.py:33)
2026-08-16 14:30:52 [INFO]: Post bafyreif6f2ek3doxuknizkn2jatdtqesoby5hz3wipn4vbnlm6aof6titm posted outside time limit. (get_posts bluesky.py:39)
2026-08-16 14:30:52 [DEBUG]: Post created at: 2026-07-22 15:15:36 (get_posts bluesky.py:33)
2026-08-16 14:30:52 [INFO]: Post bafyreigbxvo544aahrqrrukb3i2h6nnnjv73bddkd5gewt73b2fqovobui posted outside time limit. (get_posts bluesky.py:39)
2026-08-16 14:30:52 [DEBUG]: Post created at: 2026-07-20 12:33:32 (get_posts bluesky.py:33)
2026-08-16 14:30:52 [INFO]: Post bafyreibrtm3v3ucg73br5shdear4zmw4w5f33w5q2ulxbcrf4suakyhmpq posted outside time limit. (get_posts bluesky.py:39)
2026-08-16 14:30:52 [DEBUG]: Post created at: 2026-07-17 11:35:56 (get_posts bluesky.py:33)
2026-08-16 14:30:52 [INFO]: Post bafyreidtxvowahst6h6tvquj5g3uo26gjcgmkvggwg3e44pchoyq4unb4i posted outside time limit. (get_posts bluesky.py:39)
2026-08-16 14:30:52 [DEBUG]: Post created at: 2026-07-06 14:05:46 (get_posts bluesky.py:33)
2026-08-16 14:30:52 [INFO]: Post bafyreiblrulfzvgmmsltp3nywyhksmj4dr257fkhuhoquhhh4vkwr4zzsu posted outside time limit. (get_posts bluesky.py:39)
2026-08-16 14:30:52 [DEBUG]: Post created at: 2026-06-30 16:37:16 (get_posts bluesky.py:33)
2026-08-16 14:30:52 [INFO]: Post bafyreib46tjmeeqwcvj6wiw75b24fza7oug4heiy2ciuww366uibqrqsbe posted outside time limit. (get_posts bluesky.py:39)
2026-08-16 14:30:52 [DEBUG]: Post created at: 2026-06-24 11:17:45 (get_posts bluesky.py:33)
2026-08-16 14:30:52 [INFO]: Post bafyreidt2ygeayems7i7paeb24ig5l2v7lcmtfhrdi4uhrxfjm4thubecq posted outside time limit. (get_posts bluesky.py:39)
2026-08-16 14:30:52 [DEBUG]: Post created at: 2026-06-17 13:46:03 (get_posts bluesky.py:33)
2026-08-16 14:30:52 [INFO]: Post bafyreieekpu7ys5y3dujnzaoq62fikjxndci6yr6qzasdfictup376i3lq posted outside time limit. (get_posts bluesky.py:39)
2026-08-16 14:30:52 [DEBUG]: Post created at: 2026-06-02 18:05:16 (get_posts bluesky.py:33)
2026-08-16 14:30:52 [INFO]: Post bafyreibwhlbkkwktshb56dytljna7wlvy45dkdd7vqawv5xpvqd3btb5tu posted outside time limit. (get_posts bluesky.py:39)
2026-08-16 14:30:52 [DEBUG]: Post created at: 2026-05-28 12:42:25 (get_posts bluesky.py:33)
2026-08-16 14:30:52 [INFO]: Post bafyreigew3jv7boj7icxdil3sho3r5u6qnvgmiwkfvx5yszmyzbwuz7pwu posted outside time limit. (get_posts bluesky.py:39)
2026-08-16 14:30:52 [DEBUG]: Post created at: 2026-05-27 18:13:32 (get_posts bluesky.py:33)
2026-08-16 14:30:52 [INFO]: Post bafyreicomu6cn7rxnkk4gmfp235wbntlseyony4hstbw3m5ipnxjqzma54 posted outside time limit. (get_posts bluesky.py:39)
2026-08-16 14:30:52 [DEBUG]: Post created at: 2026-05-21 16:52:19 (get_posts bluesky.py:33)
2026-08-16 14:30:52 [INFO]: Post bafyreifgxpvh535rsbgturdrvuix3yrkwwzdxxfvmcif3tgn5ae46i25ca posted outside time limit. (get_posts bluesky.py:39)
2026-08-16 14:30:52 [DEBUG]: Post created at: 2026-05-18 11:38:35 (get_posts bluesky.py:33)
2026-08-16 14:30:52 [INFO]: Post bafyreif3vacnffmfmavpf7x2gwtddexvcrqmcetogbnzbca52sfygsnl3i posted outside time limit. (get_posts bluesky.py:39)
2026-08-16 14:30:52 [DEBUG]: Post created at: 2026-05-12 12:15:04 (get_posts bluesky.py:33)
2026-08-16 14:30:52 [INFO]: Post bafyreigir5vldhynmmhee7b5scolawrc2twgukmpbfvlrc66aqji4vlbbu posted outside time limit. (get_posts bluesky.py:39)
2026-08-16 14:30:52 [DEBUG]: Post created at: 2026-05-07 13:44:19 (get_posts bluesky.py:33)
2026-08-16 14:30:52 [INFO]: Post bafyreibmmqchdd5ocewgcdwj2zawtqsn5jlx7jumuqdij7nn6f77t3tpri posted outside time limit. (get_posts bluesky.py:39)
2026-08-16 14:30:52 [DEBUG]: Post created at: 2026-05-04 12:46:03 (get_posts bluesky.py:33)
2026-08-16 14:30:52 [INFO]: Post bafyreicpdt7qhotsxspx6lo4xl5rwzxeeanscduabrvruycpppoonyz6tm posted outside time limit. (get_posts bluesky.py:39)
2026-08-16 14:30:52 [DEBUG]: Post created at: 2026-04-30 14:02:43 (get_posts bluesky.py:33)
2026-08-16 14:30:52 [INFO]: Post bafyreie2qsbv7gjgphjshteqeuzf4pe2dkr4cu3aty2a27kjai4swzebtq posted outside time limit. (get_posts bluesky.py:39)
2026-08-16 14:30:52 [DEBUG]: Post created at: 2026-04-22 14:53:48 (get_posts bluesky.py:33)
2026-08-16 14:30:52 [INFO]: Post bafyreicdui5gpvu6eri4oggsvvgxqb4rb3oy3l2ymmnmffpwz6t3oz2yne posted outside time limit. (get_posts bluesky.py:39)
2026-08-16 14:30:52 [DEBUG]: Post created at: 2026-04-15 13:40:00 (get_posts bluesky.py:33)
2026-08-16 14:30:52 [INFO]: Post bafyreidshdytdhy7f6q3a5yuchedy53verbugnulbbwvllnxofvzpze4re posted outside time limit. (get_posts bluesky.py:39)
2026-08-16 14:30:52 [DEBUG]: Post created at: 2026-04-13 16:38:02 (get_posts bluesky.py:33)
2026-08-16 14:30:52 [INFO]: Post bafyreiauh7o5v67ac256ngxkoqkqnio2e2kmdzdzzqt6vxq32td7gatkmy posted outside time limit. (get_posts bluesky.py:39)
2026-08-16 14:30:52 [DEBUG]: Post created at: 2026-04-10 13:14:36 (get_posts bluesky.py:33)
2026-08-16 14:30:52 [INFO]: Post bafyreifrh7fshwfax4ntkkzh4kal7hstv46kgxa4qlogxu7z7gjxr3ppgu posted outside time limit. (get_posts bluesky.py:39)
2026-08-16 14:30:52 [DEBUG]: Post created at: 2026-04-01 14:22:07 (get_posts bluesky.py:33)
2026-08-16 14:30:52 [INFO]: Post bafyreih2ht6th7xmwvmptcmfdfr5cbdgeavpps6jqyt6xysm37j34w6rge posted outside time limit. (get_posts bluesky.py:39)
2026-08-16 14:30:52 [DEBUG]: Post created at: 2026-03-26 14:42:37 (get_posts bluesky.py:33)
2026-08-16 14:30:52 [INFO]: Post bafyreicfxh453sypukedfr6mfj76tr6uz3osxwb3jfv5ywwecuvhbf267u posted outside time limit. (get_posts bluesky.py:39)
2026-08-16 14:30:52 [DEBUG]: Post created at: 2026-03-26 13:54:10 (get_posts bluesky.py:33)
2026-08-16 14:30:52 [INFO]: Post bafyreifuq22kydpi7ctnxtvy6zww2yzomvsrhq6x2dleqjas62m3p5zo3m posted outside time limit. (get_posts bluesky.py:39)
2026-08-16 14:30:52 [DEBUG]: Post created at: 2026-03-24 22:10:18 (get_posts bluesky.py:33)
2026-08-16 14:30:52 [INFO]: Post bafyreigv5zvvt4yc5xsxkjjliryumxazef75ib5hsmnhtibcncwxoxvnfm posted outside time limit. (get_posts bluesky.py:39)
2026-08-16 14:30:52 [DEBUG]: Post created at: 2026-03-19 14:44:04 (get_posts bluesky.py:33)
2026-08-16 14:30:52 [INFO]: Post bafyreif2f6qv2mgg6cd7amog5rhlfce6br7a6jwoygh7j5szpujkxbw7lq posted outside time limit. (get_posts bluesky.py:39)
2026-08-16 14:30:52 [DEBUG]: Post created at: 2026-03-11 15:06:56 (get_posts bluesky.py:33)
2026-08-16 14:30:52 [INFO]: Post bafyreicdvogziwifeeulpxdanjzw2hhz2x563zmhsulsol6cc2g4awgdzm posted outside time limit. (get_posts bluesky.py:39)
2026-08-16 14:30:52 [DEBUG]: Post created at: 2026-03-10 13:42:44 (get_posts bluesky.py:33)
2026-08-16 14:30:52 [INFO]: Post bafyreievqd6tqe2jmv27cfpq5qfipsop37wgy5tmnrxcgj5pg6c73ziqhe posted outside time limit. (get_posts bluesky.py:39)
2026-08-16 14:30:52 [DEBUG]: Post created at: 2026-02-27 13:14:55 (get_posts bluesky.py:33)
2026-08-16 14:30:52 [INFO]: Post bafyreihnhuuasms57pqkf7igt3c76hf6yngh75wdqpi2zsjqkyv33mn45e posted outside time limit. (get_posts bluesky.py:39)
2026-08-16 14:30:52 [DEBUG]: Post created at: 2026-02-24 16:23:10 (get_posts bluesky.py:33)
2026-08-16 14:30:52 [INFO]: Post bafyreide2tzdyz3qhqvp6dvacl4lo2xhv6sr6gx3jq6ogve525scwql7mi posted outside time limit. (get_posts bluesky.py:39)
2026-08-16 14:30:52 [DEBUG]: Post created at: 2026-02-18 15:42:15 (get_posts bluesky.py:33)
2026-08-16 14:30:52 [INFO]: Post bafyreierb4dlpinmyb7vig7fxqcvt3jgwebafz4bjndrkfzydb5hago4py posted outside time limit. (get_posts bluesky.py:39)
2026-08-16 14:30:52 [DEBUG]: Post created at: 2026-02-13 13:50:14 (get_posts bluesky.py:33)
2026-08-16 14:30:52 [INFO]: Post bafyreiaig2my7kiizjlekleu7edp5chbzu4tonydswkd7j4xawrrklnpea posted outside time limit. (get_posts bluesky.py:39)
2026-08-16 14:30:52 [DEBUG]: Post created at: 2026-02-11 15:17:23 (get_posts bluesky.py:33)
2026-08-16 14:30:52 [INFO]: Post bafyreiaggywu7xfcr3hdbey7tqklccqal2ixepuh6oxtqkyabjhrfpey5y posted outside time limit. (get_posts bluesky.py:39)
2026-08-16 14:30:52 [DEBUG]: Post created at: 2026-02-09 20:47:56 (get_posts bluesky.py:33)
2026-08-16 14:30:52 [INFO]: Post bafyreiegxryprnsav7l5m2duvjrdpuxmd62pglm6dfhladwumo6hb7n73m posted outside time limit. (get_posts bluesky.py:39)
2026-08-16 14:30:52 [DEBUG]: Post created at: 2026-02-04 21:31:32 (get_posts bluesky.py:33)
2026-08-16 14:30:52 [INFO]: Post bafyreiauk2lyeyl7tomeltjaadmgz4auvla2j6itigb2wsu6n52sqbwndu posted outside time limit. (get_posts bluesky.py:39)
2026-08-16 14:30:52 [DEBUG]: Post created at: 2026-02-03 15:53:41 (get_posts bluesky.py:33)
2026-08-16 14:30:52 [INFO]: Post bafyreidbfzjy6zmupb6yp2zrp77ulb7ejvdfu2lawhjkdhg7ekkfoyfzke posted outside time limit. (get_posts bluesky.py:39)
2026-08-16 14:30:52 [DEBUG]: Post created at: 2026-02-02 14:12:40 (get_posts bluesky.py:33)
2026-08-16 14:30:52 [INFO]: Post bafyreibs77nvnmgxegsi2a3q34gvw6gvtffjrta3mgvjmmxq6dagrlaprq posted outside time limit. (get_posts bluesky.py:39)
2026-08-16 14:30:52 [DEBUG]: Post created at: 2026-01-31 17:16:33 (get_posts bluesky.py:33)
2026-08-16 14:30:52 [INFO]: Post bafyreidu7qm22ionzyatpqfiuqfyiio3royiaf4beodokuiwns6f6cl53i posted outside time limit. (get_posts bluesky.py:39)
2026-08-16 14:30:52 [DEBUG]: Post created at: 2026-01-28 13:09:15 (get_posts bluesky.py:33)
2026-08-16 14:30:52 [INFO]: Post bafyreiagqnn3nlo5ftumr3kbsm6zji76ga24ki2373uhb3xxl4o6orajka posted outside time limit. (get_posts bluesky.py:39)
2026-08-16 14:30:52 [DEBUG]: Post created at: 2026-01-27 12:33:02 (get_posts bluesky.py:33)
2026-08-16 14:30:52 [INFO]: Post bafyreifuscbokcel27xngzhkrzopzkb632pmpljpmmbbure5jn5hevtsgq posted outside time limit. (get_posts bluesky.py:39)
2026-08-16 14:30:52 [DEBUG]: Post created at: 2026-01-22 14:21:10 (get_posts bluesky.py:33)
2026-08-16 14:30:52 [INFO]: Post bafyreiagapzgbtv5j2rsn573qr7o7kz73t74l7ypk2eyfahtf6sc5fdjsi posted outside time limit. (get_posts bluesky.py:39)
2026-08-16 14:30:52 [DEBUG]: Post created at: 2026-01-21 13:15:06 (get_posts bluesky.py:33)
2026-08-16 14:30:52 [INFO]: Post bafyreie6wukbdijlqzvjkk4ifh26mdphsaajw26hlqdkohpqcwhuvinmyq posted outside time limit. (get_posts bluesky.py:39)
2026-08-16 14:30:52 [DEBUG]: Post created at: 2026-01-16 16:05:12 (get_posts bluesky.py:33)
2026-08-16 14:30:52 [INFO]: Post bafyreicxzwxqthabj7pnlubsgptgkrsy3x7oxqkp3xahy6tv4gg5yqf2ju posted outside time limit. (get_posts bluesky.py:39)
2026-08-16 14:30:52 [DEBUG]: Post created at: 2026-01-12 13:15:19 (get_posts bluesky.py:33)
2026-08-16 14:30:52 [INFO]: Post bafyreibdn3xxyolwdpeqkewnnprrra2cgk5kbcxcbxywh4lkz3ulcilrqi posted outside time limit. (get_posts bluesky.py:39)
2026-08-16 14:30:52 [DEBUG]: Post created at: 2026-01-08 13:18:56 (get_posts bluesky.py:33)
2026-08-16 14:30:52 [INFO]: Post bafyreietgnh4gc7s4leq7bvqmrgmvznpshszycyy34rd4rnwavw5oghegy posted outside time limit. (get_posts bluesky.py:39)
2026-08-16 14:30:52 [DEBUG]: Post created at: 2025-12-29 13:08:03 (get_posts bluesky.py:33)
2026-08-16 14:30:52 [INFO]: Post bafyreid4dehmzir4jnany3gopw2xqocuxvcrs5fgjysjvzdyqst6gdaqdm posted outside time limit. (get_posts bluesky.py:39)
2026-08-16 14:30:52 [DEBUG]: Post created at: 2025-12-22 21:05:43 (get_posts bluesky.py:33)
2026-08-16 14:30:52 [INFO]: Post bafyreia4ptmpu6bn3etyypkc6dq3zupd4ryvt4ajc4gtsoig22py7c556m posted outside time limit. (get_posts bluesky.py:39)
2026-08-16 14:30:52 [WARNING]: No posts found from input. (get_posts fetch.py:18)
2026-08-16 16:34:13 [INFO]: Reading local database (read_db_file db.py:36)
2026-08-16 16:34:13 [INFO]: Reading cache of recent posts. (read_cache db.py:159)
2026-08-16 16:34:13 [DEBUG]: Cache: {} (read_cache db.py:179)
2026-08-16 16:34:13 [DEBUG]: Deleted: [] (read_cache db.py:180)
2026-08-16 16:34:13 [INFO]: Connecting to Bluesky: None. (bsky_connect connections.py:58)
2026-08-16 16:34:14 [INFO]: Reading session cache (session_cache_read connections.py:111)
2026-08-16 16:34:14 [INFO]: Connecting to Bluesky using saved session. (bsky_connect connections.py:66)
2026-08-16 16:34:14 [INFO]: Session changed: (on_session_change connections.py:104)
2026-08-16 16:34:14 [INFO]: Session changed: (on_session_change connections.py:104)
2026-08-16 16:34:14 [INFO]: Saving changed session (on_session_change connections.py:106)
2026-08-16 16:34:14 [INFO]: Saving session cache (session_cache_write connections.py:120)
2026-08-16 16:34:19 [INFO]: Creating new Bluesky session using password and username. (bsky_connect connections.py:70)
2026-08-16 16:34:19 [INFO]: Session changed: (on_session_change connections.py:104)
2026-08-16 16:34:19 [INFO]: Saving changed session (on_session_change connections.py:106)
2026-08-16 16:34:19 [INFO]: Saving session cache (session_cache_write connections.py:120)
2026-08-16 16:34:24 [ERROR]:  (bsky_connect connections.py:77)
2026-08-16 16:34:24 [DEBUG]: Traceback (most recent call last):
  File "/opt/hostedtoolcache/Python/3.12.13/x64/lib/python3.12/site-packages/httpx/_transports/default.py", line 101, in map_httpcore_exceptions
    yield
  File "/opt/hostedtoolcache/Python/3.12.13/x64/lib/python3.12/site-packages/httpx/_transports/default.py", line 250, in handle_request
    resp = self._pool.handle_request(req)
           ^^^^^^^^^^^^^^^^^^^^^^^^^^^^^^
  File "/opt/hostedtoolcache/Python/3.12.13/x64/lib/python3.12/site-packages/httpcore/_sync/connection_pool.py", line 256, in handle_request
    raise exc from None
  File "/opt/hostedtoolcache/Python/3.12.13/x64/lib/python3.12/site-packages/httpcore/_sync/connection_pool.py", line 236, in handle_request
    response = connection.handle_request(
               ^^^^^^^^^^^^^^^^^^^^^^^^^^
  File "/opt/hostedtoolcache/Python/3.12.13/x64/lib/python3.12/site-packages/httpcore/_sync/connection.py", line 103, in handle_request
    return self._connection.handle_request(request)
           ^^^^^^^^^^^^^^^^^^^^^^^^^^^^^^^^^^^^^^^^
  File "/opt/hostedtoolcache/Python/3.12.13/x64/lib/python3.12/site-packages/httpcore/_sync/http11.py", line 136, in handle_request
    raise exc
  File "/opt/hostedtoolcache/Python/3.12.13/x64/lib/python3.12/site-packages/httpcore/_sync/http11.py", line 106, in handle_request
    ) = self._receive_response_headers(**kwargs)
        ^^^^^^^^^^^^^^^^^^^^^^^^^^^^^^^^^^^^^^^^
  File "/opt/hostedtoolcache/Python/3.12.13/x64/lib/python3.12/site-packages/httpcore/_sync/http11.py", line 177, in _receive_response_headers
    event = self._receive_event(timeout=timeout)
            ^^^^^^^^^^^^^^^^^^^^^^^^^^^^^^^^^^^^
  File "/opt/hostedtoolcache/Python/3.12.13/x64/lib/python3.12/site-packages/httpcore/_sync/http11.py", line 217, in _receive_event
    data = self._network_stream.read(
           ^^^^^^^^^^^^^^^^^^^^^^^^^^
  File "/opt/hostedtoolcache/Python/3.12.13/x64/lib/python3.12/site-packages/httpcore/_backends/sync.py", line 126, in read
    with map_exceptions(exc_map):
         ^^^^^^^^^^^^^^^^^^^^^^^
  File "/opt/hostedtoolcache/Python/3.12.13/x64/lib/python3.12/contextlib.py", line 158, in __exit__
    self.gen.throw(value)
  File "/opt/hostedtoolcache/Python/3.12.13/x64/lib/python3.12/site-packages/httpcore/_exceptions.py", line 14, in map_exceptions
    raise to_exc(exc) from exc
httpcore.ReadTimeout: The read operation timed out

The above exception was the direct cause of the following exception:

Traceback (most recent call last):
  File "/opt/hostedtoolcache/Python/3.12.13/x64/lib/python3.12/site-packages/atproto_client/request.py", line 81, in _handle_request_errors
    raise exception
  File "/opt/hostedtoolcache/Python/3.12.13/x64/lib/python3.12/site-packages/atproto_client/request.py", line 203, in _send_request
    response = self._client.request(method=method, url=url, headers=headers, **kwargs)
               ^^^^^^^^^^^^^^^^^^^^^^^^^^^^^^^^^^^^^^^^^^^^^^^^^^^^^^^^^^^^^^^^^^^^^^^
  File "/opt/hostedtoolcache/Python/3.12.13/x64/lib/python3.12/site-packages/httpx/_client.py", line 825, in request
    return self.send(request, auth=auth, follow_redirects=follow_redirects)
           ^^^^^^^^^^^^^^^^^^^^^^^^^^^^^^^^^^^^^^^^^^^^^^^^^^^^^^^^^^^^^^^^
  File "/opt/hostedtoolcache/Python/3.12.13/x64/lib/python3.12/site-packages/httpx/_client.py", line 914, in send
    response = self._send_handling_auth(
               ^^^^^^^^^^^^^^^^^^^^^^^^^
  File "/opt/hostedtoolcache/Python/3.12.13/x64/lib/python3.12/site-packages/httpx/_client.py", line 942, in _send_handling_auth
    response = self._send_handling_redirects(
               ^^^^^^^^^^^^^^^^^^^^^^^^^^^^^^
  File "/opt/hostedtoolcache/Python/3.12.13/x64/lib/python3.12/site-packages/httpx/_client.py", line 979, in _send_handling_redirects
    response = self._send_single_request(request)
               ^^^^^^^^^^^^^^^^^^^^^^^^^^^^^^^^^^
  File "/opt/hostedtoolcache/Python/3.12.13/x64/lib/python3.12/site-packages/httpx/_client.py", line 1014, in _send_single_request
    response = transport.handle_request(request)
               ^^^^^^^^^^^^^^^^^^^^^^^^^^^^^^^^^
  File "/opt/hostedtoolcache/Python/3.12.13/x64/lib/python3.12/site-packages/httpx/_transports/default.py", line 249, in handle_request
    with map_httpcore_exceptions():
         ^^^^^^^^^^^^^^^^^^^^^^^^^
  File "/opt/hostedtoolcache/Python/3.12.13/x64/lib/python3.12/contextlib.py", line 158, in __exit__
    self.gen.throw(value)
  File "/opt/hostedtoolcache/Python/3.12.13/x64/lib/python3.12/site-packages/httpx/_transports/default.py", line 118, in map_httpcore_exceptions
    raise mapped_exc(message) from exc
httpx.ReadTimeout: The read operation timed out

The above exception was the direct cause of the following exception:

Traceback (most recent call last):
  File "/home/runner/work/bluesky-crossposter-fork-for-personal-use-not-development/bluesky-crossposter-fork-for-personal-use-not-development/main/connections.py", line 71, in bsky_connect
    bsky_connect._connection.login(BSKY_HANDLE, BSKY_PASSWORD)
  File "/opt/hostedtoolcache/Python/3.12.13/x64/lib/python3.12/site-packages/atproto_client/client/client.py", line 106, in login
    self.me = self.app.bsky.actor.get_profile(models.AppBskyActorGetProfile.Params(actor=session.handle))
              ^^^^^^^^^^^^^^^^^^^^^^^^^^^^^^^^^^^^^^^^^^^^^^^^^^^^^^^^^^^^^^^^^^^^^^^^^^^^^^^^^^^^^^^^^^^
  File "/opt/hostedtoolcache/Python/3.12.13/x64/lib/python3.12/site-packages/atproto_client/namespaces/sync_ns.py", line 398, in get_profile
    response = self._client.invoke_query(
               ^^^^^^^^^^^^^^^^^^^^^^^^^^
  File "/opt/hostedtoolcache/Python/3.12.13/x64/lib/python3.12/site-packages/atproto_client/client/base.py", line 108, in invoke_query
    return self._invoke(InvokeType.QUERY, url=self._build_url(nsid), params=params, data=data, **kwargs)
           ^^^^^^^^^^^^^^^^^^^^^^^^^^^^^^^^^^^^^^^^^^^^^^^^^^^^^^^^^^^^^^^^^^^^^^^^^^^^^^^^^^^^^^^^^^^^^
  File "/home/runner/work/bluesky-crossposter-fork-for-personal-use-not-development/bluesky-crossposter-fork-for-personal-use-not-development/main/expanded_client.py", line 21, in _invoke
    self.response = super()._invoke(*args, **kwargs)
                    ^^^^^^^^^^^^^^^^^^^^^^^^^^^^^^^^
  File "/opt/hostedtoolcache/Python/3.12.13/x64/lib/python3.12/site-packages/atproto_client/client/client.py", line 40, in _invoke
    return super()._invoke(invoke_type, **kwargs)
           ^^^^^^^^^^^^^^^^^^^^^^^^^^^^^^^^^^^^^^
  File "/opt/hostedtoolcache/Python/3.12.13/x64/lib/python3.12/site-packages/atproto_client/client/base.py", line 123, in _invoke
    return self.request.get(**kwargs)
           ^^^^^^^^^^^^^^^^^^^^^^^^^^
  File "/opt/hostedtoolcache/Python/3.12.13/x64/lib/python3.12/site-packages/atproto_client/request.py", line 213, in get
    return _parse_response(self._send_request('GET', *args, **kwargs))
                           ^^^^^^^^^^^^^^^^^^^^^^^^^^^^^^^^^^^^^^^^^^
  File "/opt/hostedtoolcache/Python/3.12.13/x64/lib/python3.12/site-packages/atproto_client/request.py", line 206, in _send_request
    _handle_request_errors(e)
  File "/opt/hostedtoolcache/Python/3.12.13/x64/lib/python3.12/site-packages/atproto_client/request.py", line 83, in _handle_request_errors
    raise exceptions.InvokeTimeoutError from e
atproto_client.exceptions.InvokeTimeoutError
 (bsky_connect connections.py:84)
2026-08-16 16:34:24 [ERROR]: Could not connect to Bluesky. (get_posts bluesky.py:16)
2026-08-16 16:34:24 [WARNING]: No posts found from input. (get_posts fetch.py:18)
2026-08-16 18:39:35 [INFO]: Reading local database (read_db_file db.py:36)
2026-08-16 18:39:35 [INFO]: Reading cache of recent posts. (read_cache db.py:159)
2026-08-16 18:39:35 [DEBUG]: Cache: {} (read_cache db.py:179)
2026-08-16 18:39:35 [DEBUG]: Deleted: [] (read_cache db.py:180)
2026-08-16 18:39:35 [INFO]: Connecting to Bluesky: None. (bsky_connect connections.py:58)
2026-08-16 18:39:35 [INFO]: Reading session cache (session_cache_read connections.py:111)
2026-08-16 18:39:35 [INFO]: Connecting to Bluesky using saved session. (bsky_connect connections.py:66)
2026-08-16 18:39:35 [INFO]: Session changed: (on_session_change connections.py:104)
2026-08-16 18:39:35 [INFO]: Session changed: (on_session_change connections.py:104)
2026-08-16 18:39:35 [INFO]: Saving changed session (on_session_change connections.py:106)
2026-08-16 18:39:35 [INFO]: Saving session cache (session_cache_write connections.py:120)
2026-08-16 18:39:35 [INFO]: Successfully logged in to Bluesky using saved session. (bsky_connect connections.py:68)
2026-08-16 18:39:35 [INFO]: Saving session cache (session_cache_write connections.py:120)
2026-08-16 18:39:35 [INFO]: Gathering posts from Bluesky (get_posts bluesky.py:18)
2026-08-16 18:39:40 [ERROR]: Could not fetch posts:  (run run.py:11)
2026-08-16 18:39:40 [DEBUG]: Traceback (most recent call last):
  File "/opt/hostedtoolcache/Python/3.12.13/x64/lib/python3.12/site-packages/httpx/_transports/default.py", line 101, in map_httpcore_exceptions
    yield
  File "/opt/hostedtoolcache/Python/3.12.13/x64/lib/python3.12/site-packages/httpx/_transports/default.py", line 250, in handle_request
    resp = self._pool.handle_request(req)
           ^^^^^^^^^^^^^^^^^^^^^^^^^^^^^^
  File "/opt/hostedtoolcache/Python/3.12.13/x64/lib/python3.12/site-packages/httpcore/_sync/connection_pool.py", line 256, in handle_request
    raise exc from None
  File "/opt/hostedtoolcache/Python/3.12.13/x64/lib/python3.12/site-packages/httpcore/_sync/connection_pool.py", line 236, in handle_request
    response = connection.handle_request(
               ^^^^^^^^^^^^^^^^^^^^^^^^^^
  File "/opt/hostedtoolcache/Python/3.12.13/x64/lib/python3.12/site-packages/httpcore/_sync/connection.py", line 103, in handle_request
    return self._connection.handle_request(request)
           ^^^^^^^^^^^^^^^^^^^^^^^^^^^^^^^^^^^^^^^^
  File "/opt/hostedtoolcache/Python/3.12.13/x64/lib/python3.12/site-packages/httpcore/_sync/http11.py", line 136, in handle_request
    raise exc
  File "/opt/hostedtoolcache/Python/3.12.13/x64/lib/python3.12/site-packages/httpcore/_sync/http11.py", line 106, in handle_request
    ) = self._receive_response_headers(**kwargs)
        ^^^^^^^^^^^^^^^^^^^^^^^^^^^^^^^^^^^^^^^^
  File "/opt/hostedtoolcache/Python/3.12.13/x64/lib/python3.12/site-packages/httpcore/_sync/http11.py", line 177, in _receive_response_headers
    event = self._receive_event(timeout=timeout)
            ^^^^^^^^^^^^^^^^^^^^^^^^^^^^^^^^^^^^
  File "/opt/hostedtoolcache/Python/3.12.13/x64/lib/python3.12/site-packages/httpcore/_sync/http11.py", line 217, in _receive_event
    data = self._network_stream.read(
           ^^^^^^^^^^^^^^^^^^^^^^^^^^
  File "/opt/hostedtoolcache/Python/3.12.13/x64/lib/python3.12/site-packages/httpcore/_backends/sync.py", line 126, in read
    with map_exceptions(exc_map):
         ^^^^^^^^^^^^^^^^^^^^^^^
  File "/opt/hostedtoolcache/Python/3.12.13/x64/lib/python3.12/contextlib.py", line 158, in __exit__
    self.gen.throw(value)
  File "/opt/hostedtoolcache/Python/3.12.13/x64/lib/python3.12/site-packages/httpcore/_exceptions.py", line 14, in map_exceptions
    raise to_exc(exc) from exc
httpcore.ReadTimeout: The read operation timed out

The above exception was the direct cause of the following exception:

Traceback (most recent call last):
  File "/opt/hostedtoolcache/Python/3.12.13/x64/lib/python3.12/site-packages/atproto_client/request.py", line 81, in _handle_request_errors
    raise exception
  File "/opt/hostedtoolcache/Python/3.12.13/x64/lib/python3.12/site-packages/atproto_client/request.py", line 203, in _send_request
    response = self._client.request(method=method, url=url, headers=headers, **kwargs)
               ^^^^^^^^^^^^^^^^^^^^^^^^^^^^^^^^^^^^^^^^^^^^^^^^^^^^^^^^^^^^^^^^^^^^^^^
  File "/opt/hostedtoolcache/Python/3.12.13/x64/lib/python3.12/site-packages/httpx/_client.py", line 825, in request
    return self.send(request, auth=auth, follow_redirects=follow_redirects)
           ^^^^^^^^^^^^^^^^^^^^^^^^^^^^^^^^^^^^^^^^^^^^^^^^^^^^^^^^^^^^^^^^
  File "/opt/hostedtoolcache/Python/3.12.13/x64/lib/python3.12/site-packages/httpx/_client.py", line 914, in send
    response = self._send_handling_auth(
               ^^^^^^^^^^^^^^^^^^^^^^^^^
  File "/opt/hostedtoolcache/Python/3.12.13/x64/lib/python3.12/site-packages/httpx/_client.py", line 942, in _send_handling_auth
    response = self._send_handling_redirects(
               ^^^^^^^^^^^^^^^^^^^^^^^^^^^^^^
  File "/opt/hostedtoolcache/Python/3.12.13/x64/lib/python3.12/site-packages/httpx/_client.py", line 979, in _send_handling_redirects
    response = self._send_single_request(request)
               ^^^^^^^^^^^^^^^^^^^^^^^^^^^^^^^^^^
  File "/opt/hostedtoolcache/Python/3.12.13/x64/lib/python3.12/site-packages/httpx/_client.py", line 1014, in _send_single_request
    response = transport.handle_request(request)
               ^^^^^^^^^^^^^^^^^^^^^^^^^^^^^^^^^
  File "/opt/hostedtoolcache/Python/3.12.13/x64/lib/python3.12/site-packages/httpx/_transports/default.py", line 249, in handle_request
    with map_httpcore_exceptions():
         ^^^^^^^^^^^^^^^^^^^^^^^^^
  File "/opt/hostedtoolcache/Python/3.12.13/x64/lib/python3.12/contextlib.py", line 158, in __exit__
    self.gen.throw(value)
  File "/opt/hostedtoolcache/Python/3.12.13/x64/lib/python3.12/site-packages/httpx/_transports/default.py", line 118, in map_httpcore_exceptions
    raise mapped_exc(message) from exc
httpx.ReadTimeout: The read operation timed out

The above exception was the direct cause of the following exception:

Traceback (most recent call last):
  File "/home/runner/work/bluesky-crossposter-fork-for-personal-use-not-development/bluesky-crossposter-fork-for-personal-use-not-development/run.py", line 9, in run
    queues = get_posts()
             ^^^^^^^^^^^
  File "/home/runner/work/bluesky-crossposter-fork-for-personal-use-not-development/bluesky-crossposter-fork-for-personal-use-not-development/input/fetch.py", line 12, in get_posts
    posts = bluesky.get_posts()
            ^^^^^^^^^^^^^^^^^^^
  File "/home/runner/work/bluesky-crossposter-fork-for-personal-use-not-development/bluesky-crossposter-fork-for-personal-use-not-development/input/bluesky.py", line 21, in get_posts
    profile_feed = bsky.app.bsky.feed.get_author_feed({'actor': BSKY_HANDLE})
                   ^^^^^^^^^^^^^^^^^^^^^^^^^^^^^^^^^^^^^^^^^^^^^^^^^^^^^^^^^^
  File "/opt/hostedtoolcache/Python/3.12.13/x64/lib/python3.12/site-packages/atproto_client/namespaces/sync_ns.py", line 2073, in get_author_feed
    response = self._client.invoke_query(
               ^^^^^^^^^^^^^^^^^^^^^^^^^^
  File "/opt/hostedtoolcache/Python/3.12.13/x64/lib/python3.12/site-packages/atproto_client/client/base.py", line 108, in invoke_query
    return self._invoke(InvokeType.QUERY, url=self._build_url(nsid), params=params, data=data, **kwargs)
           ^^^^^^^^^^^^^^^^^^^^^^^^^^^^^^^^^^^^^^^^^^^^^^^^^^^^^^^^^^^^^^^^^^^^^^^^^^^^^^^^^^^^^^^^^^^^^
  File "/home/runner/work/bluesky-crossposter-fork-for-personal-use-not-development/bluesky-crossposter-fork-for-personal-use-not-development/main/expanded_client.py", line 21, in _invoke
    self.response = super()._invoke(*args, **kwargs)
                    ^^^^^^^^^^^^^^^^^^^^^^^^^^^^^^^^
  File "/opt/hostedtoolcache/Python/3.12.13/x64/lib/python3.12/site-packages/atproto_client/client/client.py", line 40, in _invoke
    return super()._invoke(invoke_type, **kwargs)
           ^^^^^^^^^^^^^^^^^^^^^^^^^^^^^^^^^^^^^^
  File "/opt/hostedtoolcache/Python/3.12.13/x64/lib/python3.12/site-packages/atproto_client/client/base.py", line 123, in _invoke
    return self.request.get(**kwargs)
           ^^^^^^^^^^^^^^^^^^^^^^^^^^
  File "/opt/hostedtoolcache/Python/3.12.13/x64/lib/python3.12/site-packages/atproto_client/request.py", line 213, in get
    return _parse_response(self._send_request('GET', *args, **kwargs))
                           ^^^^^^^^^^^^^^^^^^^^^^^^^^^^^^^^^^^^^^^^^^
  File "/opt/hostedtoolcache/Python/3.12.13/x64/lib/python3.12/site-packages/atproto_client/request.py", line 206, in _send_request
    _handle_request_errors(e)
  File "/opt/hostedtoolcache/Python/3.12.13/x64/lib/python3.12/site-packages/atproto_client/request.py", line 83, in _handle_request_errors
    raise exceptions.InvokeTimeoutError from e
atproto_client.exceptions.InvokeTimeoutError
 (run run.py:12)
2026-08-16 20:31:19 [INFO]: Reading local database (read_db_file db.py:36)
2026-08-16 20:31:19 [INFO]: Reading cache of recent posts. (read_cache db.py:159)
2026-08-16 20:31:19 [DEBUG]: Cache: {} (read_cache db.py:179)
2026-08-16 20:31:19 [DEBUG]: Deleted: [] (read_cache db.py:180)
2026-08-16 20:31:19 [INFO]: Connecting to Bluesky: None. (bsky_connect connections.py:58)
2026-08-16 20:31:19 [INFO]: Reading session cache (session_cache_read connections.py:111)
2026-08-16 20:31:19 [INFO]: Connecting to Bluesky using saved session. (bsky_connect connections.py:66)
2026-08-16 20:31:19 [INFO]: Session changed: (on_session_change connections.py:104)
2026-08-16 20:31:20 [INFO]: Session changed: (on_session_change connections.py:104)
2026-08-16 20:31:20 [INFO]: Saving changed session (on_session_change connections.py:106)
2026-08-16 20:31:20 [INFO]: Saving session cache (session_cache_write connections.py:120)
2026-08-16 20:31:20 [INFO]: Successfully logged in to Bluesky using saved session. (bsky_connect connections.py:68)
2026-08-16 20:31:20 [INFO]: Saving session cache (session_cache_write connections.py:120)
2026-08-16 20:31:20 [INFO]: Gathering posts from Bluesky (get_posts bluesky.py:18)
2026-08-16 20:31:20 [DEBUG]: Post created at: 2026-08-11 18:33:44 (get_posts bluesky.py:33)
2026-08-16 20:31:20 [INFO]: Post bafyreif6z4mshhjzw7nskbqsktlhq7d5i6vyhy2jxtmu3t2zgw4m2fhavq posted outside time limit. (get_posts bluesky.py:39)
2026-08-16 20:31:20 [DEBUG]: Post created at: 2026-08-06 12:27:25 (get_posts bluesky.py:33)
2026-08-16 20:31:20 [INFO]: Post bafyreibx2vnv3hheqm2susm6rhiultlk6eaptkwbnjmhajzicwe22gfbjm posted outside time limit. (get_posts bluesky.py:39)
2026-08-16 20:31:20 [DEBUG]: Post created at: 2026-08-05 13:39:02 (get_posts bluesky.py:33)
2026-08-16 20:31:20 [INFO]: Post bafyreihtizm7ymakkbho3vywrcve77otdl2txadgxgoyrni5hseaisrszy posted outside time limit. (get_posts bluesky.py:39)
2026-08-16 20:31:20 [DEBUG]: Post created at: 2026-07-23 15:16:51 (get_posts bluesky.py:33)
2026-08-16 20:31:20 [INFO]: Post bafyreif6f2ek3doxuknizkn2jatdtqesoby5hz3wipn4vbnlm6aof6titm posted outside time limit. (get_posts bluesky.py:39)
2026-08-16 20:31:20 [DEBUG]: Post created at: 2026-07-22 15:15:36 (get_posts bluesky.py:33)
2026-08-16 20:31:20 [INFO]: Post bafyreigbxvo544aahrqrrukb3i2h6nnnjv73bddkd5gewt73b2fqovobui posted outside time limit. (get_posts bluesky.py:39)
2026-08-16 20:31:20 [DEBUG]: Post created at: 2026-07-20 12:33:32 (get_posts bluesky.py:33)
2026-08-16 20:31:20 [INFO]: Post bafyreibrtm3v3ucg73br5shdear4zmw4w5f33w5q2ulxbcrf4suakyhmpq posted outside time limit. (get_posts bluesky.py:39)
2026-08-16 20:31:20 [DEBUG]: Post created at: 2026-07-17 11:35:56 (get_posts bluesky.py:33)
2026-08-16 20:31:20 [INFO]: Post bafyreidtxvowahst6h6tvquj5g3uo26gjcgmkvggwg3e44pchoyq4unb4i posted outside time limit. (get_posts bluesky.py:39)
2026-08-16 20:31:20 [DEBUG]: Post created at: 2026-07-06 14:05:46 (get_posts bluesky.py:33)
2026-08-16 20:31:20 [INFO]: Post bafyreiblrulfzvgmmsltp3nywyhksmj4dr257fkhuhoquhhh4vkwr4zzsu posted outside time limit. (get_posts bluesky.py:39)
2026-08-16 20:31:20 [DEBUG]: Post created at: 2026-06-30 16:37:16 (get_posts bluesky.py:33)
2026-08-16 20:31:20 [INFO]: Post bafyreib46tjmeeqwcvj6wiw75b24fza7oug4heiy2ciuww366uibqrqsbe posted outside time limit. (get_posts bluesky.py:39)
2026-08-16 20:31:20 [DEBUG]: Post created at: 2026-06-24 11:17:45 (get_posts bluesky.py:33)
2026-08-16 20:31:20 [INFO]: Post bafyreidt2ygeayems7i7paeb24ig5l2v7lcmtfhrdi4uhrxfjm4thubecq posted outside time limit. (get_posts bluesky.py:39)
2026-08-16 20:31:20 [DEBUG]: Post created at: 2026-06-17 13:46:03 (get_posts bluesky.py:33)
2026-08-16 20:31:20 [INFO]: Post bafyreieekpu7ys5y3dujnzaoq62fikjxndci6yr6qzasdfictup376i3lq posted outside time limit. (get_posts bluesky.py:39)
2026-08-16 20:31:20 [DEBUG]: Post created at: 2026-06-02 18:05:16 (get_posts bluesky.py:33)
2026-08-16 20:31:20 [INFO]: Post bafyreibwhlbkkwktshb56dytljna7wlvy45dkdd7vqawv5xpvqd3btb5tu posted outside time limit. (get_posts bluesky.py:39)
2026-08-16 20:31:20 [DEBUG]: Post created at: 2026-05-28 12:42:25 (get_posts bluesky.py:33)
2026-08-16 20:31:20 [INFO]: Post bafyreigew3jv7boj7icxdil3sho3r5u6qnvgmiwkfvx5yszmyzbwuz7pwu posted outside time limit. (get_posts bluesky.py:39)
2026-08-16 20:31:20 [DEBUG]: Post created at: 2026-05-27 18:13:32 (get_posts bluesky.py:33)
2026-08-16 20:31:20 [INFO]: Post bafyreicomu6cn7rxnkk4gmfp235wbntlseyony4hstbw3m5ipnxjqzma54 posted outside time limit. (get_posts bluesky.py:39)
2026-08-16 20:31:20 [DEBUG]: Post created at: 2026-05-21 16:52:19 (get_posts bluesky.py:33)
2026-08-16 20:31:20 [INFO]: Post bafyreifgxpvh535rsbgturdrvuix3yrkwwzdxxfvmcif3tgn5ae46i25ca posted outside time limit. (get_posts bluesky.py:39)
2026-08-16 20:31:20 [DEBUG]: Post created at: 2026-05-18 11:38:35 (get_posts bluesky.py:33)
2026-08-16 20:31:20 [INFO]: Post bafyreif3vacnffmfmavpf7x2gwtddexvcrqmcetogbnzbca52sfygsnl3i posted outside time limit. (get_posts bluesky.py:39)
2026-08-16 20:31:20 [DEBUG]: Post created at: 2026-05-12 12:15:04 (get_posts bluesky.py:33)
2026-08-16 20:31:20 [INFO]: Post bafyreigir5vldhynmmhee7b5scolawrc2twgukmpbfvlrc66aqji4vlbbu posted outside time limit. (get_posts bluesky.py:39)
2026-08-16 20:31:20 [DEBUG]: Post created at: 2026-05-07 13:44:19 (get_posts bluesky.py:33)
2026-08-16 20:31:20 [INFO]: Post bafyreibmmqchdd5ocewgcdwj2zawtqsn5jlx7jumuqdij7nn6f77t3tpri posted outside time limit. (get_posts bluesky.py:39)
2026-08-16 20:31:20 [DEBUG]: Post created at: 2026-05-04 12:46:03 (get_posts bluesky.py:33)
2026-08-16 20:31:20 [INFO]: Post bafyreicpdt7qhotsxspx6lo4xl5rwzxeeanscduabrvruycpppoonyz6tm posted outside time limit. (get_posts bluesky.py:39)
2026-08-16 20:31:20 [DEBUG]: Post created at: 2026-04-30 14:02:43 (get_posts bluesky.py:33)
2026-08-16 20:31:20 [INFO]: Post bafyreie2qsbv7gjgphjshteqeuzf4pe2dkr4cu3aty2a27kjai4swzebtq posted outside time limit. (get_posts bluesky.py:39)
2026-08-16 20:31:20 [DEBUG]: Post created at: 2026-04-22 14:53:48 (get_posts bluesky.py:33)
2026-08-16 20:31:20 [INFO]: Post bafyreicdui5gpvu6eri4oggsvvgxqb4rb3oy3l2ymmnmffpwz6t3oz2yne posted outside time limit. (get_posts bluesky.py:39)
2026-08-16 20:31:20 [DEBUG]: Post created at: 2026-04-15 13:40:00 (get_posts bluesky.py:33)
2026-08-16 20:31:20 [INFO]: Post bafyreidshdytdhy7f6q3a5yuchedy53verbugnulbbwvllnxofvzpze4re posted outside time limit. (get_posts bluesky.py:39)
2026-08-16 20:31:20 [DEBUG]: Post created at: 2026-04-13 16:38:02 (get_posts bluesky.py:33)
2026-08-16 20:31:20 [INFO]: Post bafyreiauh7o5v67ac256ngxkoqkqnio2e2kmdzdzzqt6vxq32td7gatkmy posted outside time limit. (get_posts bluesky.py:39)
2026-08-16 20:31:20 [DEBUG]: Post created at: 2026-04-10 13:14:36 (get_posts bluesky.py:33)
2026-08-16 20:31:20 [INFO]: Post bafyreifrh7fshwfax4ntkkzh4kal7hstv46kgxa4qlogxu7z7gjxr3ppgu posted outside time limit. (get_posts bluesky.py:39)
2026-08-16 20:31:20 [DEBUG]: Post created at: 2026-04-01 14:22:07 (get_posts bluesky.py:33)
2026-08-16 20:31:20 [INFO]: Post bafyreih2ht6th7xmwvmptcmfdfr5cbdgeavpps6jqyt6xysm37j34w6rge posted outside time limit. (get_posts bluesky.py:39)
2026-08-16 20:31:20 [DEBUG]: Post created at: 2026-03-26 14:42:37 (get_posts bluesky.py:33)
2026-08-16 20:31:20 [INFO]: Post bafyreicfxh453sypukedfr6mfj76tr6uz3osxwb3jfv5ywwecuvhbf267u posted outside time limit. (get_posts bluesky.py:39)
2026-08-16 20:31:20 [DEBUG]: Post created at: 2026-03-26 13:54:10 (get_posts bluesky.py:33)
2026-08-16 20:31:20 [INFO]: Post bafyreifuq22kydpi7ctnxtvy6zww2yzomvsrhq6x2dleqjas62m3p5zo3m posted outside time limit. (get_posts bluesky.py:39)
2026-08-16 20:31:20 [DEBUG]: Post created at: 2026-03-24 22:10:18 (get_posts bluesky.py:33)
2026-08-16 20:31:20 [INFO]: Post bafyreigv5zvvt4yc5xsxkjjliryumxazef75ib5hsmnhtibcncwxoxvnfm posted outside time limit. (get_posts bluesky.py:39)
2026-08-16 20:31:20 [DEBUG]: Post created at: 2026-03-19 14:44:04 (get_posts bluesky.py:33)
2026-08-16 20:31:20 [INFO]: Post bafyreif2f6qv2mgg6cd7amog5rhlfce6br7a6jwoygh7j5szpujkxbw7lq posted outside time limit. (get_posts bluesky.py:39)
2026-08-16 20:31:20 [DEBUG]: Post created at: 2026-03-11 15:06:56 (get_posts bluesky.py:33)
2026-08-16 20:31:20 [INFO]: Post bafyreicdvogziwifeeulpxdanjzw2hhz2x563zmhsulsol6cc2g4awgdzm posted outside time limit. (get_posts bluesky.py:39)
2026-08-16 20:31:20 [DEBUG]: Post created at: 2026-03-10 13:42:44 (get_posts bluesky.py:33)
2026-08-16 20:31:20 [INFO]: Post bafyreievqd6tqe2jmv27cfpq5qfipsop37wgy5tmnrxcgj5pg6c73ziqhe posted outside time limit. (get_posts bluesky.py:39)
2026-08-16 20:31:20 [DEBUG]: Post created at: 2026-02-27 13:14:55 (get_posts bluesky.py:33)
2026-08-16 20:31:20 [INFO]: Post bafyreihnhuuasms57pqkf7igt3c76hf6yngh75wdqpi2zsjqkyv33mn45e posted outside time limit. (get_posts bluesky.py:39)
2026-08-16 20:31:20 [DEBUG]: Post created at: 2026-02-24 16:23:10 (get_posts bluesky.py:33)
2026-08-16 20:31:20 [INFO]: Post bafyreide2tzdyz3qhqvp6dvacl4lo2xhv6sr6gx3jq6ogve525scwql7mi posted outside time limit. (get_posts bluesky.py:39)
2026-08-16 20:31:20 [DEBUG]: Post created at: 2026-02-18 15:42:15 (get_posts bluesky.py:33)
2026-08-16 20:31:20 [INFO]: Post bafyreierb4dlpinmyb7vig7fxqcvt3jgwebafz4bjndrkfzydb5hago4py posted outside time limit. (get_posts bluesky.py:39)
2026-08-16 20:31:20 [DEBUG]: Post created at: 2026-02-13 13:50:14 (get_posts bluesky.py:33)
2026-08-16 20:31:20 [INFO]: Post bafyreiaig2my7kiizjlekleu7edp5chbzu4tonydswkd7j4xawrrklnpea posted outside time limit. (get_posts bluesky.py:39)
2026-08-16 20:31:20 [DEBUG]: Post created at: 2026-02-11 15:17:23 (get_posts bluesky.py:33)
2026-08-16 20:31:20 [INFO]: Post bafyreiaggywu7xfcr3hdbey7tqklccqal2ixepuh6oxtqkyabjhrfpey5y posted outside time limit. (get_posts bluesky.py:39)
2026-08-16 20:31:20 [DEBUG]: Post created at: 2026-02-09 20:47:56 (get_posts bluesky.py:33)
2026-08-16 20:31:20 [INFO]: Post bafyreiegxryprnsav7l5m2duvjrdpuxmd62pglm6dfhladwumo6hb7n73m posted outside time limit. (get_posts bluesky.py:39)
2026-08-16 20:31:20 [DEBUG]: Post created at: 2026-02-04 21:31:32 (get_posts bluesky.py:33)
2026-08-16 20:31:20 [INFO]: Post bafyreiauk2lyeyl7tomeltjaadmgz4auvla2j6itigb2wsu6n52sqbwndu posted outside time limit. (get_posts bluesky.py:39)
2026-08-16 20:31:20 [DEBUG]: Post created at: 2026-02-03 15:53:41 (get_posts bluesky.py:33)
2026-08-16 20:31:20 [INFO]: Post bafyreidbfzjy6zmupb6yp2zrp77ulb7ejvdfu2lawhjkdhg7ekkfoyfzke posted outside time limit. (get_posts bluesky.py:39)
2026-08-16 20:31:20 [DEBUG]: Post created at: 2026-02-02 14:12:40 (get_posts bluesky.py:33)
2026-08-16 20:31:20 [INFO]: Post bafyreibs77nvnmgxegsi2a3q34gvw6gvtffjrta3mgvjmmxq6dagrlaprq posted outside time limit. (get_posts bluesky.py:39)
2026-08-16 20:31:20 [DEBUG]: Post created at: 2026-01-31 17:16:33 (get_posts bluesky.py:33)
2026-08-16 20:31:20 [INFO]: Post bafyreidu7qm22ionzyatpqfiuqfyiio3royiaf4beodokuiwns6f6cl53i posted outside time limit. (get_posts bluesky.py:39)
2026-08-16 20:31:20 [DEBUG]: Post created at: 2026-01-28 13:09:15 (get_posts bluesky.py:33)
2026-08-16 20:31:20 [INFO]: Post bafyreiagqnn3nlo5ftumr3kbsm6zji76ga24ki2373uhb3xxl4o6orajka posted outside time limit. (get_posts bluesky.py:39)
2026-08-16 20:31:20 [DEBUG]: Post created at: 2026-01-27 12:33:02 (get_posts bluesky.py:33)
2026-08-16 20:31:20 [INFO]: Post bafyreifuscbokcel27xngzhkrzopzkb632pmpljpmmbbure5jn5hevtsgq posted outside time limit. (get_posts bluesky.py:39)
2026-08-16 20:31:20 [DEBUG]: Post created at: 2026-01-22 14:21:10 (get_posts bluesky.py:33)
2026-08-16 20:31:20 [INFO]: Post bafyreiagapzgbtv5j2rsn573qr7o7kz73t74l7ypk2eyfahtf6sc5fdjsi posted outside time limit. (get_posts bluesky.py:39)
2026-08-16 20:31:20 [DEBUG]: Post created at: 2026-01-21 13:15:06 (get_posts bluesky.py:33)
2026-08-16 20:31:20 [INFO]: Post bafyreie6wukbdijlqzvjkk4ifh26mdphsaajw26hlqdkohpqcwhuvinmyq posted outside time limit. (get_posts bluesky.py:39)
2026-08-16 20:31:20 [DEBUG]: Post created at: 2026-01-16 16:05:12 (get_posts bluesky.py:33)
2026-08-16 20:31:20 [INFO]: Post bafyreicxzwxqthabj7pnlubsgptgkrsy3x7oxqkp3xahy6tv4gg5yqf2ju posted outside time limit. (get_posts bluesky.py:39)
2026-08-16 20:31:20 [DEBUG]: Post created at: 2026-01-12 13:15:19 (get_posts bluesky.py:33)
2026-08-16 20:31:20 [INFO]: Post bafyreibdn3xxyolwdpeqkewnnprrra2cgk5kbcxcbxywh4lkz3ulcilrqi posted outside time limit. (get_posts bluesky.py:39)
2026-08-16 20:31:20 [DEBUG]: Post created at: 2026-01-08 13:18:56 (get_posts bluesky.py:33)
2026-08-16 20:31:20 [INFO]: Post bafyreietgnh4gc7s4leq7bvqmrgmvznpshszycyy34rd4rnwavw5oghegy posted outside time limit. (get_posts bluesky.py:39)
2026-08-16 20:31:20 [DEBUG]: Post created at: 2025-12-29 13:08:03 (get_posts bluesky.py:33)
2026-08-16 20:31:20 [INFO]: Post bafyreid4dehmzir4jnany3gopw2xqocuxvcrs5fgjysjvzdyqst6gdaqdm posted outside time limit. (get_posts bluesky.py:39)
2026-08-16 20:31:20 [DEBUG]: Post created at: 2025-12-22 21:05:43 (get_posts bluesky.py:33)
2026-08-16 20:31:20 [INFO]: Post bafyreia4ptmpu6bn3etyypkc6dq3zupd4ryvt4ajc4gtsoig22py7c556m posted outside time limit. (get_posts bluesky.py:39)
2026-08-16 20:31:20 [WARNING]: No posts found from input. (get_posts fetch.py:18)
2026-08-16 22:29:28 [INFO]: Reading local database (read_db_file db.py:36)
2026-08-16 22:29:28 [INFO]: Reading cache of recent posts. (read_cache db.py:159)
2026-08-16 22:29:28 [DEBUG]: Cache: {} (read_cache db.py:179)
2026-08-16 22:29:28 [DEBUG]: Deleted: [] (read_cache db.py:180)
2026-08-16 22:29:28 [INFO]: Connecting to Bluesky: None. (bsky_connect connections.py:58)
2026-08-16 22:29:28 [INFO]: Reading session cache (session_cache_read connections.py:111)
2026-08-16 22:29:28 [INFO]: Connecting to Bluesky using saved session. (bsky_connect connections.py:66)
2026-08-16 22:29:28 [INFO]: Session changed: (on_session_change connections.py:104)
2026-08-16 22:29:30 [INFO]: Session changed: (on_session_change connections.py:104)
2026-08-16 22:29:30 [INFO]: Saving changed session (on_session_change connections.py:106)
2026-08-16 22:29:30 [INFO]: Saving session cache (session_cache_write connections.py:120)
2026-08-16 22:29:30 [INFO]: Successfully logged in to Bluesky using saved session. (bsky_connect connections.py:68)
2026-08-16 22:29:30 [INFO]: Saving session cache (session_cache_write connections.py:120)
2026-08-16 22:29:30 [INFO]: Gathering posts from Bluesky (get_posts bluesky.py:18)
2026-08-16 22:29:31 [DEBUG]: Post created at: 2026-08-11 18:33:44 (get_posts bluesky.py:33)
2026-08-16 22:29:31 [INFO]: Post bafyreif6z4mshhjzw7nskbqsktlhq7d5i6vyhy2jxtmu3t2zgw4m2fhavq posted outside time limit. (get_posts bluesky.py:39)
2026-08-16 22:29:31 [DEBUG]: Post created at: 2026-08-06 12:27:25 (get_posts bluesky.py:33)
2026-08-16 22:29:31 [INFO]: Post bafyreibx2vnv3hheqm2susm6rhiultlk6eaptkwbnjmhajzicwe22gfbjm posted outside time limit. (get_posts bluesky.py:39)
2026-08-16 22:29:31 [DEBUG]: Post created at: 2026-08-05 13:39:02 (get_posts bluesky.py:33)
2026-08-16 22:29:31 [INFO]: Post bafyreihtizm7ymakkbho3vywrcve77otdl2txadgxgoyrni5hseaisrszy posted outside time limit. (get_posts bluesky.py:39)
2026-08-16 22:29:31 [DEBUG]: Post created at: 2026-07-23 15:16:51 (get_posts bluesky.py:33)
2026-08-16 22:29:31 [INFO]: Post bafyreif6f2ek3doxuknizkn2jatdtqesoby5hz3wipn4vbnlm6aof6titm posted outside time limit. (get_posts bluesky.py:39)
2026-08-16 22:29:31 [DEBUG]: Post created at: 2026-07-22 15:15:36 (get_posts bluesky.py:33)
2026-08-16 22:29:31 [INFO]: Post bafyreigbxvo544aahrqrrukb3i2h6nnnjv73bddkd5gewt73b2fqovobui posted outside time limit. (get_posts bluesky.py:39)
2026-08-16 22:29:31 [DEBUG]: Post created at: 2026-07-20 12:33:32 (get_posts bluesky.py:33)
2026-08-16 22:29:31 [INFO]: Post bafyreibrtm3v3ucg73br5shdear4zmw4w5f33w5q2ulxbcrf4suakyhmpq posted outside time limit. (get_posts bluesky.py:39)
2026-08-16 22:29:31 [DEBUG]: Post created at: 2026-07-17 11:35:56 (get_posts bluesky.py:33)
2026-08-16 22:29:31 [INFO]: Post bafyreidtxvowahst6h6tvquj5g3uo26gjcgmkvggwg3e44pchoyq4unb4i posted outside time limit. (get_posts bluesky.py:39)
2026-08-16 22:29:31 [DEBUG]: Post created at: 2026-07-06 14:05:46 (get_posts bluesky.py:33)
2026-08-16 22:29:31 [INFO]: Post bafyreiblrulfzvgmmsltp3nywyhksmj4dr257fkhuhoquhhh4vkwr4zzsu posted outside time limit. (get_posts bluesky.py:39)
2026-08-16 22:29:31 [DEBUG]: Post created at: 2026-06-30 16:37:16 (get_posts bluesky.py:33)
2026-08-16 22:29:31 [INFO]: Post bafyreib46tjmeeqwcvj6wiw75b24fza7oug4heiy2ciuww366uibqrqsbe posted outside time limit. (get_posts bluesky.py:39)
2026-08-16 22:29:31 [DEBUG]: Post created at: 2026-06-24 11:17:45 (get_posts bluesky.py:33)
2026-08-16 22:29:31 [INFO]: Post bafyreidt2ygeayems7i7paeb24ig5l2v7lcmtfhrdi4uhrxfjm4thubecq posted outside time limit. (get_posts bluesky.py:39)
2026-08-16 22:29:31 [DEBUG]: Post created at: 2026-06-17 13:46:03 (get_posts bluesky.py:33)
2026-08-16 22:29:31 [INFO]: Post bafyreieekpu7ys5y3dujnzaoq62fikjxndci6yr6qzasdfictup376i3lq posted outside time limit. (get_posts bluesky.py:39)
2026-08-16 22:29:31 [DEBUG]: Post created at: 2026-06-02 18:05:16 (get_posts bluesky.py:33)
2026-08-16 22:29:31 [INFO]: Post bafyreibwhlbkkwktshb56dytljna7wlvy45dkdd7vqawv5xpvqd3btb5tu posted outside time limit. (get_posts bluesky.py:39)
2026-08-16 22:29:31 [DEBUG]: Post created at: 2026-05-28 12:42:25 (get_posts bluesky.py:33)
2026-08-16 22:29:31 [INFO]: Post bafyreigew3jv7boj7icxdil3sho3r5u6qnvgmiwkfvx5yszmyzbwuz7pwu posted outside time limit. (get_posts bluesky.py:39)
2026-08-16 22:29:31 [DEBUG]: Post created at: 2026-05-27 18:13:32 (get_posts bluesky.py:33)
2026-08-16 22:29:31 [INFO]: Post bafyreicomu6cn7rxnkk4gmfp235wbntlseyony4hstbw3m5ipnxjqzma54 posted outside time limit. (get_posts bluesky.py:39)
2026-08-16 22:29:31 [DEBUG]: Post created at: 2026-05-21 16:52:19 (get_posts bluesky.py:33)
2026-08-16 22:29:31 [INFO]: Post bafyreifgxpvh535rsbgturdrvuix3yrkwwzdxxfvmcif3tgn5ae46i25ca posted outside time limit. (get_posts bluesky.py:39)
2026-08-16 22:29:31 [DEBUG]: Post created at: 2026-05-18 11:38:35 (get_posts bluesky.py:33)
2026-08-16 22:29:31 [INFO]: Post bafyreif3vacnffmfmavpf7x2gwtddexvcrqmcetogbnzbca52sfygsnl3i posted outside time limit. (get_posts bluesky.py:39)
2026-08-16 22:29:31 [DEBUG]: Post created at: 2026-05-12 12:15:04 (get_posts bluesky.py:33)
2026-08-16 22:29:31 [INFO]: Post bafyreigir5vldhynmmhee7b5scolawrc2twgukmpbfvlrc66aqji4vlbbu posted outside time limit. (get_posts bluesky.py:39)
2026-08-16 22:29:31 [DEBUG]: Post created at: 2026-05-07 13:44:19 (get_posts bluesky.py:33)
2026-08-16 22:29:31 [INFO]: Post bafyreibmmqchdd5ocewgcdwj2zawtqsn5jlx7jumuqdij7nn6f77t3tpri posted outside time limit. (get_posts bluesky.py:39)
2026-08-16 22:29:31 [DEBUG]: Post created at: 2026-05-04 12:46:03 (get_posts bluesky.py:33)
2026-08-16 22:29:31 [INFO]: Post bafyreicpdt7qhotsxspx6lo4xl5rwzxeeanscduabrvruycpppoonyz6tm posted outside time limit. (get_posts bluesky.py:39)
2026-08-16 22:29:31 [DEBUG]: Post created at: 2026-04-30 14:02:43 (get_posts bluesky.py:33)
2026-08-16 22:29:31 [INFO]: Post bafyreie2qsbv7gjgphjshteqeuzf4pe2dkr4cu3aty2a27kjai4swzebtq posted outside time limit. (get_posts bluesky.py:39)
2026-08-16 22:29:31 [DEBUG]: Post created at: 2026-04-22 14:53:48 (get_posts bluesky.py:33)
2026-08-16 22:29:31 [INFO]: Post bafyreicdui5gpvu6eri4oggsvvgxqb4rb3oy3l2ymmnmffpwz6t3oz2yne posted outside time limit. (get_posts bluesky.py:39)
2026-08-16 22:29:31 [DEBUG]: Post created at: 2026-04-15 13:40:00 (get_posts bluesky.py:33)
2026-08-16 22:29:31 [INFO]: Post bafyreidshdytdhy7f6q3a5yuchedy53verbugnulbbwvllnxofvzpze4re posted outside time limit. (get_posts bluesky.py:39)
2026-08-16 22:29:31 [DEBUG]: Post created at: 2026-04-13 16:38:02 (get_posts bluesky.py:33)
2026-08-16 22:29:31 [INFO]: Post bafyreiauh7o5v67ac256ngxkoqkqnio2e2kmdzdzzqt6vxq32td7gatkmy posted outside time limit. (get_posts bluesky.py:39)
2026-08-16 22:29:31 [DEBUG]: Post created at: 2026-04-10 13:14:36 (get_posts bluesky.py:33)
2026-08-16 22:29:31 [INFO]: Post bafyreifrh7fshwfax4ntkkzh4kal7hstv46kgxa4qlogxu7z7gjxr3ppgu posted outside time limit. (get_posts bluesky.py:39)
2026-08-16 22:29:31 [DEBUG]: Post created at: 2026-04-01 14:22:07 (get_posts bluesky.py:33)
2026-08-16 22:29:31 [INFO]: Post bafyreih2ht6th7xmwvmptcmfdfr5cbdgeavpps6jqyt6xysm37j34w6rge posted outside time limit. (get_posts bluesky.py:39)
2026-08-16 22:29:31 [DEBUG]: Post created at: 2026-03-26 14:42:37 (get_posts bluesky.py:33)
2026-08-16 22:29:31 [INFO]: Post bafyreicfxh453sypukedfr6mfj76tr6uz3osxwb3jfv5ywwecuvhbf267u posted outside time limit. (get_posts bluesky.py:39)
2026-08-16 22:29:31 [DEBUG]: Post created at: 2026-03-26 13:54:10 (get_posts bluesky.py:33)
2026-08-16 22:29:31 [INFO]: Post bafyreifuq22kydpi7ctnxtvy6zww2yzomvsrhq6x2dleqjas62m3p5zo3m posted outside time limit. (get_posts bluesky.py:39)
2026-08-16 22:29:31 [DEBUG]: Post created at: 2026-03-24 22:10:18 (get_posts bluesky.py:33)
2026-08-16 22:29:31 [INFO]: Post bafyreigv5zvvt4yc5xsxkjjliryumxazef75ib5hsmnhtibcncwxoxvnfm posted outside time limit. (get_posts bluesky.py:39)
2026-08-16 22:29:31 [DEBUG]: Post created at: 2026-03-19 14:44:04 (get_posts bluesky.py:33)
2026-08-16 22:29:31 [INFO]: Post bafyreif2f6qv2mgg6cd7amog5rhlfce6br7a6jwoygh7j5szpujkxbw7lq posted outside time limit. (get_posts bluesky.py:39)
2026-08-16 22:29:31 [DEBUG]: Post created at: 2026-03-11 15:06:56 (get_posts bluesky.py:33)
2026-08-16 22:29:31 [INFO]: Post bafyreicdvogziwifeeulpxdanjzw2hhz2x563zmhsulsol6cc2g4awgdzm posted outside time limit. (get_posts bluesky.py:39)
2026-08-16 22:29:31 [DEBUG]: Post created at: 2026-03-10 13:42:44 (get_posts bluesky.py:33)
2026-08-16 22:29:31 [INFO]: Post bafyreievqd6tqe2jmv27cfpq5qfipsop37wgy5tmnrxcgj5pg6c73ziqhe posted outside time limit. (get_posts bluesky.py:39)
2026-08-16 22:29:31 [DEBUG]: Post created at: 2026-02-27 13:14:55 (get_posts bluesky.py:33)
2026-08-16 22:29:31 [INFO]: Post bafyreihnhuuasms57pqkf7igt3c76hf6yngh75wdqpi2zsjqkyv33mn45e posted outside time limit. (get_posts bluesky.py:39)
2026-08-16 22:29:31 [DEBUG]: Post created at: 2026-02-24 16:23:10 (get_posts bluesky.py:33)
2026-08-16 22:29:31 [INFO]: Post bafyreide2tzdyz3qhqvp6dvacl4lo2xhv6sr6gx3jq6ogve525scwql7mi posted outside time limit. (get_posts bluesky.py:39)
2026-08-16 22:29:31 [DEBUG]: Post created at: 2026-02-18 15:42:15 (get_posts bluesky.py:33)
2026-08-16 22:29:31 [INFO]: Post bafyreierb4dlpinmyb7vig7fxqcvt3jgwebafz4bjndrkfzydb5hago4py posted outside time limit. (get_posts bluesky.py:39)
2026-08-16 22:29:31 [DEBUG]: Post created at: 2026-02-13 13:50:14 (get_posts bluesky.py:33)
2026-08-16 22:29:31 [INFO]: Post bafyreiaig2my7kiizjlekleu7edp5chbzu4tonydswkd7j4xawrrklnpea posted outside time limit. (get_posts bluesky.py:39)
2026-08-16 22:29:31 [DEBUG]: Post created at: 2026-02-11 15:17:23 (get_posts bluesky.py:33)
2026-08-16 22:29:31 [INFO]: Post bafyreiaggywu7xfcr3hdbey7tqklccqal2ixepuh6oxtqkyabjhrfpey5y posted outside time limit. (get_posts bluesky.py:39)
2026-08-16 22:29:31 [DEBUG]: Post created at: 2026-02-09 20:47:56 (get_posts bluesky.py:33)
2026-08-16 22:29:31 [INFO]: Post bafyreiegxryprnsav7l5m2duvjrdpuxmd62pglm6dfhladwumo6hb7n73m posted outside time limit. (get_posts bluesky.py:39)
2026-08-16 22:29:31 [DEBUG]: Post created at: 2026-02-04 21:31:32 (get_posts bluesky.py:33)
2026-08-16 22:29:31 [INFO]: Post bafyreiauk2lyeyl7tomeltjaadmgz4auvla2j6itigb2wsu6n52sqbwndu posted outside time limit. (get_posts bluesky.py:39)
2026-08-16 22:29:31 [DEBUG]: Post created at: 2026-02-03 15:53:41 (get_posts bluesky.py:33)
2026-08-16 22:29:31 [INFO]: Post bafyreidbfzjy6zmupb6yp2zrp77ulb7ejvdfu2lawhjkdhg7ekkfoyfzke posted outside time limit. (get_posts bluesky.py:39)
2026-08-16 22:29:31 [DEBUG]: Post created at: 2026-02-02 14:12:40 (get_posts bluesky.py:33)
2026-08-16 22:29:31 [INFO]: Post bafyreibs77nvnmgxegsi2a3q34gvw6gvtffjrta3mgvjmmxq6dagrlaprq posted outside time limit. (get_posts bluesky.py:39)
2026-08-16 22:29:31 [DEBUG]: Post created at: 2026-01-31 17:16:33 (get_posts bluesky.py:33)
2026-08-16 22:29:31 [INFO]: Post bafyreidu7qm22ionzyatpqfiuqfyiio3royiaf4beodokuiwns6f6cl53i posted outside time limit. (get_posts bluesky.py:39)
2026-08-16 22:29:31 [DEBUG]: Post created at: 2026-01-28 13:09:15 (get_posts bluesky.py:33)
2026-08-16 22:29:31 [INFO]: Post bafyreiagqnn3nlo5ftumr3kbsm6zji76ga24ki2373uhb3xxl4o6orajka posted outside time limit. (get_posts bluesky.py:39)
2026-08-16 22:29:31 [DEBUG]: Post created at: 2026-01-27 12:33:02 (get_posts bluesky.py:33)
2026-08-16 22:29:31 [INFO]: Post bafyreifuscbokcel27xngzhkrzopzkb632pmpljpmmbbure5jn5hevtsgq posted outside time limit. (get_posts bluesky.py:39)
2026-08-16 22:29:31 [DEBUG]: Post created at: 2026-01-22 14:21:10 (get_posts bluesky.py:33)
2026-08-16 22:29:31 [INFO]: Post bafyreiagapzgbtv5j2rsn573qr7o7kz73t74l7ypk2eyfahtf6sc5fdjsi posted outside time limit. (get_posts bluesky.py:39)
2026-08-16 22:29:31 [DEBUG]: Post created at: 2026-01-21 13:15:06 (get_posts bluesky.py:33)
2026-08-16 22:29:31 [INFO]: Post bafyreie6wukbdijlqzvjkk4ifh26mdphsaajw26hlqdkohpqcwhuvinmyq posted outside time limit. (get_posts bluesky.py:39)
2026-08-16 22:29:31 [DEBUG]: Post created at: 2026-01-16 16:05:12 (get_posts bluesky.py:33)
2026-08-16 22:29:31 [INFO]: Post bafyreicxzwxqthabj7pnlubsgptgkrsy3x7oxqkp3xahy6tv4gg5yqf2ju posted outside time limit. (get_posts bluesky.py:39)
2026-08-16 22:29:31 [DEBUG]: Post created at: 2026-01-12 13:15:19 (get_posts bluesky.py:33)
2026-08-16 22:29:31 [INFO]: Post bafyreibdn3xxyolwdpeqkewnnprrra2cgk5kbcxcbxywh4lkz3ulcilrqi posted outside time limit. (get_posts bluesky.py:39)
2026-08-16 22:29:31 [DEBUG]: Post created at: 2026-01-08 13:18:56 (get_posts bluesky.py:33)
2026-08-16 22:29:31 [INFO]: Post bafyreietgnh4gc7s4leq7bvqmrgmvznpshszycyy34rd4rnwavw5oghegy posted outside time limit. (get_posts bluesky.py:39)
2026-08-16 22:29:31 [DEBUG]: Post created at: 2025-12-29 13:08:03 (get_posts bluesky.py:33)
2026-08-16 22:29:31 [INFO]: Post bafyreid4dehmzir4jnany3gopw2xqocuxvcrs5fgjysjvzdyqst6gdaqdm posted outside time limit. (get_posts bluesky.py:39)
2026-08-16 22:29:31 [DEBUG]: Post created at: 2025-12-22 21:05:43 (get_posts bluesky.py:33)
2026-08-16 22:29:31 [INFO]: Post bafyreia4ptmpu6bn3etyypkc6dq3zupd4ryvt4ajc4gtsoig22py7c556m posted outside time limit. (get_posts bluesky.py:39)
2026-08-16 22:29:31 [WARNING]: No posts found from input. (get_posts fetch.py:18)
