2026-08-19 01:45:38 [INFO]: Reading local database (read_db_file db.py:36)
2026-08-19 01:45:38 [INFO]: Reading cache of recent posts. (read_cache db.py:159)
2026-08-19 01:45:38 [DEBUG]: Cache: {} (read_cache db.py:179)
2026-08-19 01:45:38 [DEBUG]: Deleted: [] (read_cache db.py:180)
2026-08-19 01:45:38 [INFO]: Connecting to Bluesky: None. (bsky_connect connections.py:58)
2026-08-19 01:45:38 [INFO]: Reading session cache (session_cache_read connections.py:111)
2026-08-19 01:45:38 [INFO]: Connecting to Bluesky using saved session. (bsky_connect connections.py:66)
2026-08-19 01:45:38 [INFO]: Session changed: (on_session_change connections.py:104)
2026-08-19 01:45:38 [INFO]: Session changed: (on_session_change connections.py:104)
2026-08-19 01:45:38 [INFO]: Saving changed session (on_session_change connections.py:106)
2026-08-19 01:45:38 [INFO]: Saving session cache (session_cache_write connections.py:120)
2026-08-19 01:45:38 [INFO]: Successfully logged in to Bluesky using saved session. (bsky_connect connections.py:68)
2026-08-19 01:45:38 [INFO]: Saving session cache (session_cache_write connections.py:120)
2026-08-19 01:45:38 [INFO]: Gathering posts from Bluesky (get_posts bluesky.py:18)
2026-08-19 01:45:39 [DEBUG]: Post created at: 2026-08-11 18:33:44 (get_posts bluesky.py:33)
2026-08-19 01:45:39 [INFO]: Post bafyreif6z4mshhjzw7nskbqsktlhq7d5i6vyhy2jxtmu3t2zgw4m2fhavq posted outside time limit. (get_posts bluesky.py:39)
2026-08-19 01:45:39 [DEBUG]: Post created at: 2026-08-06 12:27:25 (get_posts bluesky.py:33)
2026-08-19 01:45:39 [INFO]: Post bafyreibx2vnv3hheqm2susm6rhiultlk6eaptkwbnjmhajzicwe22gfbjm posted outside time limit. (get_posts bluesky.py:39)
2026-08-19 01:45:39 [DEBUG]: Post created at: 2026-08-05 13:39:02 (get_posts bluesky.py:33)
2026-08-19 01:45:39 [INFO]: Post bafyreihtizm7ymakkbho3vywrcve77otdl2txadgxgoyrni5hseaisrszy posted outside time limit. (get_posts bluesky.py:39)
2026-08-19 01:45:39 [DEBUG]: Post created at: 2026-07-23 15:16:51 (get_posts bluesky.py:33)
2026-08-19 01:45:39 [INFO]: Post bafyreif6f2ek3doxuknizkn2jatdtqesoby5hz3wipn4vbnlm6aof6titm posted outside time limit. (get_posts bluesky.py:39)
2026-08-19 01:45:39 [DEBUG]: Post created at: 2026-07-22 15:15:36 (get_posts bluesky.py:33)
2026-08-19 01:45:39 [INFO]: Post bafyreigbxvo544aahrqrrukb3i2h6nnnjv73bddkd5gewt73b2fqovobui posted outside time limit. (get_posts bluesky.py:39)
2026-08-19 01:45:39 [DEBUG]: Post created at: 2026-07-20 12:33:32 (get_posts bluesky.py:33)
2026-08-19 01:45:39 [INFO]: Post bafyreibrtm3v3ucg73br5shdear4zmw4w5f33w5q2ulxbcrf4suakyhmpq posted outside time limit. (get_posts bluesky.py:39)
2026-08-19 01:45:39 [DEBUG]: Post created at: 2026-07-17 11:35:56 (get_posts bluesky.py:33)
2026-08-19 01:45:39 [INFO]: Post bafyreidtxvowahst6h6tvquj5g3uo26gjcgmkvggwg3e44pchoyq4unb4i posted outside time limit. (get_posts bluesky.py:39)
2026-08-19 01:45:39 [DEBUG]: Post created at: 2026-07-06 14:05:46 (get_posts bluesky.py:33)
2026-08-19 01:45:39 [INFO]: Post bafyreiblrulfzvgmmsltp3nywyhksmj4dr257fkhuhoquhhh4vkwr4zzsu posted outside time limit. (get_posts bluesky.py:39)
2026-08-19 01:45:39 [DEBUG]: Post created at: 2026-06-30 16:37:16 (get_posts bluesky.py:33)
2026-08-19 01:45:39 [INFO]: Post bafyreib46tjmeeqwcvj6wiw75b24fza7oug4heiy2ciuww366uibqrqsbe posted outside time limit. (get_posts bluesky.py:39)
2026-08-19 01:45:39 [DEBUG]: Post created at: 2026-06-24 11:17:45 (get_posts bluesky.py:33)
2026-08-19 01:45:39 [INFO]: Post bafyreidt2ygeayems7i7paeb24ig5l2v7lcmtfhrdi4uhrxfjm4thubecq posted outside time limit. (get_posts bluesky.py:39)
2026-08-19 01:45:39 [DEBUG]: Post created at: 2026-06-17 13:46:03 (get_posts bluesky.py:33)
2026-08-19 01:45:39 [INFO]: Post bafyreieekpu7ys5y3dujnzaoq62fikjxndci6yr6qzasdfictup376i3lq posted outside time limit. (get_posts bluesky.py:39)
2026-08-19 01:45:39 [DEBUG]: Post created at: 2026-06-02 18:05:16 (get_posts bluesky.py:33)
2026-08-19 01:45:39 [INFO]: Post bafyreibwhlbkkwktshb56dytljna7wlvy45dkdd7vqawv5xpvqd3btb5tu posted outside time limit. (get_posts bluesky.py:39)
2026-08-19 01:45:39 [DEBUG]: Post created at: 2026-05-28 12:42:25 (get_posts bluesky.py:33)
2026-08-19 01:45:39 [INFO]: Post bafyreigew3jv7boj7icxdil3sho3r5u6qnvgmiwkfvx5yszmyzbwuz7pwu posted outside time limit. (get_posts bluesky.py:39)
2026-08-19 01:45:39 [DEBUG]: Post created at: 2026-05-27 18:13:32 (get_posts bluesky.py:33)
2026-08-19 01:45:39 [INFO]: Post bafyreicomu6cn7rxnkk4gmfp235wbntlseyony4hstbw3m5ipnxjqzma54 posted outside time limit. (get_posts bluesky.py:39)
2026-08-19 01:45:39 [DEBUG]: Post created at: 2026-05-21 16:52:19 (get_posts bluesky.py:33)
2026-08-19 01:45:39 [INFO]: Post bafyreifgxpvh535rsbgturdrvuix3yrkwwzdxxfvmcif3tgn5ae46i25ca posted outside time limit. (get_posts bluesky.py:39)
2026-08-19 01:45:39 [DEBUG]: Post created at: 2026-05-18 11:38:35 (get_posts bluesky.py:33)
2026-08-19 01:45:39 [INFO]: Post bafyreif3vacnffmfmavpf7x2gwtddexvcrqmcetogbnzbca52sfygsnl3i posted outside time limit. (get_posts bluesky.py:39)
2026-08-19 01:45:39 [DEBUG]: Post created at: 2026-05-12 12:15:04 (get_posts bluesky.py:33)
2026-08-19 01:45:39 [INFO]: Post bafyreigir5vldhynmmhee7b5scolawrc2twgukmpbfvlrc66aqji4vlbbu posted outside time limit. (get_posts bluesky.py:39)
2026-08-19 01:45:39 [DEBUG]: Post created at: 2026-05-07 13:44:19 (get_posts bluesky.py:33)
2026-08-19 01:45:39 [INFO]: Post bafyreibmmqchdd5ocewgcdwj2zawtqsn5jlx7jumuqdij7nn6f77t3tpri posted outside time limit. (get_posts bluesky.py:39)
2026-08-19 01:45:39 [DEBUG]: Post created at: 2026-05-04 12:46:03 (get_posts bluesky.py:33)
2026-08-19 01:45:39 [INFO]: Post bafyreicpdt7qhotsxspx6lo4xl5rwzxeeanscduabrvruycpppoonyz6tm posted outside time limit. (get_posts bluesky.py:39)
2026-08-19 01:45:39 [DEBUG]: Post created at: 2026-04-30 14:02:43 (get_posts bluesky.py:33)
2026-08-19 01:45:39 [INFO]: Post bafyreie2qsbv7gjgphjshteqeuzf4pe2dkr4cu3aty2a27kjai4swzebtq posted outside time limit. (get_posts bluesky.py:39)
2026-08-19 01:45:39 [DEBUG]: Post created at: 2026-04-22 14:53:48 (get_posts bluesky.py:33)
2026-08-19 01:45:39 [INFO]: Post bafyreicdui5gpvu6eri4oggsvvgxqb4rb3oy3l2ymmnmffpwz6t3oz2yne posted outside time limit. (get_posts bluesky.py:39)
2026-08-19 01:45:39 [DEBUG]: Post created at: 2026-04-15 13:40:00 (get_posts bluesky.py:33)
2026-08-19 01:45:39 [INFO]: Post bafyreidshdytdhy7f6q3a5yuchedy53verbugnulbbwvllnxofvzpze4re posted outside time limit. (get_posts bluesky.py:39)
2026-08-19 01:45:39 [DEBUG]: Post created at: 2026-04-13 16:38:02 (get_posts bluesky.py:33)
2026-08-19 01:45:39 [INFO]: Post bafyreiauh7o5v67ac256ngxkoqkqnio2e2kmdzdzzqt6vxq32td7gatkmy posted outside time limit. (get_posts bluesky.py:39)
2026-08-19 01:45:39 [DEBUG]: Post created at: 2026-04-10 13:14:36 (get_posts bluesky.py:33)
2026-08-19 01:45:39 [INFO]: Post bafyreifrh7fshwfax4ntkkzh4kal7hstv46kgxa4qlogxu7z7gjxr3ppgu posted outside time limit. (get_posts bluesky.py:39)
2026-08-19 01:45:39 [DEBUG]: Post created at: 2026-04-01 14:22:07 (get_posts bluesky.py:33)
2026-08-19 01:45:39 [INFO]: Post bafyreih2ht6th7xmwvmptcmfdfr5cbdgeavpps6jqyt6xysm37j34w6rge posted outside time limit. (get_posts bluesky.py:39)
2026-08-19 01:45:39 [DEBUG]: Post created at: 2026-03-26 14:42:37 (get_posts bluesky.py:33)
2026-08-19 01:45:39 [INFO]: Post bafyreicfxh453sypukedfr6mfj76tr6uz3osxwb3jfv5ywwecuvhbf267u posted outside time limit. (get_posts bluesky.py:39)
2026-08-19 01:45:39 [DEBUG]: Post created at: 2026-03-26 13:54:10 (get_posts bluesky.py:33)
2026-08-19 01:45:39 [INFO]: Post bafyreifuq22kydpi7ctnxtvy6zww2yzomvsrhq6x2dleqjas62m3p5zo3m posted outside time limit. (get_posts bluesky.py:39)
2026-08-19 01:45:39 [DEBUG]: Post created at: 2026-03-24 22:10:18 (get_posts bluesky.py:33)
2026-08-19 01:45:39 [INFO]: Post bafyreigv5zvvt4yc5xsxkjjliryumxazef75ib5hsmnhtibcncwxoxvnfm posted outside time limit. (get_posts bluesky.py:39)
2026-08-19 01:45:39 [DEBUG]: Post created at: 2026-03-19 14:44:04 (get_posts bluesky.py:33)
2026-08-19 01:45:39 [INFO]: Post bafyreif2f6qv2mgg6cd7amog5rhlfce6br7a6jwoygh7j5szpujkxbw7lq posted outside time limit. (get_posts bluesky.py:39)
2026-08-19 01:45:39 [DEBUG]: Post created at: 2026-03-11 15:06:56 (get_posts bluesky.py:33)
2026-08-19 01:45:39 [INFO]: Post bafyreicdvogziwifeeulpxdanjzw2hhz2x563zmhsulsol6cc2g4awgdzm posted outside time limit. (get_posts bluesky.py:39)
2026-08-19 01:45:39 [DEBUG]: Post created at: 2026-03-10 13:42:44 (get_posts bluesky.py:33)
2026-08-19 01:45:39 [INFO]: Post bafyreievqd6tqe2jmv27cfpq5qfipsop37wgy5tmnrxcgj5pg6c73ziqhe posted outside time limit. (get_posts bluesky.py:39)
2026-08-19 01:45:39 [DEBUG]: Post created at: 2026-02-27 13:14:55 (get_posts bluesky.py:33)
2026-08-19 01:45:39 [INFO]: Post bafyreihnhuuasms57pqkf7igt3c76hf6yngh75wdqpi2zsjqkyv33mn45e posted outside time limit. (get_posts bluesky.py:39)
2026-08-19 01:45:39 [DEBUG]: Post created at: 2026-02-24 16:23:10 (get_posts bluesky.py:33)
2026-08-19 01:45:39 [INFO]: Post bafyreide2tzdyz3qhqvp6dvacl4lo2xhv6sr6gx3jq6ogve525scwql7mi posted outside time limit. (get_posts bluesky.py:39)
2026-08-19 01:45:39 [DEBUG]: Post created at: 2026-02-18 15:42:15 (get_posts bluesky.py:33)
2026-08-19 01:45:39 [INFO]: Post bafyreierb4dlpinmyb7vig7fxqcvt3jgwebafz4bjndrkfzydb5hago4py posted outside time limit. (get_posts bluesky.py:39)
2026-08-19 01:45:39 [DEBUG]: Post created at: 2026-02-13 13:50:14 (get_posts bluesky.py:33)
2026-08-19 01:45:39 [INFO]: Post bafyreiaig2my7kiizjlekleu7edp5chbzu4tonydswkd7j4xawrrklnpea posted outside time limit. (get_posts bluesky.py:39)
2026-08-19 01:45:39 [DEBUG]: Post created at: 2026-02-11 15:17:23 (get_posts bluesky.py:33)
2026-08-19 01:45:39 [INFO]: Post bafyreiaggywu7xfcr3hdbey7tqklccqal2ixepuh6oxtqkyabjhrfpey5y posted outside time limit. (get_posts bluesky.py:39)
2026-08-19 01:45:39 [DEBUG]: Post created at: 2026-02-09 20:47:56 (get_posts bluesky.py:33)
2026-08-19 01:45:39 [INFO]: Post bafyreiegxryprnsav7l5m2duvjrdpuxmd62pglm6dfhladwumo6hb7n73m posted outside time limit. (get_posts bluesky.py:39)
2026-08-19 01:45:39 [DEBUG]: Post created at: 2026-02-04 21:31:32 (get_posts bluesky.py:33)
2026-08-19 01:45:39 [INFO]: Post bafyreiauk2lyeyl7tomeltjaadmgz4auvla2j6itigb2wsu6n52sqbwndu posted outside time limit. (get_posts bluesky.py:39)
2026-08-19 01:45:39 [DEBUG]: Post created at: 2026-02-03 15:53:41 (get_posts bluesky.py:33)
2026-08-19 01:45:39 [INFO]: Post bafyreidbfzjy6zmupb6yp2zrp77ulb7ejvdfu2lawhjkdhg7ekkfoyfzke posted outside time limit. (get_posts bluesky.py:39)
2026-08-19 01:45:39 [DEBUG]: Post created at: 2026-02-02 14:12:40 (get_posts bluesky.py:33)
2026-08-19 01:45:39 [INFO]: Post bafyreibs77nvnmgxegsi2a3q34gvw6gvtffjrta3mgvjmmxq6dagrlaprq posted outside time limit. (get_posts bluesky.py:39)
2026-08-19 01:45:39 [DEBUG]: Post created at: 2026-01-31 17:16:33 (get_posts bluesky.py:33)
2026-08-19 01:45:39 [INFO]: Post bafyreidu7qm22ionzyatpqfiuqfyiio3royiaf4beodokuiwns6f6cl53i posted outside time limit. (get_posts bluesky.py:39)
2026-08-19 01:45:39 [DEBUG]: Post created at: 2026-01-28 13:09:15 (get_posts bluesky.py:33)
2026-08-19 01:45:39 [INFO]: Post bafyreiagqnn3nlo5ftumr3kbsm6zji76ga24ki2373uhb3xxl4o6orajka posted outside time limit. (get_posts bluesky.py:39)
2026-08-19 01:45:39 [DEBUG]: Post created at: 2026-01-27 12:33:02 (get_posts bluesky.py:33)
2026-08-19 01:45:39 [INFO]: Post bafyreifuscbokcel27xngzhkrzopzkb632pmpljpmmbbure5jn5hevtsgq posted outside time limit. (get_posts bluesky.py:39)
2026-08-19 01:45:39 [DEBUG]: Post created at: 2026-01-22 14:21:10 (get_posts bluesky.py:33)
2026-08-19 01:45:39 [INFO]: Post bafyreiagapzgbtv5j2rsn573qr7o7kz73t74l7ypk2eyfahtf6sc5fdjsi posted outside time limit. (get_posts bluesky.py:39)
2026-08-19 01:45:39 [DEBUG]: Post created at: 2026-01-21 13:15:06 (get_posts bluesky.py:33)
2026-08-19 01:45:39 [INFO]: Post bafyreie6wukbdijlqzvjkk4ifh26mdphsaajw26hlqdkohpqcwhuvinmyq posted outside time limit. (get_posts bluesky.py:39)
2026-08-19 01:45:39 [DEBUG]: Post created at: 2026-01-16 16:05:12 (get_posts bluesky.py:33)
2026-08-19 01:45:39 [INFO]: Post bafyreicxzwxqthabj7pnlubsgptgkrsy3x7oxqkp3xahy6tv4gg5yqf2ju posted outside time limit. (get_posts bluesky.py:39)
2026-08-19 01:45:39 [DEBUG]: Post created at: 2026-01-12 13:15:19 (get_posts bluesky.py:33)
2026-08-19 01:45:39 [INFO]: Post bafyreibdn3xxyolwdpeqkewnnprrra2cgk5kbcxcbxywh4lkz3ulcilrqi posted outside time limit. (get_posts bluesky.py:39)
2026-08-19 01:45:39 [DEBUG]: Post created at: 2026-01-08 13:18:56 (get_posts bluesky.py:33)
2026-08-19 01:45:39 [INFO]: Post bafyreietgnh4gc7s4leq7bvqmrgmvznpshszycyy34rd4rnwavw5oghegy posted outside time limit. (get_posts bluesky.py:39)
2026-08-19 01:45:39 [DEBUG]: Post created at: 2025-12-29 13:08:03 (get_posts bluesky.py:33)
2026-08-19 01:45:39 [INFO]: Post bafyreid4dehmzir4jnany3gopw2xqocuxvcrs5fgjysjvzdyqst6gdaqdm posted outside time limit. (get_posts bluesky.py:39)
2026-08-19 01:45:39 [DEBUG]: Post created at: 2025-12-22 21:05:43 (get_posts bluesky.py:33)
2026-08-19 01:45:39 [INFO]: Post bafyreia4ptmpu6bn3etyypkc6dq3zupd4ryvt4ajc4gtsoig22py7c556m posted outside time limit. (get_posts bluesky.py:39)
2026-08-19 01:45:39 [WARNING]: No posts found from input. (get_posts fetch.py:18)
2026-08-19 03:05:35 [INFO]: Reading local database (read_db_file db.py:36)
2026-08-19 03:05:35 [INFO]: Reading cache of recent posts. (read_cache db.py:159)
2026-08-19 03:05:35 [DEBUG]: Cache: {} (read_cache db.py:179)
2026-08-19 03:05:35 [DEBUG]: Deleted: [] (read_cache db.py:180)
2026-08-19 03:05:35 [INFO]: Connecting to Bluesky: None. (bsky_connect connections.py:58)
2026-08-19 03:05:35 [INFO]: Reading session cache (session_cache_read connections.py:111)
2026-08-19 03:05:35 [INFO]: Connecting to Bluesky using saved session. (bsky_connect connections.py:66)
2026-08-19 03:05:35 [INFO]: Session changed: (on_session_change connections.py:104)
2026-08-19 03:05:35 [INFO]: Successfully logged in to Bluesky using saved session. (bsky_connect connections.py:68)
2026-08-19 03:05:35 [INFO]: Saving session cache (session_cache_write connections.py:120)
2026-08-19 03:05:35 [INFO]: Gathering posts from Bluesky (get_posts bluesky.py:18)
2026-08-19 03:05:35 [DEBUG]: Post created at: 2026-08-11 18:33:44 (get_posts bluesky.py:33)
2026-08-19 03:05:35 [INFO]: Post bafyreif6z4mshhjzw7nskbqsktlhq7d5i6vyhy2jxtmu3t2zgw4m2fhavq posted outside time limit. (get_posts bluesky.py:39)
2026-08-19 03:05:35 [DEBUG]: Post created at: 2026-08-06 12:27:25 (get_posts bluesky.py:33)
2026-08-19 03:05:35 [INFO]: Post bafyreibx2vnv3hheqm2susm6rhiultlk6eaptkwbnjmhajzicwe22gfbjm posted outside time limit. (get_posts bluesky.py:39)
2026-08-19 03:05:35 [DEBUG]: Post created at: 2026-08-05 13:39:02 (get_posts bluesky.py:33)
2026-08-19 03:05:35 [INFO]: Post bafyreihtizm7ymakkbho3vywrcve77otdl2txadgxgoyrni5hseaisrszy posted outside time limit. (get_posts bluesky.py:39)
2026-08-19 03:05:35 [DEBUG]: Post created at: 2026-07-23 15:16:51 (get_posts bluesky.py:33)
2026-08-19 03:05:35 [INFO]: Post bafyreif6f2ek3doxuknizkn2jatdtqesoby5hz3wipn4vbnlm6aof6titm posted outside time limit. (get_posts bluesky.py:39)
2026-08-19 03:05:35 [DEBUG]: Post created at: 2026-07-22 15:15:36 (get_posts bluesky.py:33)
2026-08-19 03:05:35 [INFO]: Post bafyreigbxvo544aahrqrrukb3i2h6nnnjv73bddkd5gewt73b2fqovobui posted outside time limit. (get_posts bluesky.py:39)
2026-08-19 03:05:35 [DEBUG]: Post created at: 2026-07-20 12:33:32 (get_posts bluesky.py:33)
2026-08-19 03:05:35 [INFO]: Post bafyreibrtm3v3ucg73br5shdear4zmw4w5f33w5q2ulxbcrf4suakyhmpq posted outside time limit. (get_posts bluesky.py:39)
2026-08-19 03:05:35 [DEBUG]: Post created at: 2026-07-17 11:35:56 (get_posts bluesky.py:33)
2026-08-19 03:05:35 [INFO]: Post bafyreidtxvowahst6h6tvquj5g3uo26gjcgmkvggwg3e44pchoyq4unb4i posted outside time limit. (get_posts bluesky.py:39)
2026-08-19 03:05:35 [DEBUG]: Post created at: 2026-07-06 14:05:46 (get_posts bluesky.py:33)
2026-08-19 03:05:35 [INFO]: Post bafyreiblrulfzvgmmsltp3nywyhksmj4dr257fkhuhoquhhh4vkwr4zzsu posted outside time limit. (get_posts bluesky.py:39)
2026-08-19 03:05:35 [DEBUG]: Post created at: 2026-06-30 16:37:16 (get_posts bluesky.py:33)
2026-08-19 03:05:35 [INFO]: Post bafyreib46tjmeeqwcvj6wiw75b24fza7oug4heiy2ciuww366uibqrqsbe posted outside time limit. (get_posts bluesky.py:39)
2026-08-19 03:05:35 [DEBUG]: Post created at: 2026-06-24 11:17:45 (get_posts bluesky.py:33)
2026-08-19 03:05:35 [INFO]: Post bafyreidt2ygeayems7i7paeb24ig5l2v7lcmtfhrdi4uhrxfjm4thubecq posted outside time limit. (get_posts bluesky.py:39)
2026-08-19 03:05:35 [DEBUG]: Post created at: 2026-06-17 13:46:03 (get_posts bluesky.py:33)
2026-08-19 03:05:35 [INFO]: Post bafyreieekpu7ys5y3dujnzaoq62fikjxndci6yr6qzasdfictup376i3lq posted outside time limit. (get_posts bluesky.py:39)
2026-08-19 03:05:35 [DEBUG]: Post created at: 2026-06-02 18:05:16 (get_posts bluesky.py:33)
2026-08-19 03:05:35 [INFO]: Post bafyreibwhlbkkwktshb56dytljna7wlvy45dkdd7vqawv5xpvqd3btb5tu posted outside time limit. (get_posts bluesky.py:39)
2026-08-19 03:05:35 [DEBUG]: Post created at: 2026-05-28 12:42:25 (get_posts bluesky.py:33)
2026-08-19 03:05:35 [INFO]: Post bafyreigew3jv7boj7icxdil3sho3r5u6qnvgmiwkfvx5yszmyzbwuz7pwu posted outside time limit. (get_posts bluesky.py:39)
2026-08-19 03:05:35 [DEBUG]: Post created at: 2026-05-27 18:13:32 (get_posts bluesky.py:33)
2026-08-19 03:05:35 [INFO]: Post bafyreicomu6cn7rxnkk4gmfp235wbntlseyony4hstbw3m5ipnxjqzma54 posted outside time limit. (get_posts bluesky.py:39)
2026-08-19 03:05:35 [DEBUG]: Post created at: 2026-05-21 16:52:19 (get_posts bluesky.py:33)
2026-08-19 03:05:35 [INFO]: Post bafyreifgxpvh535rsbgturdrvuix3yrkwwzdxxfvmcif3tgn5ae46i25ca posted outside time limit. (get_posts bluesky.py:39)
2026-08-19 03:05:35 [DEBUG]: Post created at: 2026-05-18 11:38:35 (get_posts bluesky.py:33)
2026-08-19 03:05:35 [INFO]: Post bafyreif3vacnffmfmavpf7x2gwtddexvcrqmcetogbnzbca52sfygsnl3i posted outside time limit. (get_posts bluesky.py:39)
2026-08-19 03:05:35 [DEBUG]: Post created at: 2026-05-12 12:15:04 (get_posts bluesky.py:33)
2026-08-19 03:05:35 [INFO]: Post bafyreigir5vldhynmmhee7b5scolawrc2twgukmpbfvlrc66aqji4vlbbu posted outside time limit. (get_posts bluesky.py:39)
2026-08-19 03:05:35 [DEBUG]: Post created at: 2026-05-07 13:44:19 (get_posts bluesky.py:33)
2026-08-19 03:05:35 [INFO]: Post bafyreibmmqchdd5ocewgcdwj2zawtqsn5jlx7jumuqdij7nn6f77t3tpri posted outside time limit. (get_posts bluesky.py:39)
2026-08-19 03:05:35 [DEBUG]: Post created at: 2026-05-04 12:46:03 (get_posts bluesky.py:33)
2026-08-19 03:05:35 [INFO]: Post bafyreicpdt7qhotsxspx6lo4xl5rwzxeeanscduabrvruycpppoonyz6tm posted outside time limit. (get_posts bluesky.py:39)
2026-08-19 03:05:35 [DEBUG]: Post created at: 2026-04-30 14:02:43 (get_posts bluesky.py:33)
2026-08-19 03:05:35 [INFO]: Post bafyreie2qsbv7gjgphjshteqeuzf4pe2dkr4cu3aty2a27kjai4swzebtq posted outside time limit. (get_posts bluesky.py:39)
2026-08-19 03:05:35 [DEBUG]: Post created at: 2026-04-22 14:53:48 (get_posts bluesky.py:33)
2026-08-19 03:05:35 [INFO]: Post bafyreicdui5gpvu6eri4oggsvvgxqb4rb3oy3l2ymmnmffpwz6t3oz2yne posted outside time limit. (get_posts bluesky.py:39)
2026-08-19 03:05:35 [DEBUG]: Post created at: 2026-04-15 13:40:00 (get_posts bluesky.py:33)
2026-08-19 03:05:35 [INFO]: Post bafyreidshdytdhy7f6q3a5yuchedy53verbugnulbbwvllnxofvzpze4re posted outside time limit. (get_posts bluesky.py:39)
2026-08-19 03:05:35 [DEBUG]: Post created at: 2026-04-13 16:38:02 (get_posts bluesky.py:33)
2026-08-19 03:05:35 [INFO]: Post bafyreiauh7o5v67ac256ngxkoqkqnio2e2kmdzdzzqt6vxq32td7gatkmy posted outside time limit. (get_posts bluesky.py:39)
2026-08-19 03:05:35 [DEBUG]: Post created at: 2026-04-10 13:14:36 (get_posts bluesky.py:33)
2026-08-19 03:05:35 [INFO]: Post bafyreifrh7fshwfax4ntkkzh4kal7hstv46kgxa4qlogxu7z7gjxr3ppgu posted outside time limit. (get_posts bluesky.py:39)
2026-08-19 03:05:35 [DEBUG]: Post created at: 2026-04-01 14:22:07 (get_posts bluesky.py:33)
2026-08-19 03:05:35 [INFO]: Post bafyreih2ht6th7xmwvmptcmfdfr5cbdgeavpps6jqyt6xysm37j34w6rge posted outside time limit. (get_posts bluesky.py:39)
2026-08-19 03:05:35 [DEBUG]: Post created at: 2026-03-26 14:42:37 (get_posts bluesky.py:33)
2026-08-19 03:05:35 [INFO]: Post bafyreicfxh453sypukedfr6mfj76tr6uz3osxwb3jfv5ywwecuvhbf267u posted outside time limit. (get_posts bluesky.py:39)
2026-08-19 03:05:35 [DEBUG]: Post created at: 2026-03-26 13:54:10 (get_posts bluesky.py:33)
2026-08-19 03:05:35 [INFO]: Post bafyreifuq22kydpi7ctnxtvy6zww2yzomvsrhq6x2dleqjas62m3p5zo3m posted outside time limit. (get_posts bluesky.py:39)
2026-08-19 03:05:35 [DEBUG]: Post created at: 2026-03-24 22:10:18 (get_posts bluesky.py:33)
2026-08-19 03:05:35 [INFO]: Post bafyreigv5zvvt4yc5xsxkjjliryumxazef75ib5hsmnhtibcncwxoxvnfm posted outside time limit. (get_posts bluesky.py:39)
2026-08-19 03:05:35 [DEBUG]: Post created at: 2026-03-19 14:44:04 (get_posts bluesky.py:33)
2026-08-19 03:05:35 [INFO]: Post bafyreif2f6qv2mgg6cd7amog5rhlfce6br7a6jwoygh7j5szpujkxbw7lq posted outside time limit. (get_posts bluesky.py:39)
2026-08-19 03:05:35 [DEBUG]: Post created at: 2026-03-11 15:06:56 (get_posts bluesky.py:33)
2026-08-19 03:05:35 [INFO]: Post bafyreicdvogziwifeeulpxdanjzw2hhz2x563zmhsulsol6cc2g4awgdzm posted outside time limit. (get_posts bluesky.py:39)
2026-08-19 03:05:35 [DEBUG]: Post created at: 2026-03-10 13:42:44 (get_posts bluesky.py:33)
2026-08-19 03:05:35 [INFO]: Post bafyreievqd6tqe2jmv27cfpq5qfipsop37wgy5tmnrxcgj5pg6c73ziqhe posted outside time limit. (get_posts bluesky.py:39)
2026-08-19 03:05:35 [DEBUG]: Post created at: 2026-02-27 13:14:55 (get_posts bluesky.py:33)
2026-08-19 03:05:35 [INFO]: Post bafyreihnhuuasms57pqkf7igt3c76hf6yngh75wdqpi2zsjqkyv33mn45e posted outside time limit. (get_posts bluesky.py:39)
2026-08-19 03:05:35 [DEBUG]: Post created at: 2026-02-24 16:23:10 (get_posts bluesky.py:33)
2026-08-19 03:05:35 [INFO]: Post bafyreide2tzdyz3qhqvp6dvacl4lo2xhv6sr6gx3jq6ogve525scwql7mi posted outside time limit. (get_posts bluesky.py:39)
2026-08-19 03:05:35 [DEBUG]: Post created at: 2026-02-18 15:42:15 (get_posts bluesky.py:33)
2026-08-19 03:05:35 [INFO]: Post bafyreierb4dlpinmyb7vig7fxqcvt3jgwebafz4bjndrkfzydb5hago4py posted outside time limit. (get_posts bluesky.py:39)
2026-08-19 03:05:35 [DEBUG]: Post created at: 2026-02-13 13:50:14 (get_posts bluesky.py:33)
2026-08-19 03:05:35 [INFO]: Post bafyreiaig2my7kiizjlekleu7edp5chbzu4tonydswkd7j4xawrrklnpea posted outside time limit. (get_posts bluesky.py:39)
2026-08-19 03:05:35 [DEBUG]: Post created at: 2026-02-11 15:17:23 (get_posts bluesky.py:33)
2026-08-19 03:05:35 [INFO]: Post bafyreiaggywu7xfcr3hdbey7tqklccqal2ixepuh6oxtqkyabjhrfpey5y posted outside time limit. (get_posts bluesky.py:39)
2026-08-19 03:05:35 [DEBUG]: Post created at: 2026-02-09 20:47:56 (get_posts bluesky.py:33)
2026-08-19 03:05:35 [INFO]: Post bafyreiegxryprnsav7l5m2duvjrdpuxmd62pglm6dfhladwumo6hb7n73m posted outside time limit. (get_posts bluesky.py:39)
2026-08-19 03:05:35 [DEBUG]: Post created at: 2026-02-04 21:31:32 (get_posts bluesky.py:33)
2026-08-19 03:05:35 [INFO]: Post bafyreiauk2lyeyl7tomeltjaadmgz4auvla2j6itigb2wsu6n52sqbwndu posted outside time limit. (get_posts bluesky.py:39)
2026-08-19 03:05:35 [DEBUG]: Post created at: 2026-02-03 15:53:41 (get_posts bluesky.py:33)
2026-08-19 03:05:35 [INFO]: Post bafyreidbfzjy6zmupb6yp2zrp77ulb7ejvdfu2lawhjkdhg7ekkfoyfzke posted outside time limit. (get_posts bluesky.py:39)
2026-08-19 03:05:35 [DEBUG]: Post created at: 2026-02-02 14:12:40 (get_posts bluesky.py:33)
2026-08-19 03:05:35 [INFO]: Post bafyreibs77nvnmgxegsi2a3q34gvw6gvtffjrta3mgvjmmxq6dagrlaprq posted outside time limit. (get_posts bluesky.py:39)
2026-08-19 03:05:35 [DEBUG]: Post created at: 2026-01-31 17:16:33 (get_posts bluesky.py:33)
2026-08-19 03:05:35 [INFO]: Post bafyreidu7qm22ionzyatpqfiuqfyiio3royiaf4beodokuiwns6f6cl53i posted outside time limit. (get_posts bluesky.py:39)
2026-08-19 03:05:35 [DEBUG]: Post created at: 2026-01-28 13:09:15 (get_posts bluesky.py:33)
2026-08-19 03:05:35 [INFO]: Post bafyreiagqnn3nlo5ftumr3kbsm6zji76ga24ki2373uhb3xxl4o6orajka posted outside time limit. (get_posts bluesky.py:39)
2026-08-19 03:05:35 [DEBUG]: Post created at: 2026-01-27 12:33:02 (get_posts bluesky.py:33)
2026-08-19 03:05:35 [INFO]: Post bafyreifuscbokcel27xngzhkrzopzkb632pmpljpmmbbure5jn5hevtsgq posted outside time limit. (get_posts bluesky.py:39)
2026-08-19 03:05:35 [DEBUG]: Post created at: 2026-01-22 14:21:10 (get_posts bluesky.py:33)
2026-08-19 03:05:35 [INFO]: Post bafyreiagapzgbtv5j2rsn573qr7o7kz73t74l7ypk2eyfahtf6sc5fdjsi posted outside time limit. (get_posts bluesky.py:39)
2026-08-19 03:05:35 [DEBUG]: Post created at: 2026-01-21 13:15:06 (get_posts bluesky.py:33)
2026-08-19 03:05:35 [INFO]: Post bafyreie6wukbdijlqzvjkk4ifh26mdphsaajw26hlqdkohpqcwhuvinmyq posted outside time limit. (get_posts bluesky.py:39)
2026-08-19 03:05:35 [DEBUG]: Post created at: 2026-01-16 16:05:12 (get_posts bluesky.py:33)
2026-08-19 03:05:35 [INFO]: Post bafyreicxzwxqthabj7pnlubsgptgkrsy3x7oxqkp3xahy6tv4gg5yqf2ju posted outside time limit. (get_posts bluesky.py:39)
2026-08-19 03:05:35 [DEBUG]: Post created at: 2026-01-12 13:15:19 (get_posts bluesky.py:33)
2026-08-19 03:05:35 [INFO]: Post bafyreibdn3xxyolwdpeqkewnnprrra2cgk5kbcxcbxywh4lkz3ulcilrqi posted outside time limit. (get_posts bluesky.py:39)
2026-08-19 03:05:35 [DEBUG]: Post created at: 2026-01-08 13:18:56 (get_posts bluesky.py:33)
2026-08-19 03:05:35 [INFO]: Post bafyreietgnh4gc7s4leq7bvqmrgmvznpshszycyy34rd4rnwavw5oghegy posted outside time limit. (get_posts bluesky.py:39)
2026-08-19 03:05:35 [DEBUG]: Post created at: 2025-12-29 13:08:03 (get_posts bluesky.py:33)
2026-08-19 03:05:35 [INFO]: Post bafyreid4dehmzir4jnany3gopw2xqocuxvcrs5fgjysjvzdyqst6gdaqdm posted outside time limit. (get_posts bluesky.py:39)
2026-08-19 03:05:35 [DEBUG]: Post created at: 2025-12-22 21:05:43 (get_posts bluesky.py:33)
2026-08-19 03:05:35 [INFO]: Post bafyreia4ptmpu6bn3etyypkc6dq3zupd4ryvt4ajc4gtsoig22py7c556m posted outside time limit. (get_posts bluesky.py:39)
2026-08-19 03:05:35 [WARNING]: No posts found from input. (get_posts fetch.py:18)
2026-08-19 04:44:31 [INFO]: Reading local database (read_db_file db.py:36)
2026-08-19 04:44:31 [INFO]: Reading cache of recent posts. (read_cache db.py:159)
2026-08-19 04:44:31 [DEBUG]: Cache: {} (read_cache db.py:179)
2026-08-19 04:44:31 [DEBUG]: Deleted: [] (read_cache db.py:180)
2026-08-19 04:44:31 [INFO]: Connecting to Bluesky: None. (bsky_connect connections.py:58)
2026-08-19 04:44:31 [INFO]: Reading session cache (session_cache_read connections.py:111)
2026-08-19 04:44:31 [INFO]: Connecting to Bluesky using saved session. (bsky_connect connections.py:66)
2026-08-19 04:44:31 [INFO]: Session changed: (on_session_change connections.py:104)
2026-08-19 04:44:32 [INFO]: Session changed: (on_session_change connections.py:104)
2026-08-19 04:44:32 [INFO]: Saving changed session (on_session_change connections.py:106)
2026-08-19 04:44:32 [INFO]: Saving session cache (session_cache_write connections.py:120)
2026-08-19 04:44:32 [INFO]: Successfully logged in to Bluesky using saved session. (bsky_connect connections.py:68)
2026-08-19 04:44:32 [INFO]: Saving session cache (session_cache_write connections.py:120)
2026-08-19 04:44:32 [INFO]: Gathering posts from Bluesky (get_posts bluesky.py:18)
2026-08-19 04:44:33 [DEBUG]: Post created at: 2026-08-11 18:33:44 (get_posts bluesky.py:33)
2026-08-19 04:44:33 [INFO]: Post bafyreif6z4mshhjzw7nskbqsktlhq7d5i6vyhy2jxtmu3t2zgw4m2fhavq posted outside time limit. (get_posts bluesky.py:39)
2026-08-19 04:44:33 [DEBUG]: Post created at: 2026-08-06 12:27:25 (get_posts bluesky.py:33)
2026-08-19 04:44:33 [INFO]: Post bafyreibx2vnv3hheqm2susm6rhiultlk6eaptkwbnjmhajzicwe22gfbjm posted outside time limit. (get_posts bluesky.py:39)
2026-08-19 04:44:33 [DEBUG]: Post created at: 2026-08-05 13:39:02 (get_posts bluesky.py:33)
2026-08-19 04:44:33 [INFO]: Post bafyreihtizm7ymakkbho3vywrcve77otdl2txadgxgoyrni5hseaisrszy posted outside time limit. (get_posts bluesky.py:39)
2026-08-19 04:44:33 [DEBUG]: Post created at: 2026-07-23 15:16:51 (get_posts bluesky.py:33)
2026-08-19 04:44:33 [INFO]: Post bafyreif6f2ek3doxuknizkn2jatdtqesoby5hz3wipn4vbnlm6aof6titm posted outside time limit. (get_posts bluesky.py:39)
2026-08-19 04:44:33 [DEBUG]: Post created at: 2026-07-22 15:15:36 (get_posts bluesky.py:33)
2026-08-19 04:44:33 [INFO]: Post bafyreigbxvo544aahrqrrukb3i2h6nnnjv73bddkd5gewt73b2fqovobui posted outside time limit. (get_posts bluesky.py:39)
2026-08-19 04:44:33 [DEBUG]: Post created at: 2026-07-20 12:33:32 (get_posts bluesky.py:33)
2026-08-19 04:44:33 [INFO]: Post bafyreibrtm3v3ucg73br5shdear4zmw4w5f33w5q2ulxbcrf4suakyhmpq posted outside time limit. (get_posts bluesky.py:39)
2026-08-19 04:44:33 [DEBUG]: Post created at: 2026-07-17 11:35:56 (get_posts bluesky.py:33)
2026-08-19 04:44:33 [INFO]: Post bafyreidtxvowahst6h6tvquj5g3uo26gjcgmkvggwg3e44pchoyq4unb4i posted outside time limit. (get_posts bluesky.py:39)
2026-08-19 04:44:33 [DEBUG]: Post created at: 2026-07-06 14:05:46 (get_posts bluesky.py:33)
2026-08-19 04:44:33 [INFO]: Post bafyreiblrulfzvgmmsltp3nywyhksmj4dr257fkhuhoquhhh4vkwr4zzsu posted outside time limit. (get_posts bluesky.py:39)
2026-08-19 04:44:33 [DEBUG]: Post created at: 2026-06-30 16:37:16 (get_posts bluesky.py:33)
2026-08-19 04:44:33 [INFO]: Post bafyreib46tjmeeqwcvj6wiw75b24fza7oug4heiy2ciuww366uibqrqsbe posted outside time limit. (get_posts bluesky.py:39)
2026-08-19 04:44:33 [DEBUG]: Post created at: 2026-06-24 11:17:45 (get_posts bluesky.py:33)
2026-08-19 04:44:33 [INFO]: Post bafyreidt2ygeayems7i7paeb24ig5l2v7lcmtfhrdi4uhrxfjm4thubecq posted outside time limit. (get_posts bluesky.py:39)
2026-08-19 04:44:33 [DEBUG]: Post created at: 2026-06-17 13:46:03 (get_posts bluesky.py:33)
2026-08-19 04:44:33 [INFO]: Post bafyreieekpu7ys5y3dujnzaoq62fikjxndci6yr6qzasdfictup376i3lq posted outside time limit. (get_posts bluesky.py:39)
2026-08-19 04:44:33 [DEBUG]: Post created at: 2026-06-02 18:05:16 (get_posts bluesky.py:33)
2026-08-19 04:44:33 [INFO]: Post bafyreibwhlbkkwktshb56dytljna7wlvy45dkdd7vqawv5xpvqd3btb5tu posted outside time limit. (get_posts bluesky.py:39)
2026-08-19 04:44:33 [DEBUG]: Post created at: 2026-05-28 12:42:25 (get_posts bluesky.py:33)
2026-08-19 04:44:33 [INFO]: Post bafyreigew3jv7boj7icxdil3sho3r5u6qnvgmiwkfvx5yszmyzbwuz7pwu posted outside time limit. (get_posts bluesky.py:39)
2026-08-19 04:44:33 [DEBUG]: Post created at: 2026-05-27 18:13:32 (get_posts bluesky.py:33)
2026-08-19 04:44:33 [INFO]: Post bafyreicomu6cn7rxnkk4gmfp235wbntlseyony4hstbw3m5ipnxjqzma54 posted outside time limit. (get_posts bluesky.py:39)
2026-08-19 04:44:33 [DEBUG]: Post created at: 2026-05-21 16:52:19 (get_posts bluesky.py:33)
2026-08-19 04:44:33 [INFO]: Post bafyreifgxpvh535rsbgturdrvuix3yrkwwzdxxfvmcif3tgn5ae46i25ca posted outside time limit. (get_posts bluesky.py:39)
2026-08-19 04:44:33 [DEBUG]: Post created at: 2026-05-18 11:38:35 (get_posts bluesky.py:33)
2026-08-19 04:44:33 [INFO]: Post bafyreif3vacnffmfmavpf7x2gwtddexvcrqmcetogbnzbca52sfygsnl3i posted outside time limit. (get_posts bluesky.py:39)
2026-08-19 04:44:33 [DEBUG]: Post created at: 2026-05-12 12:15:04 (get_posts bluesky.py:33)
2026-08-19 04:44:33 [INFO]: Post bafyreigir5vldhynmmhee7b5scolawrc2twgukmpbfvlrc66aqji4vlbbu posted outside time limit. (get_posts bluesky.py:39)
2026-08-19 04:44:33 [DEBUG]: Post created at: 2026-05-07 13:44:19 (get_posts bluesky.py:33)
2026-08-19 04:44:33 [INFO]: Post bafyreibmmqchdd5ocewgcdwj2zawtqsn5jlx7jumuqdij7nn6f77t3tpri posted outside time limit. (get_posts bluesky.py:39)
2026-08-19 04:44:33 [DEBUG]: Post created at: 2026-05-04 12:46:03 (get_posts bluesky.py:33)
2026-08-19 04:44:33 [INFO]: Post bafyreicpdt7qhotsxspx6lo4xl5rwzxeeanscduabrvruycpppoonyz6tm posted outside time limit. (get_posts bluesky.py:39)
2026-08-19 04:44:33 [DEBUG]: Post created at: 2026-04-30 14:02:43 (get_posts bluesky.py:33)
2026-08-19 04:44:33 [INFO]: Post bafyreie2qsbv7gjgphjshteqeuzf4pe2dkr4cu3aty2a27kjai4swzebtq posted outside time limit. (get_posts bluesky.py:39)
2026-08-19 04:44:33 [DEBUG]: Post created at: 2026-04-22 14:53:48 (get_posts bluesky.py:33)
2026-08-19 04:44:33 [INFO]: Post bafyreicdui5gpvu6eri4oggsvvgxqb4rb3oy3l2ymmnmffpwz6t3oz2yne posted outside time limit. (get_posts bluesky.py:39)
2026-08-19 04:44:33 [DEBUG]: Post created at: 2026-04-15 13:40:00 (get_posts bluesky.py:33)
2026-08-19 04:44:33 [INFO]: Post bafyreidshdytdhy7f6q3a5yuchedy53verbugnulbbwvllnxofvzpze4re posted outside time limit. (get_posts bluesky.py:39)
2026-08-19 04:44:33 [DEBUG]: Post created at: 2026-04-13 16:38:02 (get_posts bluesky.py:33)
2026-08-19 04:44:33 [INFO]: Post bafyreiauh7o5v67ac256ngxkoqkqnio2e2kmdzdzzqt6vxq32td7gatkmy posted outside time limit. (get_posts bluesky.py:39)
2026-08-19 04:44:33 [DEBUG]: Post created at: 2026-04-10 13:14:36 (get_posts bluesky.py:33)
2026-08-19 04:44:33 [INFO]: Post bafyreifrh7fshwfax4ntkkzh4kal7hstv46kgxa4qlogxu7z7gjxr3ppgu posted outside time limit. (get_posts bluesky.py:39)
2026-08-19 04:44:33 [DEBUG]: Post created at: 2026-04-01 14:22:07 (get_posts bluesky.py:33)
2026-08-19 04:44:33 [INFO]: Post bafyreih2ht6th7xmwvmptcmfdfr5cbdgeavpps6jqyt6xysm37j34w6rge posted outside time limit. (get_posts bluesky.py:39)
2026-08-19 04:44:33 [DEBUG]: Post created at: 2026-03-26 14:42:37 (get_posts bluesky.py:33)
2026-08-19 04:44:33 [INFO]: Post bafyreicfxh453sypukedfr6mfj76tr6uz3osxwb3jfv5ywwecuvhbf267u posted outside time limit. (get_posts bluesky.py:39)
2026-08-19 04:44:33 [DEBUG]: Post created at: 2026-03-26 13:54:10 (get_posts bluesky.py:33)
2026-08-19 04:44:33 [INFO]: Post bafyreifuq22kydpi7ctnxtvy6zww2yzomvsrhq6x2dleqjas62m3p5zo3m posted outside time limit. (get_posts bluesky.py:39)
2026-08-19 04:44:33 [DEBUG]: Post created at: 2026-03-24 22:10:18 (get_posts bluesky.py:33)
2026-08-19 04:44:33 [INFO]: Post bafyreigv5zvvt4yc5xsxkjjliryumxazef75ib5hsmnhtibcncwxoxvnfm posted outside time limit. (get_posts bluesky.py:39)
2026-08-19 04:44:33 [DEBUG]: Post created at: 2026-03-19 14:44:04 (get_posts bluesky.py:33)
2026-08-19 04:44:33 [INFO]: Post bafyreif2f6qv2mgg6cd7amog5rhlfce6br7a6jwoygh7j5szpujkxbw7lq posted outside time limit. (get_posts bluesky.py:39)
2026-08-19 04:44:33 [DEBUG]: Post created at: 2026-03-11 15:06:56 (get_posts bluesky.py:33)
2026-08-19 04:44:33 [INFO]: Post bafyreicdvogziwifeeulpxdanjzw2hhz2x563zmhsulsol6cc2g4awgdzm posted outside time limit. (get_posts bluesky.py:39)
2026-08-19 04:44:33 [DEBUG]: Post created at: 2026-03-10 13:42:44 (get_posts bluesky.py:33)
2026-08-19 04:44:33 [INFO]: Post bafyreievqd6tqe2jmv27cfpq5qfipsop37wgy5tmnrxcgj5pg6c73ziqhe posted outside time limit. (get_posts bluesky.py:39)
2026-08-19 04:44:33 [DEBUG]: Post created at: 2026-02-27 13:14:55 (get_posts bluesky.py:33)
2026-08-19 04:44:33 [INFO]: Post bafyreihnhuuasms57pqkf7igt3c76hf6yngh75wdqpi2zsjqkyv33mn45e posted outside time limit. (get_posts bluesky.py:39)
2026-08-19 04:44:33 [DEBUG]: Post created at: 2026-02-24 16:23:10 (get_posts bluesky.py:33)
2026-08-19 04:44:33 [INFO]: Post bafyreide2tzdyz3qhqvp6dvacl4lo2xhv6sr6gx3jq6ogve525scwql7mi posted outside time limit. (get_posts bluesky.py:39)
2026-08-19 04:44:33 [DEBUG]: Post created at: 2026-02-18 15:42:15 (get_posts bluesky.py:33)
2026-08-19 04:44:33 [INFO]: Post bafyreierb4dlpinmyb7vig7fxqcvt3jgwebafz4bjndrkfzydb5hago4py posted outside time limit. (get_posts bluesky.py:39)
2026-08-19 04:44:33 [DEBUG]: Post created at: 2026-02-13 13:50:14 (get_posts bluesky.py:33)
2026-08-19 04:44:33 [INFO]: Post bafyreiaig2my7kiizjlekleu7edp5chbzu4tonydswkd7j4xawrrklnpea posted outside time limit. (get_posts bluesky.py:39)
2026-08-19 04:44:33 [DEBUG]: Post created at: 2026-02-11 15:17:23 (get_posts bluesky.py:33)
2026-08-19 04:44:33 [INFO]: Post bafyreiaggywu7xfcr3hdbey7tqklccqal2ixepuh6oxtqkyabjhrfpey5y posted outside time limit. (get_posts bluesky.py:39)
2026-08-19 04:44:33 [DEBUG]: Post created at: 2026-02-09 20:47:56 (get_posts bluesky.py:33)
2026-08-19 04:44:33 [INFO]: Post bafyreiegxryprnsav7l5m2duvjrdpuxmd62pglm6dfhladwumo6hb7n73m posted outside time limit. (get_posts bluesky.py:39)
2026-08-19 04:44:33 [DEBUG]: Post created at: 2026-02-04 21:31:32 (get_posts bluesky.py:33)
2026-08-19 04:44:33 [INFO]: Post bafyreiauk2lyeyl7tomeltjaadmgz4auvla2j6itigb2wsu6n52sqbwndu posted outside time limit. (get_posts bluesky.py:39)
2026-08-19 04:44:33 [DEBUG]: Post created at: 2026-02-03 15:53:41 (get_posts bluesky.py:33)
2026-08-19 04:44:33 [INFO]: Post bafyreidbfzjy6zmupb6yp2zrp77ulb7ejvdfu2lawhjkdhg7ekkfoyfzke posted outside time limit. (get_posts bluesky.py:39)
2026-08-19 04:44:33 [DEBUG]: Post created at: 2026-02-02 14:12:40 (get_posts bluesky.py:33)
2026-08-19 04:44:33 [INFO]: Post bafyreibs77nvnmgxegsi2a3q34gvw6gvtffjrta3mgvjmmxq6dagrlaprq posted outside time limit. (get_posts bluesky.py:39)
2026-08-19 04:44:33 [DEBUG]: Post created at: 2026-01-31 17:16:33 (get_posts bluesky.py:33)
2026-08-19 04:44:33 [INFO]: Post bafyreidu7qm22ionzyatpqfiuqfyiio3royiaf4beodokuiwns6f6cl53i posted outside time limit. (get_posts bluesky.py:39)
2026-08-19 04:44:33 [DEBUG]: Post created at: 2026-01-28 13:09:15 (get_posts bluesky.py:33)
2026-08-19 04:44:33 [INFO]: Post bafyreiagqnn3nlo5ftumr3kbsm6zji76ga24ki2373uhb3xxl4o6orajka posted outside time limit. (get_posts bluesky.py:39)
2026-08-19 04:44:33 [DEBUG]: Post created at: 2026-01-27 12:33:02 (get_posts bluesky.py:33)
2026-08-19 04:44:33 [INFO]: Post bafyreifuscbokcel27xngzhkrzopzkb632pmpljpmmbbure5jn5hevtsgq posted outside time limit. (get_posts bluesky.py:39)
2026-08-19 04:44:33 [DEBUG]: Post created at: 2026-01-22 14:21:10 (get_posts bluesky.py:33)
2026-08-19 04:44:33 [INFO]: Post bafyreiagapzgbtv5j2rsn573qr7o7kz73t74l7ypk2eyfahtf6sc5fdjsi posted outside time limit. (get_posts bluesky.py:39)
2026-08-19 04:44:33 [DEBUG]: Post created at: 2026-01-21 13:15:06 (get_posts bluesky.py:33)
2026-08-19 04:44:33 [INFO]: Post bafyreie6wukbdijlqzvjkk4ifh26mdphsaajw26hlqdkohpqcwhuvinmyq posted outside time limit. (get_posts bluesky.py:39)
2026-08-19 04:44:33 [DEBUG]: Post created at: 2026-01-16 16:05:12 (get_posts bluesky.py:33)
2026-08-19 04:44:33 [INFO]: Post bafyreicxzwxqthabj7pnlubsgptgkrsy3x7oxqkp3xahy6tv4gg5yqf2ju posted outside time limit. (get_posts bluesky.py:39)
2026-08-19 04:44:33 [DEBUG]: Post created at: 2026-01-12 13:15:19 (get_posts bluesky.py:33)
2026-08-19 04:44:33 [INFO]: Post bafyreibdn3xxyolwdpeqkewnnprrra2cgk5kbcxcbxywh4lkz3ulcilrqi posted outside time limit. (get_posts bluesky.py:39)
2026-08-19 04:44:33 [DEBUG]: Post created at: 2026-01-08 13:18:56 (get_posts bluesky.py:33)
2026-08-19 04:44:33 [INFO]: Post bafyreietgnh4gc7s4leq7bvqmrgmvznpshszycyy34rd4rnwavw5oghegy posted outside time limit. (get_posts bluesky.py:39)
2026-08-19 04:44:33 [DEBUG]: Post created at: 2025-12-29 13:08:03 (get_posts bluesky.py:33)
2026-08-19 04:44:33 [INFO]: Post bafyreid4dehmzir4jnany3gopw2xqocuxvcrs5fgjysjvzdyqst6gdaqdm posted outside time limit. (get_posts bluesky.py:39)
2026-08-19 04:44:33 [DEBUG]: Post created at: 2025-12-22 21:05:43 (get_posts bluesky.py:33)
2026-08-19 04:44:33 [INFO]: Post bafyreia4ptmpu6bn3etyypkc6dq3zupd4ryvt4ajc4gtsoig22py7c556m posted outside time limit. (get_posts bluesky.py:39)
2026-08-19 04:44:33 [WARNING]: No posts found from input. (get_posts fetch.py:18)
2026-08-19 06:57:36 [INFO]: Reading local database (read_db_file db.py:36)
2026-08-19 06:57:36 [INFO]: Reading cache of recent posts. (read_cache db.py:159)
2026-08-19 06:57:36 [DEBUG]: Cache: {} (read_cache db.py:179)
2026-08-19 06:57:36 [DEBUG]: Deleted: [] (read_cache db.py:180)
2026-08-19 06:57:36 [INFO]: Connecting to Bluesky: None. (bsky_connect connections.py:58)
2026-08-19 06:57:36 [INFO]: Reading session cache (session_cache_read connections.py:111)
2026-08-19 06:57:36 [INFO]: Connecting to Bluesky using saved session. (bsky_connect connections.py:66)
2026-08-19 06:57:36 [INFO]: Session changed: (on_session_change connections.py:104)
2026-08-19 06:57:36 [INFO]: Session changed: (on_session_change connections.py:104)
2026-08-19 06:57:36 [INFO]: Saving changed session (on_session_change connections.py:106)
2026-08-19 06:57:36 [INFO]: Saving session cache (session_cache_write connections.py:120)
2026-08-19 06:57:36 [INFO]: Successfully logged in to Bluesky using saved session. (bsky_connect connections.py:68)
2026-08-19 06:57:36 [INFO]: Saving session cache (session_cache_write connections.py:120)
2026-08-19 06:57:36 [INFO]: Gathering posts from Bluesky (get_posts bluesky.py:18)
2026-08-19 06:57:36 [DEBUG]: Post created at: 2026-08-11 18:33:44 (get_posts bluesky.py:33)
2026-08-19 06:57:36 [INFO]: Post bafyreif6z4mshhjzw7nskbqsktlhq7d5i6vyhy2jxtmu3t2zgw4m2fhavq posted outside time limit. (get_posts bluesky.py:39)
2026-08-19 06:57:36 [DEBUG]: Post created at: 2026-08-06 12:27:25 (get_posts bluesky.py:33)
2026-08-19 06:57:36 [INFO]: Post bafyreibx2vnv3hheqm2susm6rhiultlk6eaptkwbnjmhajzicwe22gfbjm posted outside time limit. (get_posts bluesky.py:39)
2026-08-19 06:57:36 [DEBUG]: Post created at: 2026-08-05 13:39:02 (get_posts bluesky.py:33)
2026-08-19 06:57:36 [INFO]: Post bafyreihtizm7ymakkbho3vywrcve77otdl2txadgxgoyrni5hseaisrszy posted outside time limit. (get_posts bluesky.py:39)
2026-08-19 06:57:36 [DEBUG]: Post created at: 2026-07-23 15:16:51 (get_posts bluesky.py:33)
2026-08-19 06:57:36 [INFO]: Post bafyreif6f2ek3doxuknizkn2jatdtqesoby5hz3wipn4vbnlm6aof6titm posted outside time limit. (get_posts bluesky.py:39)
2026-08-19 06:57:36 [DEBUG]: Post created at: 2026-07-22 15:15:36 (get_posts bluesky.py:33)
2026-08-19 06:57:36 [INFO]: Post bafyreigbxvo544aahrqrrukb3i2h6nnnjv73bddkd5gewt73b2fqovobui posted outside time limit. (get_posts bluesky.py:39)
2026-08-19 06:57:36 [DEBUG]: Post created at: 2026-07-20 12:33:32 (get_posts bluesky.py:33)
2026-08-19 06:57:36 [INFO]: Post bafyreibrtm3v3ucg73br5shdear4zmw4w5f33w5q2ulxbcrf4suakyhmpq posted outside time limit. (get_posts bluesky.py:39)
2026-08-19 06:57:36 [DEBUG]: Post created at: 2026-07-17 11:35:56 (get_posts bluesky.py:33)
2026-08-19 06:57:36 [INFO]: Post bafyreidtxvowahst6h6tvquj5g3uo26gjcgmkvggwg3e44pchoyq4unb4i posted outside time limit. (get_posts bluesky.py:39)
2026-08-19 06:57:36 [DEBUG]: Post created at: 2026-07-06 14:05:46 (get_posts bluesky.py:33)
2026-08-19 06:57:36 [INFO]: Post bafyreiblrulfzvgmmsltp3nywyhksmj4dr257fkhuhoquhhh4vkwr4zzsu posted outside time limit. (get_posts bluesky.py:39)
2026-08-19 06:57:36 [DEBUG]: Post created at: 2026-06-30 16:37:16 (get_posts bluesky.py:33)
2026-08-19 06:57:36 [INFO]: Post bafyreib46tjmeeqwcvj6wiw75b24fza7oug4heiy2ciuww366uibqrqsbe posted outside time limit. (get_posts bluesky.py:39)
2026-08-19 06:57:36 [DEBUG]: Post created at: 2026-06-24 11:17:45 (get_posts bluesky.py:33)
2026-08-19 06:57:36 [INFO]: Post bafyreidt2ygeayems7i7paeb24ig5l2v7lcmtfhrdi4uhrxfjm4thubecq posted outside time limit. (get_posts bluesky.py:39)
2026-08-19 06:57:36 [DEBUG]: Post created at: 2026-06-17 13:46:03 (get_posts bluesky.py:33)
2026-08-19 06:57:36 [INFO]: Post bafyreieekpu7ys5y3dujnzaoq62fikjxndci6yr6qzasdfictup376i3lq posted outside time limit. (get_posts bluesky.py:39)
2026-08-19 06:57:36 [DEBUG]: Post created at: 2026-06-02 18:05:16 (get_posts bluesky.py:33)
2026-08-19 06:57:36 [INFO]: Post bafyreibwhlbkkwktshb56dytljna7wlvy45dkdd7vqawv5xpvqd3btb5tu posted outside time limit. (get_posts bluesky.py:39)
2026-08-19 06:57:36 [DEBUG]: Post created at: 2026-05-28 12:42:25 (get_posts bluesky.py:33)
2026-08-19 06:57:36 [INFO]: Post bafyreigew3jv7boj7icxdil3sho3r5u6qnvgmiwkfvx5yszmyzbwuz7pwu posted outside time limit. (get_posts bluesky.py:39)
2026-08-19 06:57:36 [DEBUG]: Post created at: 2026-05-27 18:13:32 (get_posts bluesky.py:33)
2026-08-19 06:57:36 [INFO]: Post bafyreicomu6cn7rxnkk4gmfp235wbntlseyony4hstbw3m5ipnxjqzma54 posted outside time limit. (get_posts bluesky.py:39)
2026-08-19 06:57:36 [DEBUG]: Post created at: 2026-05-21 16:52:19 (get_posts bluesky.py:33)
2026-08-19 06:57:36 [INFO]: Post bafyreifgxpvh535rsbgturdrvuix3yrkwwzdxxfvmcif3tgn5ae46i25ca posted outside time limit. (get_posts bluesky.py:39)
2026-08-19 06:57:36 [DEBUG]: Post created at: 2026-05-18 11:38:35 (get_posts bluesky.py:33)
2026-08-19 06:57:36 [INFO]: Post bafyreif3vacnffmfmavpf7x2gwtddexvcrqmcetogbnzbca52sfygsnl3i posted outside time limit. (get_posts bluesky.py:39)
2026-08-19 06:57:36 [DEBUG]: Post created at: 2026-05-12 12:15:04 (get_posts bluesky.py:33)
2026-08-19 06:57:36 [INFO]: Post bafyreigir5vldhynmmhee7b5scolawrc2twgukmpbfvlrc66aqji4vlbbu posted outside time limit. (get_posts bluesky.py:39)
2026-08-19 06:57:36 [DEBUG]: Post created at: 2026-05-07 13:44:19 (get_posts bluesky.py:33)
2026-08-19 06:57:36 [INFO]: Post bafyreibmmqchdd5ocewgcdwj2zawtqsn5jlx7jumuqdij7nn6f77t3tpri posted outside time limit. (get_posts bluesky.py:39)
2026-08-19 06:57:36 [DEBUG]: Post created at: 2026-05-04 12:46:03 (get_posts bluesky.py:33)
2026-08-19 06:57:36 [INFO]: Post bafyreicpdt7qhotsxspx6lo4xl5rwzxeeanscduabrvruycpppoonyz6tm posted outside time limit. (get_posts bluesky.py:39)
2026-08-19 06:57:36 [DEBUG]: Post created at: 2026-04-30 14:02:43 (get_posts bluesky.py:33)
2026-08-19 06:57:36 [INFO]: Post bafyreie2qsbv7gjgphjshteqeuzf4pe2dkr4cu3aty2a27kjai4swzebtq posted outside time limit. (get_posts bluesky.py:39)
2026-08-19 06:57:36 [DEBUG]: Post created at: 2026-04-22 14:53:48 (get_posts bluesky.py:33)
2026-08-19 06:57:36 [INFO]: Post bafyreicdui5gpvu6eri4oggsvvgxqb4rb3oy3l2ymmnmffpwz6t3oz2yne posted outside time limit. (get_posts bluesky.py:39)
2026-08-19 06:57:36 [DEBUG]: Post created at: 2026-04-15 13:40:00 (get_posts bluesky.py:33)
2026-08-19 06:57:36 [INFO]: Post bafyreidshdytdhy7f6q3a5yuchedy53verbugnulbbwvllnxofvzpze4re posted outside time limit. (get_posts bluesky.py:39)
2026-08-19 06:57:36 [DEBUG]: Post created at: 2026-04-13 16:38:02 (get_posts bluesky.py:33)
2026-08-19 06:57:36 [INFO]: Post bafyreiauh7o5v67ac256ngxkoqkqnio2e2kmdzdzzqt6vxq32td7gatkmy posted outside time limit. (get_posts bluesky.py:39)
2026-08-19 06:57:36 [DEBUG]: Post created at: 2026-04-10 13:14:36 (get_posts bluesky.py:33)
2026-08-19 06:57:36 [INFO]: Post bafyreifrh7fshwfax4ntkkzh4kal7hstv46kgxa4qlogxu7z7gjxr3ppgu posted outside time limit. (get_posts bluesky.py:39)
2026-08-19 06:57:36 [DEBUG]: Post created at: 2026-04-01 14:22:07 (get_posts bluesky.py:33)
2026-08-19 06:57:36 [INFO]: Post bafyreih2ht6th7xmwvmptcmfdfr5cbdgeavpps6jqyt6xysm37j34w6rge posted outside time limit. (get_posts bluesky.py:39)
2026-08-19 06:57:36 [DEBUG]: Post created at: 2026-03-26 14:42:37 (get_posts bluesky.py:33)
2026-08-19 06:57:36 [INFO]: Post bafyreicfxh453sypukedfr6mfj76tr6uz3osxwb3jfv5ywwecuvhbf267u posted outside time limit. (get_posts bluesky.py:39)
2026-08-19 06:57:36 [DEBUG]: Post created at: 2026-03-26 13:54:10 (get_posts bluesky.py:33)
2026-08-19 06:57:36 [INFO]: Post bafyreifuq22kydpi7ctnxtvy6zww2yzomvsrhq6x2dleqjas62m3p5zo3m posted outside time limit. (get_posts bluesky.py:39)
2026-08-19 06:57:36 [DEBUG]: Post created at: 2026-03-24 22:10:18 (get_posts bluesky.py:33)
2026-08-19 06:57:36 [INFO]: Post bafyreigv5zvvt4yc5xsxkjjliryumxazef75ib5hsmnhtibcncwxoxvnfm posted outside time limit. (get_posts bluesky.py:39)
2026-08-19 06:57:36 [DEBUG]: Post created at: 2026-03-19 14:44:04 (get_posts bluesky.py:33)
2026-08-19 06:57:36 [INFO]: Post bafyreif2f6qv2mgg6cd7amog5rhlfce6br7a6jwoygh7j5szpujkxbw7lq posted outside time limit. (get_posts bluesky.py:39)
2026-08-19 06:57:36 [DEBUG]: Post created at: 2026-03-11 15:06:56 (get_posts bluesky.py:33)
2026-08-19 06:57:36 [INFO]: Post bafyreicdvogziwifeeulpxdanjzw2hhz2x563zmhsulsol6cc2g4awgdzm posted outside time limit. (get_posts bluesky.py:39)
2026-08-19 06:57:36 [DEBUG]: Post created at: 2026-03-10 13:42:44 (get_posts bluesky.py:33)
2026-08-19 06:57:36 [INFO]: Post bafyreievqd6tqe2jmv27cfpq5qfipsop37wgy5tmnrxcgj5pg6c73ziqhe posted outside time limit. (get_posts bluesky.py:39)
2026-08-19 06:57:36 [DEBUG]: Post created at: 2026-02-27 13:14:55 (get_posts bluesky.py:33)
2026-08-19 06:57:36 [INFO]: Post bafyreihnhuuasms57pqkf7igt3c76hf6yngh75wdqpi2zsjqkyv33mn45e posted outside time limit. (get_posts bluesky.py:39)
2026-08-19 06:57:36 [DEBUG]: Post created at: 2026-02-24 16:23:10 (get_posts bluesky.py:33)
2026-08-19 06:57:36 [INFO]: Post bafyreide2tzdyz3qhqvp6dvacl4lo2xhv6sr6gx3jq6ogve525scwql7mi posted outside time limit. (get_posts bluesky.py:39)
2026-08-19 06:57:36 [DEBUG]: Post created at: 2026-02-18 15:42:15 (get_posts bluesky.py:33)
2026-08-19 06:57:36 [INFO]: Post bafyreierb4dlpinmyb7vig7fxqcvt3jgwebafz4bjndrkfzydb5hago4py posted outside time limit. (get_posts bluesky.py:39)
2026-08-19 06:57:36 [DEBUG]: Post created at: 2026-02-13 13:50:14 (get_posts bluesky.py:33)
2026-08-19 06:57:36 [INFO]: Post bafyreiaig2my7kiizjlekleu7edp5chbzu4tonydswkd7j4xawrrklnpea posted outside time limit. (get_posts bluesky.py:39)
2026-08-19 06:57:36 [DEBUG]: Post created at: 2026-02-11 15:17:23 (get_posts bluesky.py:33)
2026-08-19 06:57:36 [INFO]: Post bafyreiaggywu7xfcr3hdbey7tqklccqal2ixepuh6oxtqkyabjhrfpey5y posted outside time limit. (get_posts bluesky.py:39)
2026-08-19 06:57:36 [DEBUG]: Post created at: 2026-02-09 20:47:56 (get_posts bluesky.py:33)
2026-08-19 06:57:36 [INFO]: Post bafyreiegxryprnsav7l5m2duvjrdpuxmd62pglm6dfhladwumo6hb7n73m posted outside time limit. (get_posts bluesky.py:39)
2026-08-19 06:57:36 [DEBUG]: Post created at: 2026-02-04 21:31:32 (get_posts bluesky.py:33)
2026-08-19 06:57:36 [INFO]: Post bafyreiauk2lyeyl7tomeltjaadmgz4auvla2j6itigb2wsu6n52sqbwndu posted outside time limit. (get_posts bluesky.py:39)
2026-08-19 06:57:36 [DEBUG]: Post created at: 2026-02-03 15:53:41 (get_posts bluesky.py:33)
2026-08-19 06:57:36 [INFO]: Post bafyreidbfzjy6zmupb6yp2zrp77ulb7ejvdfu2lawhjkdhg7ekkfoyfzke posted outside time limit. (get_posts bluesky.py:39)
2026-08-19 06:57:36 [DEBUG]: Post created at: 2026-02-02 14:12:40 (get_posts bluesky.py:33)
2026-08-19 06:57:36 [INFO]: Post bafyreibs77nvnmgxegsi2a3q34gvw6gvtffjrta3mgvjmmxq6dagrlaprq posted outside time limit. (get_posts bluesky.py:39)
2026-08-19 06:57:36 [DEBUG]: Post created at: 2026-01-31 17:16:33 (get_posts bluesky.py:33)
2026-08-19 06:57:36 [INFO]: Post bafyreidu7qm22ionzyatpqfiuqfyiio3royiaf4beodokuiwns6f6cl53i posted outside time limit. (get_posts bluesky.py:39)
2026-08-19 06:57:36 [DEBUG]: Post created at: 2026-01-28 13:09:15 (get_posts bluesky.py:33)
2026-08-19 06:57:36 [INFO]: Post bafyreiagqnn3nlo5ftumr3kbsm6zji76ga24ki2373uhb3xxl4o6orajka posted outside time limit. (get_posts bluesky.py:39)
2026-08-19 06:57:36 [DEBUG]: Post created at: 2026-01-27 12:33:02 (get_posts bluesky.py:33)
2026-08-19 06:57:36 [INFO]: Post bafyreifuscbokcel27xngzhkrzopzkb632pmpljpmmbbure5jn5hevtsgq posted outside time limit. (get_posts bluesky.py:39)
2026-08-19 06:57:36 [DEBUG]: Post created at: 2026-01-22 14:21:10 (get_posts bluesky.py:33)
2026-08-19 06:57:36 [INFO]: Post bafyreiagapzgbtv5j2rsn573qr7o7kz73t74l7ypk2eyfahtf6sc5fdjsi posted outside time limit. (get_posts bluesky.py:39)
2026-08-19 06:57:36 [DEBUG]: Post created at: 2026-01-21 13:15:06 (get_posts bluesky.py:33)
2026-08-19 06:57:36 [INFO]: Post bafyreie6wukbdijlqzvjkk4ifh26mdphsaajw26hlqdkohpqcwhuvinmyq posted outside time limit. (get_posts bluesky.py:39)
2026-08-19 06:57:36 [DEBUG]: Post created at: 2026-01-16 16:05:12 (get_posts bluesky.py:33)
2026-08-19 06:57:36 [INFO]: Post bafyreicxzwxqthabj7pnlubsgptgkrsy3x7oxqkp3xahy6tv4gg5yqf2ju posted outside time limit. (get_posts bluesky.py:39)
2026-08-19 06:57:36 [DEBUG]: Post created at: 2026-01-12 13:15:19 (get_posts bluesky.py:33)
2026-08-19 06:57:36 [INFO]: Post bafyreibdn3xxyolwdpeqkewnnprrra2cgk5kbcxcbxywh4lkz3ulcilrqi posted outside time limit. (get_posts bluesky.py:39)
2026-08-19 06:57:36 [DEBUG]: Post created at: 2026-01-08 13:18:56 (get_posts bluesky.py:33)
2026-08-19 06:57:36 [INFO]: Post bafyreietgnh4gc7s4leq7bvqmrgmvznpshszycyy34rd4rnwavw5oghegy posted outside time limit. (get_posts bluesky.py:39)
2026-08-19 06:57:36 [DEBUG]: Post created at: 2025-12-29 13:08:03 (get_posts bluesky.py:33)
2026-08-19 06:57:36 [INFO]: Post bafyreid4dehmzir4jnany3gopw2xqocuxvcrs5fgjysjvzdyqst6gdaqdm posted outside time limit. (get_posts bluesky.py:39)
2026-08-19 06:57:36 [DEBUG]: Post created at: 2025-12-22 21:05:43 (get_posts bluesky.py:33)
2026-08-19 06:57:36 [INFO]: Post bafyreia4ptmpu6bn3etyypkc6dq3zupd4ryvt4ajc4gtsoig22py7c556m posted outside time limit. (get_posts bluesky.py:39)
2026-08-19 06:57:36 [WARNING]: No posts found from input. (get_posts fetch.py:18)
2026-08-19 08:48:12 [INFO]: Reading local database (read_db_file db.py:36)
2026-08-19 08:48:12 [INFO]: Reading cache of recent posts. (read_cache db.py:159)
2026-08-19 08:48:12 [DEBUG]: Cache: {} (read_cache db.py:179)
2026-08-19 08:48:12 [DEBUG]: Deleted: [] (read_cache db.py:180)
2026-08-19 08:48:13 [INFO]: Connecting to Bluesky: None. (bsky_connect connections.py:58)
2026-08-19 08:48:13 [INFO]: Reading session cache (session_cache_read connections.py:111)
2026-08-19 08:48:13 [INFO]: Connecting to Bluesky using saved session. (bsky_connect connections.py:66)
2026-08-19 08:48:13 [INFO]: Session changed: (on_session_change connections.py:104)
2026-08-19 08:48:13 [INFO]: Session changed: (on_session_change connections.py:104)
2026-08-19 08:48:13 [INFO]: Saving changed session (on_session_change connections.py:106)
2026-08-19 08:48:13 [INFO]: Saving session cache (session_cache_write connections.py:120)
2026-08-19 08:48:14 [INFO]: Successfully logged in to Bluesky using saved session. (bsky_connect connections.py:68)
2026-08-19 08:48:14 [INFO]: Saving session cache (session_cache_write connections.py:120)
2026-08-19 08:48:14 [INFO]: Gathering posts from Bluesky (get_posts bluesky.py:18)
2026-08-19 08:48:14 [DEBUG]: Post created at: 2026-08-11 18:33:44 (get_posts bluesky.py:33)
2026-08-19 08:48:14 [INFO]: Post bafyreif6z4mshhjzw7nskbqsktlhq7d5i6vyhy2jxtmu3t2zgw4m2fhavq posted outside time limit. (get_posts bluesky.py:39)
2026-08-19 08:48:14 [DEBUG]: Post created at: 2026-08-06 12:27:25 (get_posts bluesky.py:33)
2026-08-19 08:48:14 [INFO]: Post bafyreibx2vnv3hheqm2susm6rhiultlk6eaptkwbnjmhajzicwe22gfbjm posted outside time limit. (get_posts bluesky.py:39)
2026-08-19 08:48:14 [DEBUG]: Post created at: 2026-08-05 13:39:02 (get_posts bluesky.py:33)
2026-08-19 08:48:14 [INFO]: Post bafyreihtizm7ymakkbho3vywrcve77otdl2txadgxgoyrni5hseaisrszy posted outside time limit. (get_posts bluesky.py:39)
2026-08-19 08:48:14 [DEBUG]: Post created at: 2026-07-23 15:16:51 (get_posts bluesky.py:33)
2026-08-19 08:48:14 [INFO]: Post bafyreif6f2ek3doxuknizkn2jatdtqesoby5hz3wipn4vbnlm6aof6titm posted outside time limit. (get_posts bluesky.py:39)
2026-08-19 08:48:14 [DEBUG]: Post created at: 2026-07-22 15:15:36 (get_posts bluesky.py:33)
2026-08-19 08:48:14 [INFO]: Post bafyreigbxvo544aahrqrrukb3i2h6nnnjv73bddkd5gewt73b2fqovobui posted outside time limit. (get_posts bluesky.py:39)
2026-08-19 08:48:14 [DEBUG]: Post created at: 2026-07-20 12:33:32 (get_posts bluesky.py:33)
2026-08-19 08:48:14 [INFO]: Post bafyreibrtm3v3ucg73br5shdear4zmw4w5f33w5q2ulxbcrf4suakyhmpq posted outside time limit. (get_posts bluesky.py:39)
2026-08-19 08:48:14 [DEBUG]: Post created at: 2026-07-17 11:35:56 (get_posts bluesky.py:33)
2026-08-19 08:48:14 [INFO]: Post bafyreidtxvowahst6h6tvquj5g3uo26gjcgmkvggwg3e44pchoyq4unb4i posted outside time limit. (get_posts bluesky.py:39)
2026-08-19 08:48:14 [DEBUG]: Post created at: 2026-07-06 14:05:46 (get_posts bluesky.py:33)
2026-08-19 08:48:14 [INFO]: Post bafyreiblrulfzvgmmsltp3nywyhksmj4dr257fkhuhoquhhh4vkwr4zzsu posted outside time limit. (get_posts bluesky.py:39)
2026-08-19 08:48:14 [DEBUG]: Post created at: 2026-06-30 16:37:16 (get_posts bluesky.py:33)
2026-08-19 08:48:14 [INFO]: Post bafyreib46tjmeeqwcvj6wiw75b24fza7oug4heiy2ciuww366uibqrqsbe posted outside time limit. (get_posts bluesky.py:39)
2026-08-19 08:48:14 [DEBUG]: Post created at: 2026-06-24 11:17:45 (get_posts bluesky.py:33)
2026-08-19 08:48:14 [INFO]: Post bafyreidt2ygeayems7i7paeb24ig5l2v7lcmtfhrdi4uhrxfjm4thubecq posted outside time limit. (get_posts bluesky.py:39)
2026-08-19 08:48:14 [DEBUG]: Post created at: 2026-06-17 13:46:03 (get_posts bluesky.py:33)
2026-08-19 08:48:14 [INFO]: Post bafyreieekpu7ys5y3dujnzaoq62fikjxndci6yr6qzasdfictup376i3lq posted outside time limit. (get_posts bluesky.py:39)
2026-08-19 08:48:14 [DEBUG]: Post created at: 2026-06-02 18:05:16 (get_posts bluesky.py:33)
2026-08-19 08:48:14 [INFO]: Post bafyreibwhlbkkwktshb56dytljna7wlvy45dkdd7vqawv5xpvqd3btb5tu posted outside time limit. (get_posts bluesky.py:39)
2026-08-19 08:48:14 [DEBUG]: Post created at: 2026-05-28 12:42:25 (get_posts bluesky.py:33)
2026-08-19 08:48:14 [INFO]: Post bafyreigew3jv7boj7icxdil3sho3r5u6qnvgmiwkfvx5yszmyzbwuz7pwu posted outside time limit. (get_posts bluesky.py:39)
2026-08-19 08:48:14 [DEBUG]: Post created at: 2026-05-27 18:13:32 (get_posts bluesky.py:33)
2026-08-19 08:48:14 [INFO]: Post bafyreicomu6cn7rxnkk4gmfp235wbntlseyony4hstbw3m5ipnxjqzma54 posted outside time limit. (get_posts bluesky.py:39)
2026-08-19 08:48:14 [DEBUG]: Post created at: 2026-05-21 16:52:19 (get_posts bluesky.py:33)
2026-08-19 08:48:14 [INFO]: Post bafyreifgxpvh535rsbgturdrvuix3yrkwwzdxxfvmcif3tgn5ae46i25ca posted outside time limit. (get_posts bluesky.py:39)
2026-08-19 08:48:14 [DEBUG]: Post created at: 2026-05-18 11:38:35 (get_posts bluesky.py:33)
2026-08-19 08:48:14 [INFO]: Post bafyreif3vacnffmfmavpf7x2gwtddexvcrqmcetogbnzbca52sfygsnl3i posted outside time limit. (get_posts bluesky.py:39)
2026-08-19 08:48:14 [DEBUG]: Post created at: 2026-05-12 12:15:04 (get_posts bluesky.py:33)
2026-08-19 08:48:14 [INFO]: Post bafyreigir5vldhynmmhee7b5scolawrc2twgukmpbfvlrc66aqji4vlbbu posted outside time limit. (get_posts bluesky.py:39)
2026-08-19 08:48:14 [DEBUG]: Post created at: 2026-05-07 13:44:19 (get_posts bluesky.py:33)
2026-08-19 08:48:14 [INFO]: Post bafyreibmmqchdd5ocewgcdwj2zawtqsn5jlx7jumuqdij7nn6f77t3tpri posted outside time limit. (get_posts bluesky.py:39)
2026-08-19 08:48:14 [DEBUG]: Post created at: 2026-05-04 12:46:03 (get_posts bluesky.py:33)
2026-08-19 08:48:14 [INFO]: Post bafyreicpdt7qhotsxspx6lo4xl5rwzxeeanscduabrvruycpppoonyz6tm posted outside time limit. (get_posts bluesky.py:39)
2026-08-19 08:48:14 [DEBUG]: Post created at: 2026-04-30 14:02:43 (get_posts bluesky.py:33)
2026-08-19 08:48:14 [INFO]: Post bafyreie2qsbv7gjgphjshteqeuzf4pe2dkr4cu3aty2a27kjai4swzebtq posted outside time limit. (get_posts bluesky.py:39)
2026-08-19 08:48:14 [DEBUG]: Post created at: 2026-04-22 14:53:48 (get_posts bluesky.py:33)
2026-08-19 08:48:14 [INFO]: Post bafyreicdui5gpvu6eri4oggsvvgxqb4rb3oy3l2ymmnmffpwz6t3oz2yne posted outside time limit. (get_posts bluesky.py:39)
2026-08-19 08:48:14 [DEBUG]: Post created at: 2026-04-15 13:40:00 (get_posts bluesky.py:33)
2026-08-19 08:48:14 [INFO]: Post bafyreidshdytdhy7f6q3a5yuchedy53verbugnulbbwvllnxofvzpze4re posted outside time limit. (get_posts bluesky.py:39)
2026-08-19 08:48:14 [DEBUG]: Post created at: 2026-04-13 16:38:02 (get_posts bluesky.py:33)
2026-08-19 08:48:14 [INFO]: Post bafyreiauh7o5v67ac256ngxkoqkqnio2e2kmdzdzzqt6vxq32td7gatkmy posted outside time limit. (get_posts bluesky.py:39)
2026-08-19 08:48:14 [DEBUG]: Post created at: 2026-04-10 13:14:36 (get_posts bluesky.py:33)
2026-08-19 08:48:14 [INFO]: Post bafyreifrh7fshwfax4ntkkzh4kal7hstv46kgxa4qlogxu7z7gjxr3ppgu posted outside time limit. (get_posts bluesky.py:39)
2026-08-19 08:48:14 [DEBUG]: Post created at: 2026-04-01 14:22:07 (get_posts bluesky.py:33)
2026-08-19 08:48:14 [INFO]: Post bafyreih2ht6th7xmwvmptcmfdfr5cbdgeavpps6jqyt6xysm37j34w6rge posted outside time limit. (get_posts bluesky.py:39)
2026-08-19 08:48:14 [DEBUG]: Post created at: 2026-03-26 14:42:37 (get_posts bluesky.py:33)
2026-08-19 08:48:14 [INFO]: Post bafyreicfxh453sypukedfr6mfj76tr6uz3osxwb3jfv5ywwecuvhbf267u posted outside time limit. (get_posts bluesky.py:39)
2026-08-19 08:48:14 [DEBUG]: Post created at: 2026-03-26 13:54:10 (get_posts bluesky.py:33)
2026-08-19 08:48:14 [INFO]: Post bafyreifuq22kydpi7ctnxtvy6zww2yzomvsrhq6x2dleqjas62m3p5zo3m posted outside time limit. (get_posts bluesky.py:39)
2026-08-19 08:48:14 [DEBUG]: Post created at: 2026-03-24 22:10:18 (get_posts bluesky.py:33)
2026-08-19 08:48:14 [INFO]: Post bafyreigv5zvvt4yc5xsxkjjliryumxazef75ib5hsmnhtibcncwxoxvnfm posted outside time limit. (get_posts bluesky.py:39)
2026-08-19 08:48:14 [DEBUG]: Post created at: 2026-03-19 14:44:04 (get_posts bluesky.py:33)
2026-08-19 08:48:14 [INFO]: Post bafyreif2f6qv2mgg6cd7amog5rhlfce6br7a6jwoygh7j5szpujkxbw7lq posted outside time limit. (get_posts bluesky.py:39)
2026-08-19 08:48:14 [DEBUG]: Post created at: 2026-03-11 15:06:56 (get_posts bluesky.py:33)
2026-08-19 08:48:14 [INFO]: Post bafyreicdvogziwifeeulpxdanjzw2hhz2x563zmhsulsol6cc2g4awgdzm posted outside time limit. (get_posts bluesky.py:39)
2026-08-19 08:48:14 [DEBUG]: Post created at: 2026-03-10 13:42:44 (get_posts bluesky.py:33)
2026-08-19 08:48:14 [INFO]: Post bafyreievqd6tqe2jmv27cfpq5qfipsop37wgy5tmnrxcgj5pg6c73ziqhe posted outside time limit. (get_posts bluesky.py:39)
2026-08-19 08:48:14 [DEBUG]: Post created at: 2026-02-27 13:14:55 (get_posts bluesky.py:33)
2026-08-19 08:48:14 [INFO]: Post bafyreihnhuuasms57pqkf7igt3c76hf6yngh75wdqpi2zsjqkyv33mn45e posted outside time limit. (get_posts bluesky.py:39)
2026-08-19 08:48:14 [DEBUG]: Post created at: 2026-02-24 16:23:10 (get_posts bluesky.py:33)
2026-08-19 08:48:14 [INFO]: Post bafyreide2tzdyz3qhqvp6dvacl4lo2xhv6sr6gx3jq6ogve525scwql7mi posted outside time limit. (get_posts bluesky.py:39)
2026-08-19 08:48:14 [DEBUG]: Post created at: 2026-02-18 15:42:15 (get_posts bluesky.py:33)
2026-08-19 08:48:14 [INFO]: Post bafyreierb4dlpinmyb7vig7fxqcvt3jgwebafz4bjndrkfzydb5hago4py posted outside time limit. (get_posts bluesky.py:39)
2026-08-19 08:48:14 [DEBUG]: Post created at: 2026-02-13 13:50:14 (get_posts bluesky.py:33)
2026-08-19 08:48:14 [INFO]: Post bafyreiaig2my7kiizjlekleu7edp5chbzu4tonydswkd7j4xawrrklnpea posted outside time limit. (get_posts bluesky.py:39)
2026-08-19 08:48:14 [DEBUG]: Post created at: 2026-02-11 15:17:23 (get_posts bluesky.py:33)
2026-08-19 08:48:14 [INFO]: Post bafyreiaggywu7xfcr3hdbey7tqklccqal2ixepuh6oxtqkyabjhrfpey5y posted outside time limit. (get_posts bluesky.py:39)
2026-08-19 08:48:14 [DEBUG]: Post created at: 2026-02-09 20:47:56 (get_posts bluesky.py:33)
2026-08-19 08:48:14 [INFO]: Post bafyreiegxryprnsav7l5m2duvjrdpuxmd62pglm6dfhladwumo6hb7n73m posted outside time limit. (get_posts bluesky.py:39)
2026-08-19 08:48:14 [DEBUG]: Post created at: 2026-02-04 21:31:32 (get_posts bluesky.py:33)
2026-08-19 08:48:14 [INFO]: Post bafyreiauk2lyeyl7tomeltjaadmgz4auvla2j6itigb2wsu6n52sqbwndu posted outside time limit. (get_posts bluesky.py:39)
2026-08-19 08:48:14 [DEBUG]: Post created at: 2026-02-03 15:53:41 (get_posts bluesky.py:33)
2026-08-19 08:48:14 [INFO]: Post bafyreidbfzjy6zmupb6yp2zrp77ulb7ejvdfu2lawhjkdhg7ekkfoyfzke posted outside time limit. (get_posts bluesky.py:39)
2026-08-19 08:48:14 [DEBUG]: Post created at: 2026-02-02 14:12:40 (get_posts bluesky.py:33)
2026-08-19 08:48:14 [INFO]: Post bafyreibs77nvnmgxegsi2a3q34gvw6gvtffjrta3mgvjmmxq6dagrlaprq posted outside time limit. (get_posts bluesky.py:39)
2026-08-19 08:48:14 [DEBUG]: Post created at: 2026-01-31 17:16:33 (get_posts bluesky.py:33)
2026-08-19 08:48:14 [INFO]: Post bafyreidu7qm22ionzyatpqfiuqfyiio3royiaf4beodokuiwns6f6cl53i posted outside time limit. (get_posts bluesky.py:39)
2026-08-19 08:48:14 [DEBUG]: Post created at: 2026-01-28 13:09:15 (get_posts bluesky.py:33)
2026-08-19 08:48:14 [INFO]: Post bafyreiagqnn3nlo5ftumr3kbsm6zji76ga24ki2373uhb3xxl4o6orajka posted outside time limit. (get_posts bluesky.py:39)
2026-08-19 08:48:14 [DEBUG]: Post created at: 2026-01-27 12:33:02 (get_posts bluesky.py:33)
2026-08-19 08:48:14 [INFO]: Post bafyreifuscbokcel27xngzhkrzopzkb632pmpljpmmbbure5jn5hevtsgq posted outside time limit. (get_posts bluesky.py:39)
2026-08-19 08:48:14 [DEBUG]: Post created at: 2026-01-22 14:21:10 (get_posts bluesky.py:33)
2026-08-19 08:48:14 [INFO]: Post bafyreiagapzgbtv5j2rsn573qr7o7kz73t74l7ypk2eyfahtf6sc5fdjsi posted outside time limit. (get_posts bluesky.py:39)
2026-08-19 08:48:14 [DEBUG]: Post created at: 2026-01-21 13:15:06 (get_posts bluesky.py:33)
2026-08-19 08:48:14 [INFO]: Post bafyreie6wukbdijlqzvjkk4ifh26mdphsaajw26hlqdkohpqcwhuvinmyq posted outside time limit. (get_posts bluesky.py:39)
2026-08-19 08:48:14 [DEBUG]: Post created at: 2026-01-16 16:05:12 (get_posts bluesky.py:33)
2026-08-19 08:48:14 [INFO]: Post bafyreicxzwxqthabj7pnlubsgptgkrsy3x7oxqkp3xahy6tv4gg5yqf2ju posted outside time limit. (get_posts bluesky.py:39)
2026-08-19 08:48:14 [DEBUG]: Post created at: 2026-01-12 13:15:19 (get_posts bluesky.py:33)
2026-08-19 08:48:14 [INFO]: Post bafyreibdn3xxyolwdpeqkewnnprrra2cgk5kbcxcbxywh4lkz3ulcilrqi posted outside time limit. (get_posts bluesky.py:39)
2026-08-19 08:48:14 [DEBUG]: Post created at: 2026-01-08 13:18:56 (get_posts bluesky.py:33)
2026-08-19 08:48:14 [INFO]: Post bafyreietgnh4gc7s4leq7bvqmrgmvznpshszycyy34rd4rnwavw5oghegy posted outside time limit. (get_posts bluesky.py:39)
2026-08-19 08:48:14 [DEBUG]: Post created at: 2025-12-29 13:08:03 (get_posts bluesky.py:33)
2026-08-19 08:48:14 [INFO]: Post bafyreid4dehmzir4jnany3gopw2xqocuxvcrs5fgjysjvzdyqst6gdaqdm posted outside time limit. (get_posts bluesky.py:39)
2026-08-19 08:48:14 [DEBUG]: Post created at: 2025-12-22 21:05:43 (get_posts bluesky.py:33)
2026-08-19 08:48:14 [INFO]: Post bafyreia4ptmpu6bn3etyypkc6dq3zupd4ryvt4ajc4gtsoig22py7c556m posted outside time limit. (get_posts bluesky.py:39)
2026-08-19 08:48:14 [WARNING]: No posts found from input. (get_posts fetch.py:18)
2026-08-19 10:36:46 [INFO]: Reading local database (read_db_file db.py:36)
2026-08-19 10:36:46 [INFO]: Reading cache of recent posts. (read_cache db.py:159)
2026-08-19 10:36:46 [DEBUG]: Cache: {} (read_cache db.py:179)
2026-08-19 10:36:46 [DEBUG]: Deleted: [] (read_cache db.py:180)
2026-08-19 10:36:46 [INFO]: Connecting to Bluesky: None. (bsky_connect connections.py:58)
2026-08-19 10:36:46 [INFO]: Reading session cache (session_cache_read connections.py:111)
2026-08-19 10:36:46 [INFO]: Connecting to Bluesky using saved session. (bsky_connect connections.py:66)
2026-08-19 10:36:46 [INFO]: Session changed: (on_session_change connections.py:104)
2026-08-19 10:36:46 [INFO]: Session changed: (on_session_change connections.py:104)
2026-08-19 10:36:46 [INFO]: Saving changed session (on_session_change connections.py:106)
2026-08-19 10:36:46 [INFO]: Saving session cache (session_cache_write connections.py:120)
2026-08-19 10:36:47 [INFO]: Successfully logged in to Bluesky using saved session. (bsky_connect connections.py:68)
2026-08-19 10:36:47 [INFO]: Saving session cache (session_cache_write connections.py:120)
2026-08-19 10:36:47 [INFO]: Gathering posts from Bluesky (get_posts bluesky.py:18)
2026-08-19 10:36:47 [DEBUG]: Post created at: 2026-08-11 18:33:44 (get_posts bluesky.py:33)
2026-08-19 10:36:47 [INFO]: Post bafyreif6z4mshhjzw7nskbqsktlhq7d5i6vyhy2jxtmu3t2zgw4m2fhavq posted outside time limit. (get_posts bluesky.py:39)
2026-08-19 10:36:47 [DEBUG]: Post created at: 2026-08-06 12:27:25 (get_posts bluesky.py:33)
2026-08-19 10:36:47 [INFO]: Post bafyreibx2vnv3hheqm2susm6rhiultlk6eaptkwbnjmhajzicwe22gfbjm posted outside time limit. (get_posts bluesky.py:39)
2026-08-19 10:36:47 [DEBUG]: Post created at: 2026-08-05 13:39:02 (get_posts bluesky.py:33)
2026-08-19 10:36:47 [INFO]: Post bafyreihtizm7ymakkbho3vywrcve77otdl2txadgxgoyrni5hseaisrszy posted outside time limit. (get_posts bluesky.py:39)
2026-08-19 10:36:47 [DEBUG]: Post created at: 2026-07-23 15:16:51 (get_posts bluesky.py:33)
2026-08-19 10:36:47 [INFO]: Post bafyreif6f2ek3doxuknizkn2jatdtqesoby5hz3wipn4vbnlm6aof6titm posted outside time limit. (get_posts bluesky.py:39)
2026-08-19 10:36:47 [DEBUG]: Post created at: 2026-07-22 15:15:36 (get_posts bluesky.py:33)
2026-08-19 10:36:47 [INFO]: Post bafyreigbxvo544aahrqrrukb3i2h6nnnjv73bddkd5gewt73b2fqovobui posted outside time limit. (get_posts bluesky.py:39)
2026-08-19 10:36:47 [DEBUG]: Post created at: 2026-07-20 12:33:32 (get_posts bluesky.py:33)
2026-08-19 10:36:47 [INFO]: Post bafyreibrtm3v3ucg73br5shdear4zmw4w5f33w5q2ulxbcrf4suakyhmpq posted outside time limit. (get_posts bluesky.py:39)
2026-08-19 10:36:47 [DEBUG]: Post created at: 2026-07-17 11:35:56 (get_posts bluesky.py:33)
2026-08-19 10:36:47 [INFO]: Post bafyreidtxvowahst6h6tvquj5g3uo26gjcgmkvggwg3e44pchoyq4unb4i posted outside time limit. (get_posts bluesky.py:39)
2026-08-19 10:36:47 [DEBUG]: Post created at: 2026-07-06 14:05:46 (get_posts bluesky.py:33)
2026-08-19 10:36:47 [INFO]: Post bafyreiblrulfzvgmmsltp3nywyhksmj4dr257fkhuhoquhhh4vkwr4zzsu posted outside time limit. (get_posts bluesky.py:39)
2026-08-19 10:36:47 [DEBUG]: Post created at: 2026-06-30 16:37:16 (get_posts bluesky.py:33)
2026-08-19 10:36:47 [INFO]: Post bafyreib46tjmeeqwcvj6wiw75b24fza7oug4heiy2ciuww366uibqrqsbe posted outside time limit. (get_posts bluesky.py:39)
2026-08-19 10:36:47 [DEBUG]: Post created at: 2026-06-24 11:17:45 (get_posts bluesky.py:33)
2026-08-19 10:36:47 [INFO]: Post bafyreidt2ygeayems7i7paeb24ig5l2v7lcmtfhrdi4uhrxfjm4thubecq posted outside time limit. (get_posts bluesky.py:39)
2026-08-19 10:36:47 [DEBUG]: Post created at: 2026-06-17 13:46:03 (get_posts bluesky.py:33)
2026-08-19 10:36:47 [INFO]: Post bafyreieekpu7ys5y3dujnzaoq62fikjxndci6yr6qzasdfictup376i3lq posted outside time limit. (get_posts bluesky.py:39)
2026-08-19 10:36:47 [DEBUG]: Post created at: 2026-06-02 18:05:16 (get_posts bluesky.py:33)
2026-08-19 10:36:47 [INFO]: Post bafyreibwhlbkkwktshb56dytljna7wlvy45dkdd7vqawv5xpvqd3btb5tu posted outside time limit. (get_posts bluesky.py:39)
2026-08-19 10:36:47 [DEBUG]: Post created at: 2026-05-28 12:42:25 (get_posts bluesky.py:33)
2026-08-19 10:36:47 [INFO]: Post bafyreigew3jv7boj7icxdil3sho3r5u6qnvgmiwkfvx5yszmyzbwuz7pwu posted outside time limit. (get_posts bluesky.py:39)
2026-08-19 10:36:47 [DEBUG]: Post created at: 2026-05-27 18:13:32 (get_posts bluesky.py:33)
2026-08-19 10:36:47 [INFO]: Post bafyreicomu6cn7rxnkk4gmfp235wbntlseyony4hstbw3m5ipnxjqzma54 posted outside time limit. (get_posts bluesky.py:39)
2026-08-19 10:36:47 [DEBUG]: Post created at: 2026-05-21 16:52:19 (get_posts bluesky.py:33)
2026-08-19 10:36:47 [INFO]: Post bafyreifgxpvh535rsbgturdrvuix3yrkwwzdxxfvmcif3tgn5ae46i25ca posted outside time limit. (get_posts bluesky.py:39)
2026-08-19 10:36:47 [DEBUG]: Post created at: 2026-05-18 11:38:35 (get_posts bluesky.py:33)
2026-08-19 10:36:47 [INFO]: Post bafyreif3vacnffmfmavpf7x2gwtddexvcrqmcetogbnzbca52sfygsnl3i posted outside time limit. (get_posts bluesky.py:39)
2026-08-19 10:36:47 [DEBUG]: Post created at: 2026-05-12 12:15:04 (get_posts bluesky.py:33)
2026-08-19 10:36:47 [INFO]: Post bafyreigir5vldhynmmhee7b5scolawrc2twgukmpbfvlrc66aqji4vlbbu posted outside time limit. (get_posts bluesky.py:39)
2026-08-19 10:36:47 [DEBUG]: Post created at: 2026-05-07 13:44:19 (get_posts bluesky.py:33)
2026-08-19 10:36:47 [INFO]: Post bafyreibmmqchdd5ocewgcdwj2zawtqsn5jlx7jumuqdij7nn6f77t3tpri posted outside time limit. (get_posts bluesky.py:39)
2026-08-19 10:36:47 [DEBUG]: Post created at: 2026-05-04 12:46:03 (get_posts bluesky.py:33)
2026-08-19 10:36:47 [INFO]: Post bafyreicpdt7qhotsxspx6lo4xl5rwzxeeanscduabrvruycpppoonyz6tm posted outside time limit. (get_posts bluesky.py:39)
2026-08-19 10:36:47 [DEBUG]: Post created at: 2026-04-30 14:02:43 (get_posts bluesky.py:33)
2026-08-19 10:36:47 [INFO]: Post bafyreie2qsbv7gjgphjshteqeuzf4pe2dkr4cu3aty2a27kjai4swzebtq posted outside time limit. (get_posts bluesky.py:39)
2026-08-19 10:36:47 [DEBUG]: Post created at: 2026-04-22 14:53:48 (get_posts bluesky.py:33)
2026-08-19 10:36:47 [INFO]: Post bafyreicdui5gpvu6eri4oggsvvgxqb4rb3oy3l2ymmnmffpwz6t3oz2yne posted outside time limit. (get_posts bluesky.py:39)
2026-08-19 10:36:47 [DEBUG]: Post created at: 2026-04-15 13:40:00 (get_posts bluesky.py:33)
2026-08-19 10:36:47 [INFO]: Post bafyreidshdytdhy7f6q3a5yuchedy53verbugnulbbwvllnxofvzpze4re posted outside time limit. (get_posts bluesky.py:39)
2026-08-19 10:36:47 [DEBUG]: Post created at: 2026-04-13 16:38:02 (get_posts bluesky.py:33)
2026-08-19 10:36:47 [INFO]: Post bafyreiauh7o5v67ac256ngxkoqkqnio2e2kmdzdzzqt6vxq32td7gatkmy posted outside time limit. (get_posts bluesky.py:39)
2026-08-19 10:36:47 [DEBUG]: Post created at: 2026-04-10 13:14:36 (get_posts bluesky.py:33)
2026-08-19 10:36:47 [INFO]: Post bafyreifrh7fshwfax4ntkkzh4kal7hstv46kgxa4qlogxu7z7gjxr3ppgu posted outside time limit. (get_posts bluesky.py:39)
2026-08-19 10:36:47 [DEBUG]: Post created at: 2026-04-01 14:22:07 (get_posts bluesky.py:33)
2026-08-19 10:36:47 [INFO]: Post bafyreih2ht6th7xmwvmptcmfdfr5cbdgeavpps6jqyt6xysm37j34w6rge posted outside time limit. (get_posts bluesky.py:39)
2026-08-19 10:36:47 [DEBUG]: Post created at: 2026-03-26 14:42:37 (get_posts bluesky.py:33)
2026-08-19 10:36:47 [INFO]: Post bafyreicfxh453sypukedfr6mfj76tr6uz3osxwb3jfv5ywwecuvhbf267u posted outside time limit. (get_posts bluesky.py:39)
2026-08-19 10:36:47 [DEBUG]: Post created at: 2026-03-26 13:54:10 (get_posts bluesky.py:33)
2026-08-19 10:36:47 [INFO]: Post bafyreifuq22kydpi7ctnxtvy6zww2yzomvsrhq6x2dleqjas62m3p5zo3m posted outside time limit. (get_posts bluesky.py:39)
2026-08-19 10:36:47 [DEBUG]: Post created at: 2026-03-24 22:10:18 (get_posts bluesky.py:33)
2026-08-19 10:36:47 [INFO]: Post bafyreigv5zvvt4yc5xsxkjjliryumxazef75ib5hsmnhtibcncwxoxvnfm posted outside time limit. (get_posts bluesky.py:39)
2026-08-19 10:36:47 [DEBUG]: Post created at: 2026-03-19 14:44:04 (get_posts bluesky.py:33)
2026-08-19 10:36:47 [INFO]: Post bafyreif2f6qv2mgg6cd7amog5rhlfce6br7a6jwoygh7j5szpujkxbw7lq posted outside time limit. (get_posts bluesky.py:39)
2026-08-19 10:36:47 [DEBUG]: Post created at: 2026-03-11 15:06:56 (get_posts bluesky.py:33)
2026-08-19 10:36:47 [INFO]: Post bafyreicdvogziwifeeulpxdanjzw2hhz2x563zmhsulsol6cc2g4awgdzm posted outside time limit. (get_posts bluesky.py:39)
2026-08-19 10:36:47 [DEBUG]: Post created at: 2026-03-10 13:42:44 (get_posts bluesky.py:33)
2026-08-19 10:36:47 [INFO]: Post bafyreievqd6tqe2jmv27cfpq5qfipsop37wgy5tmnrxcgj5pg6c73ziqhe posted outside time limit. (get_posts bluesky.py:39)
2026-08-19 10:36:47 [DEBUG]: Post created at: 2026-02-27 13:14:55 (get_posts bluesky.py:33)
2026-08-19 10:36:47 [INFO]: Post bafyreihnhuuasms57pqkf7igt3c76hf6yngh75wdqpi2zsjqkyv33mn45e posted outside time limit. (get_posts bluesky.py:39)
2026-08-19 10:36:47 [DEBUG]: Post created at: 2026-02-24 16:23:10 (get_posts bluesky.py:33)
2026-08-19 10:36:47 [INFO]: Post bafyreide2tzdyz3qhqvp6dvacl4lo2xhv6sr6gx3jq6ogve525scwql7mi posted outside time limit. (get_posts bluesky.py:39)
2026-08-19 10:36:47 [DEBUG]: Post created at: 2026-02-18 15:42:15 (get_posts bluesky.py:33)
2026-08-19 10:36:47 [INFO]: Post bafyreierb4dlpinmyb7vig7fxqcvt3jgwebafz4bjndrkfzydb5hago4py posted outside time limit. (get_posts bluesky.py:39)
2026-08-19 10:36:47 [DEBUG]: Post created at: 2026-02-13 13:50:14 (get_posts bluesky.py:33)
2026-08-19 10:36:47 [INFO]: Post bafyreiaig2my7kiizjlekleu7edp5chbzu4tonydswkd7j4xawrrklnpea posted outside time limit. (get_posts bluesky.py:39)
2026-08-19 10:36:47 [DEBUG]: Post created at: 2026-02-11 15:17:23 (get_posts bluesky.py:33)
2026-08-19 10:36:47 [INFO]: Post bafyreiaggywu7xfcr3hdbey7tqklccqal2ixepuh6oxtqkyabjhrfpey5y posted outside time limit. (get_posts bluesky.py:39)
2026-08-19 10:36:47 [DEBUG]: Post created at: 2026-02-09 20:47:56 (get_posts bluesky.py:33)
2026-08-19 10:36:47 [INFO]: Post bafyreiegxryprnsav7l5m2duvjrdpuxmd62pglm6dfhladwumo6hb7n73m posted outside time limit. (get_posts bluesky.py:39)
2026-08-19 10:36:47 [DEBUG]: Post created at: 2026-02-04 21:31:32 (get_posts bluesky.py:33)
2026-08-19 10:36:47 [INFO]: Post bafyreiauk2lyeyl7tomeltjaadmgz4auvla2j6itigb2wsu6n52sqbwndu posted outside time limit. (get_posts bluesky.py:39)
2026-08-19 10:36:47 [DEBUG]: Post created at: 2026-02-03 15:53:41 (get_posts bluesky.py:33)
2026-08-19 10:36:47 [INFO]: Post bafyreidbfzjy6zmupb6yp2zrp77ulb7ejvdfu2lawhjkdhg7ekkfoyfzke posted outside time limit. (get_posts bluesky.py:39)
2026-08-19 10:36:47 [DEBUG]: Post created at: 2026-02-02 14:12:40 (get_posts bluesky.py:33)
2026-08-19 10:36:47 [INFO]: Post bafyreibs77nvnmgxegsi2a3q34gvw6gvtffjrta3mgvjmmxq6dagrlaprq posted outside time limit. (get_posts bluesky.py:39)
2026-08-19 10:36:47 [DEBUG]: Post created at: 2026-01-31 17:16:33 (get_posts bluesky.py:33)
2026-08-19 10:36:47 [INFO]: Post bafyreidu7qm22ionzyatpqfiuqfyiio3royiaf4beodokuiwns6f6cl53i posted outside time limit. (get_posts bluesky.py:39)
2026-08-19 10:36:47 [DEBUG]: Post created at: 2026-01-28 13:09:15 (get_posts bluesky.py:33)
2026-08-19 10:36:47 [INFO]: Post bafyreiagqnn3nlo5ftumr3kbsm6zji76ga24ki2373uhb3xxl4o6orajka posted outside time limit. (get_posts bluesky.py:39)
2026-08-19 10:36:47 [DEBUG]: Post created at: 2026-01-27 12:33:02 (get_posts bluesky.py:33)
2026-08-19 10:36:47 [INFO]: Post bafyreifuscbokcel27xngzhkrzopzkb632pmpljpmmbbure5jn5hevtsgq posted outside time limit. (get_posts bluesky.py:39)
2026-08-19 10:36:47 [DEBUG]: Post created at: 2026-01-22 14:21:10 (get_posts bluesky.py:33)
2026-08-19 10:36:47 [INFO]: Post bafyreiagapzgbtv5j2rsn573qr7o7kz73t74l7ypk2eyfahtf6sc5fdjsi posted outside time limit. (get_posts bluesky.py:39)
2026-08-19 10:36:47 [DEBUG]: Post created at: 2026-01-21 13:15:06 (get_posts bluesky.py:33)
2026-08-19 10:36:47 [INFO]: Post bafyreie6wukbdijlqzvjkk4ifh26mdphsaajw26hlqdkohpqcwhuvinmyq posted outside time limit. (get_posts bluesky.py:39)
2026-08-19 10:36:47 [DEBUG]: Post created at: 2026-01-16 16:05:12 (get_posts bluesky.py:33)
2026-08-19 10:36:47 [INFO]: Post bafyreicxzwxqthabj7pnlubsgptgkrsy3x7oxqkp3xahy6tv4gg5yqf2ju posted outside time limit. (get_posts bluesky.py:39)
2026-08-19 10:36:47 [DEBUG]: Post created at: 2026-01-12 13:15:19 (get_posts bluesky.py:33)
2026-08-19 10:36:47 [INFO]: Post bafyreibdn3xxyolwdpeqkewnnprrra2cgk5kbcxcbxywh4lkz3ulcilrqi posted outside time limit. (get_posts bluesky.py:39)
2026-08-19 10:36:47 [DEBUG]: Post created at: 2026-01-08 13:18:56 (get_posts bluesky.py:33)
2026-08-19 10:36:47 [INFO]: Post bafyreietgnh4gc7s4leq7bvqmrgmvznpshszycyy34rd4rnwavw5oghegy posted outside time limit. (get_posts bluesky.py:39)
2026-08-19 10:36:47 [DEBUG]: Post created at: 2025-12-29 13:08:03 (get_posts bluesky.py:33)
2026-08-19 10:36:47 [INFO]: Post bafyreid4dehmzir4jnany3gopw2xqocuxvcrs5fgjysjvzdyqst6gdaqdm posted outside time limit. (get_posts bluesky.py:39)
2026-08-19 10:36:47 [DEBUG]: Post created at: 2025-12-22 21:05:43 (get_posts bluesky.py:33)
2026-08-19 10:36:47 [INFO]: Post bafyreia4ptmpu6bn3etyypkc6dq3zupd4ryvt4ajc4gtsoig22py7c556m posted outside time limit. (get_posts bluesky.py:39)
2026-08-19 10:36:47 [WARNING]: No posts found from input. (get_posts fetch.py:18)
2026-08-19 13:01:18 [INFO]: Reading local database (read_db_file db.py:36)
2026-08-19 13:01:18 [INFO]: Reading cache of recent posts. (read_cache db.py:159)
2026-08-19 13:01:18 [DEBUG]: Cache: {} (read_cache db.py:179)
2026-08-19 13:01:18 [DEBUG]: Deleted: [] (read_cache db.py:180)
2026-08-19 13:01:18 [INFO]: Connecting to Bluesky: None. (bsky_connect connections.py:58)
2026-08-19 13:01:18 [INFO]: Reading session cache (session_cache_read connections.py:111)
2026-08-19 13:01:18 [INFO]: Connecting to Bluesky using saved session. (bsky_connect connections.py:66)
2026-08-19 13:01:18 [INFO]: Session changed: (on_session_change connections.py:104)
2026-08-19 13:01:18 [INFO]: Session changed: (on_session_change connections.py:104)
2026-08-19 13:01:18 [INFO]: Saving changed session (on_session_change connections.py:106)
2026-08-19 13:01:18 [INFO]: Saving session cache (session_cache_write connections.py:120)
2026-08-19 13:01:19 [INFO]: Successfully logged in to Bluesky using saved session. (bsky_connect connections.py:68)
2026-08-19 13:01:19 [INFO]: Saving session cache (session_cache_write connections.py:120)
2026-08-19 13:01:19 [INFO]: Gathering posts from Bluesky (get_posts bluesky.py:18)
2026-08-19 13:01:19 [DEBUG]: Post created at: 2026-08-11 18:33:44 (get_posts bluesky.py:33)
2026-08-19 13:01:19 [INFO]: Post bafyreif6z4mshhjzw7nskbqsktlhq7d5i6vyhy2jxtmu3t2zgw4m2fhavq posted outside time limit. (get_posts bluesky.py:39)
2026-08-19 13:01:19 [DEBUG]: Post created at: 2026-08-06 12:27:25 (get_posts bluesky.py:33)
2026-08-19 13:01:19 [INFO]: Post bafyreibx2vnv3hheqm2susm6rhiultlk6eaptkwbnjmhajzicwe22gfbjm posted outside time limit. (get_posts bluesky.py:39)
2026-08-19 13:01:19 [DEBUG]: Post created at: 2026-08-05 13:39:02 (get_posts bluesky.py:33)
2026-08-19 13:01:19 [INFO]: Post bafyreihtizm7ymakkbho3vywrcve77otdl2txadgxgoyrni5hseaisrszy posted outside time limit. (get_posts bluesky.py:39)
2026-08-19 13:01:19 [DEBUG]: Post created at: 2026-07-23 15:16:51 (get_posts bluesky.py:33)
2026-08-19 13:01:19 [INFO]: Post bafyreif6f2ek3doxuknizkn2jatdtqesoby5hz3wipn4vbnlm6aof6titm posted outside time limit. (get_posts bluesky.py:39)
2026-08-19 13:01:19 [DEBUG]: Post created at: 2026-07-22 15:15:36 (get_posts bluesky.py:33)
2026-08-19 13:01:19 [INFO]: Post bafyreigbxvo544aahrqrrukb3i2h6nnnjv73bddkd5gewt73b2fqovobui posted outside time limit. (get_posts bluesky.py:39)
2026-08-19 13:01:19 [DEBUG]: Post created at: 2026-07-20 12:33:32 (get_posts bluesky.py:33)
2026-08-19 13:01:19 [INFO]: Post bafyreibrtm3v3ucg73br5shdear4zmw4w5f33w5q2ulxbcrf4suakyhmpq posted outside time limit. (get_posts bluesky.py:39)
2026-08-19 13:01:19 [DEBUG]: Post created at: 2026-07-17 11:35:56 (get_posts bluesky.py:33)
2026-08-19 13:01:19 [INFO]: Post bafyreidtxvowahst6h6tvquj5g3uo26gjcgmkvggwg3e44pchoyq4unb4i posted outside time limit. (get_posts bluesky.py:39)
2026-08-19 13:01:19 [DEBUG]: Post created at: 2026-07-06 14:05:46 (get_posts bluesky.py:33)
2026-08-19 13:01:19 [INFO]: Post bafyreiblrulfzvgmmsltp3nywyhksmj4dr257fkhuhoquhhh4vkwr4zzsu posted outside time limit. (get_posts bluesky.py:39)
2026-08-19 13:01:19 [DEBUG]: Post created at: 2026-06-30 16:37:16 (get_posts bluesky.py:33)
2026-08-19 13:01:19 [INFO]: Post bafyreib46tjmeeqwcvj6wiw75b24fza7oug4heiy2ciuww366uibqrqsbe posted outside time limit. (get_posts bluesky.py:39)
2026-08-19 13:01:19 [DEBUG]: Post created at: 2026-06-24 11:17:45 (get_posts bluesky.py:33)
2026-08-19 13:01:19 [INFO]: Post bafyreidt2ygeayems7i7paeb24ig5l2v7lcmtfhrdi4uhrxfjm4thubecq posted outside time limit. (get_posts bluesky.py:39)
2026-08-19 13:01:19 [DEBUG]: Post created at: 2026-06-17 13:46:03 (get_posts bluesky.py:33)
2026-08-19 13:01:19 [INFO]: Post bafyreieekpu7ys5y3dujnzaoq62fikjxndci6yr6qzasdfictup376i3lq posted outside time limit. (get_posts bluesky.py:39)
2026-08-19 13:01:19 [DEBUG]: Post created at: 2026-06-02 18:05:16 (get_posts bluesky.py:33)
2026-08-19 13:01:19 [INFO]: Post bafyreibwhlbkkwktshb56dytljna7wlvy45dkdd7vqawv5xpvqd3btb5tu posted outside time limit. (get_posts bluesky.py:39)
2026-08-19 13:01:19 [DEBUG]: Post created at: 2026-05-28 12:42:25 (get_posts bluesky.py:33)
2026-08-19 13:01:19 [INFO]: Post bafyreigew3jv7boj7icxdil3sho3r5u6qnvgmiwkfvx5yszmyzbwuz7pwu posted outside time limit. (get_posts bluesky.py:39)
2026-08-19 13:01:19 [DEBUG]: Post created at: 2026-05-27 18:13:32 (get_posts bluesky.py:33)
2026-08-19 13:01:19 [INFO]: Post bafyreicomu6cn7rxnkk4gmfp235wbntlseyony4hstbw3m5ipnxjqzma54 posted outside time limit. (get_posts bluesky.py:39)
2026-08-19 13:01:19 [DEBUG]: Post created at: 2026-05-21 16:52:19 (get_posts bluesky.py:33)
2026-08-19 13:01:19 [INFO]: Post bafyreifgxpvh535rsbgturdrvuix3yrkwwzdxxfvmcif3tgn5ae46i25ca posted outside time limit. (get_posts bluesky.py:39)
2026-08-19 13:01:19 [DEBUG]: Post created at: 2026-05-18 11:38:35 (get_posts bluesky.py:33)
2026-08-19 13:01:19 [INFO]: Post bafyreif3vacnffmfmavpf7x2gwtddexvcrqmcetogbnzbca52sfygsnl3i posted outside time limit. (get_posts bluesky.py:39)
2026-08-19 13:01:19 [DEBUG]: Post created at: 2026-05-12 12:15:04 (get_posts bluesky.py:33)
2026-08-19 13:01:19 [INFO]: Post bafyreigir5vldhynmmhee7b5scolawrc2twgukmpbfvlrc66aqji4vlbbu posted outside time limit. (get_posts bluesky.py:39)
2026-08-19 13:01:19 [DEBUG]: Post created at: 2026-05-07 13:44:19 (get_posts bluesky.py:33)
2026-08-19 13:01:19 [INFO]: Post bafyreibmmqchdd5ocewgcdwj2zawtqsn5jlx7jumuqdij7nn6f77t3tpri posted outside time limit. (get_posts bluesky.py:39)
2026-08-19 13:01:19 [DEBUG]: Post created at: 2026-05-04 12:46:03 (get_posts bluesky.py:33)
2026-08-19 13:01:19 [INFO]: Post bafyreicpdt7qhotsxspx6lo4xl5rwzxeeanscduabrvruycpppoonyz6tm posted outside time limit. (get_posts bluesky.py:39)
2026-08-19 13:01:19 [DEBUG]: Post created at: 2026-04-30 14:02:43 (get_posts bluesky.py:33)
2026-08-19 13:01:19 [INFO]: Post bafyreie2qsbv7gjgphjshteqeuzf4pe2dkr4cu3aty2a27kjai4swzebtq posted outside time limit. (get_posts bluesky.py:39)
2026-08-19 13:01:19 [DEBUG]: Post created at: 2026-04-22 14:53:48 (get_posts bluesky.py:33)
2026-08-19 13:01:19 [INFO]: Post bafyreicdui5gpvu6eri4oggsvvgxqb4rb3oy3l2ymmnmffpwz6t3oz2yne posted outside time limit. (get_posts bluesky.py:39)
2026-08-19 13:01:19 [DEBUG]: Post created at: 2026-04-15 13:40:00 (get_posts bluesky.py:33)
2026-08-19 13:01:19 [INFO]: Post bafyreidshdytdhy7f6q3a5yuchedy53verbugnulbbwvllnxofvzpze4re posted outside time limit. (get_posts bluesky.py:39)
2026-08-19 13:01:19 [DEBUG]: Post created at: 2026-04-13 16:38:02 (get_posts bluesky.py:33)
2026-08-19 13:01:19 [INFO]: Post bafyreiauh7o5v67ac256ngxkoqkqnio2e2kmdzdzzqt6vxq32td7gatkmy posted outside time limit. (get_posts bluesky.py:39)
2026-08-19 13:01:19 [DEBUG]: Post created at: 2026-04-10 13:14:36 (get_posts bluesky.py:33)
2026-08-19 13:01:19 [INFO]: Post bafyreifrh7fshwfax4ntkkzh4kal7hstv46kgxa4qlogxu7z7gjxr3ppgu posted outside time limit. (get_posts bluesky.py:39)
2026-08-19 13:01:19 [DEBUG]: Post created at: 2026-04-01 14:22:07 (get_posts bluesky.py:33)
2026-08-19 13:01:19 [INFO]: Post bafyreih2ht6th7xmwvmptcmfdfr5cbdgeavpps6jqyt6xysm37j34w6rge posted outside time limit. (get_posts bluesky.py:39)
2026-08-19 13:01:19 [DEBUG]: Post created at: 2026-03-26 14:42:37 (get_posts bluesky.py:33)
2026-08-19 13:01:19 [INFO]: Post bafyreicfxh453sypukedfr6mfj76tr6uz3osxwb3jfv5ywwecuvhbf267u posted outside time limit. (get_posts bluesky.py:39)
2026-08-19 13:01:19 [DEBUG]: Post created at: 2026-03-26 13:54:10 (get_posts bluesky.py:33)
2026-08-19 13:01:19 [INFO]: Post bafyreifuq22kydpi7ctnxtvy6zww2yzomvsrhq6x2dleqjas62m3p5zo3m posted outside time limit. (get_posts bluesky.py:39)
2026-08-19 13:01:19 [DEBUG]: Post created at: 2026-03-24 22:10:18 (get_posts bluesky.py:33)
2026-08-19 13:01:19 [INFO]: Post bafyreigv5zvvt4yc5xsxkjjliryumxazef75ib5hsmnhtibcncwxoxvnfm posted outside time limit. (get_posts bluesky.py:39)
2026-08-19 13:01:19 [DEBUG]: Post created at: 2026-03-19 14:44:04 (get_posts bluesky.py:33)
2026-08-19 13:01:19 [INFO]: Post bafyreif2f6qv2mgg6cd7amog5rhlfce6br7a6jwoygh7j5szpujkxbw7lq posted outside time limit. (get_posts bluesky.py:39)
2026-08-19 13:01:19 [DEBUG]: Post created at: 2026-03-11 15:06:56 (get_posts bluesky.py:33)
2026-08-19 13:01:19 [INFO]: Post bafyreicdvogziwifeeulpxdanjzw2hhz2x563zmhsulsol6cc2g4awgdzm posted outside time limit. (get_posts bluesky.py:39)
2026-08-19 13:01:19 [DEBUG]: Post created at: 2026-03-10 13:42:44 (get_posts bluesky.py:33)
2026-08-19 13:01:19 [INFO]: Post bafyreievqd6tqe2jmv27cfpq5qfipsop37wgy5tmnrxcgj5pg6c73ziqhe posted outside time limit. (get_posts bluesky.py:39)
2026-08-19 13:01:19 [DEBUG]: Post created at: 2026-02-27 13:14:55 (get_posts bluesky.py:33)
2026-08-19 13:01:19 [INFO]: Post bafyreihnhuuasms57pqkf7igt3c76hf6yngh75wdqpi2zsjqkyv33mn45e posted outside time limit. (get_posts bluesky.py:39)
2026-08-19 13:01:19 [DEBUG]: Post created at: 2026-02-24 16:23:10 (get_posts bluesky.py:33)
2026-08-19 13:01:19 [INFO]: Post bafyreide2tzdyz3qhqvp6dvacl4lo2xhv6sr6gx3jq6ogve525scwql7mi posted outside time limit. (get_posts bluesky.py:39)
2026-08-19 13:01:19 [DEBUG]: Post created at: 2026-02-18 15:42:15 (get_posts bluesky.py:33)
2026-08-19 13:01:19 [INFO]: Post bafyreierb4dlpinmyb7vig7fxqcvt3jgwebafz4bjndrkfzydb5hago4py posted outside time limit. (get_posts bluesky.py:39)
2026-08-19 13:01:19 [DEBUG]: Post created at: 2026-02-13 13:50:14 (get_posts bluesky.py:33)
2026-08-19 13:01:19 [INFO]: Post bafyreiaig2my7kiizjlekleu7edp5chbzu4tonydswkd7j4xawrrklnpea posted outside time limit. (get_posts bluesky.py:39)
2026-08-19 13:01:19 [DEBUG]: Post created at: 2026-02-11 15:17:23 (get_posts bluesky.py:33)
2026-08-19 13:01:19 [INFO]: Post bafyreiaggywu7xfcr3hdbey7tqklccqal2ixepuh6oxtqkyabjhrfpey5y posted outside time limit. (get_posts bluesky.py:39)
2026-08-19 13:01:19 [DEBUG]: Post created at: 2026-02-09 20:47:56 (get_posts bluesky.py:33)
2026-08-19 13:01:19 [INFO]: Post bafyreiegxryprnsav7l5m2duvjrdpuxmd62pglm6dfhladwumo6hb7n73m posted outside time limit. (get_posts bluesky.py:39)
2026-08-19 13:01:19 [DEBUG]: Post created at: 2026-02-04 21:31:32 (get_posts bluesky.py:33)
2026-08-19 13:01:19 [INFO]: Post bafyreiauk2lyeyl7tomeltjaadmgz4auvla2j6itigb2wsu6n52sqbwndu posted outside time limit. (get_posts bluesky.py:39)
2026-08-19 13:01:19 [DEBUG]: Post created at: 2026-02-03 15:53:41 (get_posts bluesky.py:33)
2026-08-19 13:01:19 [INFO]: Post bafyreidbfzjy6zmupb6yp2zrp77ulb7ejvdfu2lawhjkdhg7ekkfoyfzke posted outside time limit. (get_posts bluesky.py:39)
2026-08-19 13:01:19 [DEBUG]: Post created at: 2026-02-02 14:12:40 (get_posts bluesky.py:33)
2026-08-19 13:01:19 [INFO]: Post bafyreibs77nvnmgxegsi2a3q34gvw6gvtffjrta3mgvjmmxq6dagrlaprq posted outside time limit. (get_posts bluesky.py:39)
2026-08-19 13:01:19 [DEBUG]: Post created at: 2026-01-31 17:16:33 (get_posts bluesky.py:33)
2026-08-19 13:01:19 [INFO]: Post bafyreidu7qm22ionzyatpqfiuqfyiio3royiaf4beodokuiwns6f6cl53i posted outside time limit. (get_posts bluesky.py:39)
2026-08-19 13:01:19 [DEBUG]: Post created at: 2026-01-28 13:09:15 (get_posts bluesky.py:33)
2026-08-19 13:01:19 [INFO]: Post bafyreiagqnn3nlo5ftumr3kbsm6zji76ga24ki2373uhb3xxl4o6orajka posted outside time limit. (get_posts bluesky.py:39)
2026-08-19 13:01:19 [DEBUG]: Post created at: 2026-01-27 12:33:02 (get_posts bluesky.py:33)
2026-08-19 13:01:19 [INFO]: Post bafyreifuscbokcel27xngzhkrzopzkb632pmpljpmmbbure5jn5hevtsgq posted outside time limit. (get_posts bluesky.py:39)
2026-08-19 13:01:19 [DEBUG]: Post created at: 2026-01-22 14:21:10 (get_posts bluesky.py:33)
2026-08-19 13:01:19 [INFO]: Post bafyreiagapzgbtv5j2rsn573qr7o7kz73t74l7ypk2eyfahtf6sc5fdjsi posted outside time limit. (get_posts bluesky.py:39)
2026-08-19 13:01:19 [DEBUG]: Post created at: 2026-01-21 13:15:06 (get_posts bluesky.py:33)
2026-08-19 13:01:19 [INFO]: Post bafyreie6wukbdijlqzvjkk4ifh26mdphsaajw26hlqdkohpqcwhuvinmyq posted outside time limit. (get_posts bluesky.py:39)
2026-08-19 13:01:19 [DEBUG]: Post created at: 2026-01-16 16:05:12 (get_posts bluesky.py:33)
2026-08-19 13:01:19 [INFO]: Post bafyreicxzwxqthabj7pnlubsgptgkrsy3x7oxqkp3xahy6tv4gg5yqf2ju posted outside time limit. (get_posts bluesky.py:39)
2026-08-19 13:01:19 [DEBUG]: Post created at: 2026-01-12 13:15:19 (get_posts bluesky.py:33)
2026-08-19 13:01:19 [INFO]: Post bafyreibdn3xxyolwdpeqkewnnprrra2cgk5kbcxcbxywh4lkz3ulcilrqi posted outside time limit. (get_posts bluesky.py:39)
2026-08-19 13:01:19 [DEBUG]: Post created at: 2026-01-08 13:18:56 (get_posts bluesky.py:33)
2026-08-19 13:01:19 [INFO]: Post bafyreietgnh4gc7s4leq7bvqmrgmvznpshszycyy34rd4rnwavw5oghegy posted outside time limit. (get_posts bluesky.py:39)
2026-08-19 13:01:19 [DEBUG]: Post created at: 2025-12-29 13:08:03 (get_posts bluesky.py:33)
2026-08-19 13:01:19 [INFO]: Post bafyreid4dehmzir4jnany3gopw2xqocuxvcrs5fgjysjvzdyqst6gdaqdm posted outside time limit. (get_posts bluesky.py:39)
2026-08-19 13:01:19 [DEBUG]: Post created at: 2025-12-22 21:05:43 (get_posts bluesky.py:33)
2026-08-19 13:01:19 [INFO]: Post bafyreia4ptmpu6bn3etyypkc6dq3zupd4ryvt4ajc4gtsoig22py7c556m posted outside time limit. (get_posts bluesky.py:39)
2026-08-19 13:01:19 [WARNING]: No posts found from input. (get_posts fetch.py:18)
2026-08-19 14:41:49 [INFO]: Reading local database (read_db_file db.py:36)
2026-08-19 14:41:49 [INFO]: Reading cache of recent posts. (read_cache db.py:159)
2026-08-19 14:41:49 [DEBUG]: Cache: {} (read_cache db.py:179)
2026-08-19 14:41:49 [DEBUG]: Deleted: [] (read_cache db.py:180)
2026-08-19 14:41:49 [INFO]: Connecting to Bluesky: None. (bsky_connect connections.py:58)
2026-08-19 14:41:49 [INFO]: Reading session cache (session_cache_read connections.py:111)
2026-08-19 14:41:49 [INFO]: Connecting to Bluesky using saved session. (bsky_connect connections.py:66)
2026-08-19 14:41:49 [INFO]: Session changed: (on_session_change connections.py:104)
2026-08-19 14:41:50 [INFO]: Successfully logged in to Bluesky using saved session. (bsky_connect connections.py:68)
2026-08-19 14:41:50 [INFO]: Saving session cache (session_cache_write connections.py:120)
2026-08-19 14:41:50 [INFO]: Gathering posts from Bluesky (get_posts bluesky.py:18)
2026-08-19 14:41:50 [DEBUG]: Post created at: 2026-08-11 18:33:44 (get_posts bluesky.py:33)
2026-08-19 14:41:50 [INFO]: Post bafyreif6z4mshhjzw7nskbqsktlhq7d5i6vyhy2jxtmu3t2zgw4m2fhavq posted outside time limit. (get_posts bluesky.py:39)
2026-08-19 14:41:50 [DEBUG]: Post created at: 2026-08-06 12:27:25 (get_posts bluesky.py:33)
2026-08-19 14:41:50 [INFO]: Post bafyreibx2vnv3hheqm2susm6rhiultlk6eaptkwbnjmhajzicwe22gfbjm posted outside time limit. (get_posts bluesky.py:39)
2026-08-19 14:41:50 [DEBUG]: Post created at: 2026-08-05 13:39:02 (get_posts bluesky.py:33)
2026-08-19 14:41:50 [INFO]: Post bafyreihtizm7ymakkbho3vywrcve77otdl2txadgxgoyrni5hseaisrszy posted outside time limit. (get_posts bluesky.py:39)
2026-08-19 14:41:50 [DEBUG]: Post created at: 2026-07-23 15:16:51 (get_posts bluesky.py:33)
2026-08-19 14:41:50 [INFO]: Post bafyreif6f2ek3doxuknizkn2jatdtqesoby5hz3wipn4vbnlm6aof6titm posted outside time limit. (get_posts bluesky.py:39)
2026-08-19 14:41:50 [DEBUG]: Post created at: 2026-07-22 15:15:36 (get_posts bluesky.py:33)
2026-08-19 14:41:50 [INFO]: Post bafyreigbxvo544aahrqrrukb3i2h6nnnjv73bddkd5gewt73b2fqovobui posted outside time limit. (get_posts bluesky.py:39)
2026-08-19 14:41:50 [DEBUG]: Post created at: 2026-07-20 12:33:32 (get_posts bluesky.py:33)
2026-08-19 14:41:50 [INFO]: Post bafyreibrtm3v3ucg73br5shdear4zmw4w5f33w5q2ulxbcrf4suakyhmpq posted outside time limit. (get_posts bluesky.py:39)
2026-08-19 14:41:50 [DEBUG]: Post created at: 2026-07-17 11:35:56 (get_posts bluesky.py:33)
2026-08-19 14:41:50 [INFO]: Post bafyreidtxvowahst6h6tvquj5g3uo26gjcgmkvggwg3e44pchoyq4unb4i posted outside time limit. (get_posts bluesky.py:39)
2026-08-19 14:41:50 [DEBUG]: Post created at: 2026-07-06 14:05:46 (get_posts bluesky.py:33)
2026-08-19 14:41:50 [INFO]: Post bafyreiblrulfzvgmmsltp3nywyhksmj4dr257fkhuhoquhhh4vkwr4zzsu posted outside time limit. (get_posts bluesky.py:39)
2026-08-19 14:41:50 [DEBUG]: Post created at: 2026-06-30 16:37:16 (get_posts bluesky.py:33)
2026-08-19 14:41:50 [INFO]: Post bafyreib46tjmeeqwcvj6wiw75b24fza7oug4heiy2ciuww366uibqrqsbe posted outside time limit. (get_posts bluesky.py:39)
2026-08-19 14:41:50 [DEBUG]: Post created at: 2026-06-24 11:17:45 (get_posts bluesky.py:33)
2026-08-19 14:41:50 [INFO]: Post bafyreidt2ygeayems7i7paeb24ig5l2v7lcmtfhrdi4uhrxfjm4thubecq posted outside time limit. (get_posts bluesky.py:39)
2026-08-19 14:41:50 [DEBUG]: Post created at: 2026-06-17 13:46:03 (get_posts bluesky.py:33)
2026-08-19 14:41:50 [INFO]: Post bafyreieekpu7ys5y3dujnzaoq62fikjxndci6yr6qzasdfictup376i3lq posted outside time limit. (get_posts bluesky.py:39)
2026-08-19 14:41:50 [DEBUG]: Post created at: 2026-06-02 18:05:16 (get_posts bluesky.py:33)
2026-08-19 14:41:50 [INFO]: Post bafyreibwhlbkkwktshb56dytljna7wlvy45dkdd7vqawv5xpvqd3btb5tu posted outside time limit. (get_posts bluesky.py:39)
2026-08-19 14:41:50 [DEBUG]: Post created at: 2026-05-28 12:42:25 (get_posts bluesky.py:33)
2026-08-19 14:41:50 [INFO]: Post bafyreigew3jv7boj7icxdil3sho3r5u6qnvgmiwkfvx5yszmyzbwuz7pwu posted outside time limit. (get_posts bluesky.py:39)
2026-08-19 14:41:50 [DEBUG]: Post created at: 2026-05-27 18:13:32 (get_posts bluesky.py:33)
2026-08-19 14:41:50 [INFO]: Post bafyreicomu6cn7rxnkk4gmfp235wbntlseyony4hstbw3m5ipnxjqzma54 posted outside time limit. (get_posts bluesky.py:39)
2026-08-19 14:41:50 [DEBUG]: Post created at: 2026-05-21 16:52:19 (get_posts bluesky.py:33)
2026-08-19 14:41:50 [INFO]: Post bafyreifgxpvh535rsbgturdrvuix3yrkwwzdxxfvmcif3tgn5ae46i25ca posted outside time limit. (get_posts bluesky.py:39)
2026-08-19 14:41:50 [DEBUG]: Post created at: 2026-05-18 11:38:35 (get_posts bluesky.py:33)
2026-08-19 14:41:50 [INFO]: Post bafyreif3vacnffmfmavpf7x2gwtddexvcrqmcetogbnzbca52sfygsnl3i posted outside time limit. (get_posts bluesky.py:39)
2026-08-19 14:41:50 [DEBUG]: Post created at: 2026-05-12 12:15:04 (get_posts bluesky.py:33)
2026-08-19 14:41:50 [INFO]: Post bafyreigir5vldhynmmhee7b5scolawrc2twgukmpbfvlrc66aqji4vlbbu posted outside time limit. (get_posts bluesky.py:39)
2026-08-19 14:41:50 [DEBUG]: Post created at: 2026-05-07 13:44:19 (get_posts bluesky.py:33)
2026-08-19 14:41:50 [INFO]: Post bafyreibmmqchdd5ocewgcdwj2zawtqsn5jlx7jumuqdij7nn6f77t3tpri posted outside time limit. (get_posts bluesky.py:39)
2026-08-19 14:41:50 [DEBUG]: Post created at: 2026-05-04 12:46:03 (get_posts bluesky.py:33)
2026-08-19 14:41:50 [INFO]: Post bafyreicpdt7qhotsxspx6lo4xl5rwzxeeanscduabrvruycpppoonyz6tm posted outside time limit. (get_posts bluesky.py:39)
2026-08-19 14:41:50 [DEBUG]: Post created at: 2026-04-30 14:02:43 (get_posts bluesky.py:33)
2026-08-19 14:41:50 [INFO]: Post bafyreie2qsbv7gjgphjshteqeuzf4pe2dkr4cu3aty2a27kjai4swzebtq posted outside time limit. (get_posts bluesky.py:39)
2026-08-19 14:41:50 [DEBUG]: Post created at: 2026-04-22 14:53:48 (get_posts bluesky.py:33)
2026-08-19 14:41:50 [INFO]: Post bafyreicdui5gpvu6eri4oggsvvgxqb4rb3oy3l2ymmnmffpwz6t3oz2yne posted outside time limit. (get_posts bluesky.py:39)
2026-08-19 14:41:50 [DEBUG]: Post created at: 2026-04-15 13:40:00 (get_posts bluesky.py:33)
2026-08-19 14:41:50 [INFO]: Post bafyreidshdytdhy7f6q3a5yuchedy53verbugnulbbwvllnxofvzpze4re posted outside time limit. (get_posts bluesky.py:39)
2026-08-19 14:41:50 [DEBUG]: Post created at: 2026-04-13 16:38:02 (get_posts bluesky.py:33)
2026-08-19 14:41:50 [INFO]: Post bafyreiauh7o5v67ac256ngxkoqkqnio2e2kmdzdzzqt6vxq32td7gatkmy posted outside time limit. (get_posts bluesky.py:39)
2026-08-19 14:41:50 [DEBUG]: Post created at: 2026-04-10 13:14:36 (get_posts bluesky.py:33)
2026-08-19 14:41:50 [INFO]: Post bafyreifrh7fshwfax4ntkkzh4kal7hstv46kgxa4qlogxu7z7gjxr3ppgu posted outside time limit. (get_posts bluesky.py:39)
2026-08-19 14:41:50 [DEBUG]: Post created at: 2026-04-01 14:22:07 (get_posts bluesky.py:33)
2026-08-19 14:41:50 [INFO]: Post bafyreih2ht6th7xmwvmptcmfdfr5cbdgeavpps6jqyt6xysm37j34w6rge posted outside time limit. (get_posts bluesky.py:39)
2026-08-19 14:41:50 [DEBUG]: Post created at: 2026-03-26 14:42:37 (get_posts bluesky.py:33)
2026-08-19 14:41:50 [INFO]: Post bafyreicfxh453sypukedfr6mfj76tr6uz3osxwb3jfv5ywwecuvhbf267u posted outside time limit. (get_posts bluesky.py:39)
2026-08-19 14:41:50 [DEBUG]: Post created at: 2026-03-26 13:54:10 (get_posts bluesky.py:33)
2026-08-19 14:41:50 [INFO]: Post bafyreifuq22kydpi7ctnxtvy6zww2yzomvsrhq6x2dleqjas62m3p5zo3m posted outside time limit. (get_posts bluesky.py:39)
2026-08-19 14:41:50 [DEBUG]: Post created at: 2026-03-24 22:10:18 (get_posts bluesky.py:33)
2026-08-19 14:41:50 [INFO]: Post bafyreigv5zvvt4yc5xsxkjjliryumxazef75ib5hsmnhtibcncwxoxvnfm posted outside time limit. (get_posts bluesky.py:39)
2026-08-19 14:41:50 [DEBUG]: Post created at: 2026-03-19 14:44:04 (get_posts bluesky.py:33)
2026-08-19 14:41:50 [INFO]: Post bafyreif2f6qv2mgg6cd7amog5rhlfce6br7a6jwoygh7j5szpujkxbw7lq posted outside time limit. (get_posts bluesky.py:39)
2026-08-19 14:41:50 [DEBUG]: Post created at: 2026-03-11 15:06:56 (get_posts bluesky.py:33)
2026-08-19 14:41:50 [INFO]: Post bafyreicdvogziwifeeulpxdanjzw2hhz2x563zmhsulsol6cc2g4awgdzm posted outside time limit. (get_posts bluesky.py:39)
2026-08-19 14:41:50 [DEBUG]: Post created at: 2026-03-10 13:42:44 (get_posts bluesky.py:33)
2026-08-19 14:41:50 [INFO]: Post bafyreievqd6tqe2jmv27cfpq5qfipsop37wgy5tmnrxcgj5pg6c73ziqhe posted outside time limit. (get_posts bluesky.py:39)
2026-08-19 14:41:50 [DEBUG]: Post created at: 2026-02-27 13:14:55 (get_posts bluesky.py:33)
2026-08-19 14:41:50 [INFO]: Post bafyreihnhuuasms57pqkf7igt3c76hf6yngh75wdqpi2zsjqkyv33mn45e posted outside time limit. (get_posts bluesky.py:39)
2026-08-19 14:41:50 [DEBUG]: Post created at: 2026-02-24 16:23:10 (get_posts bluesky.py:33)
2026-08-19 14:41:50 [INFO]: Post bafyreide2tzdyz3qhqvp6dvacl4lo2xhv6sr6gx3jq6ogve525scwql7mi posted outside time limit. (get_posts bluesky.py:39)
2026-08-19 14:41:50 [DEBUG]: Post created at: 2026-02-18 15:42:15 (get_posts bluesky.py:33)
2026-08-19 14:41:50 [INFO]: Post bafyreierb4dlpinmyb7vig7fxqcvt3jgwebafz4bjndrkfzydb5hago4py posted outside time limit. (get_posts bluesky.py:39)
2026-08-19 14:41:50 [DEBUG]: Post created at: 2026-02-13 13:50:14 (get_posts bluesky.py:33)
2026-08-19 14:41:50 [INFO]: Post bafyreiaig2my7kiizjlekleu7edp5chbzu4tonydswkd7j4xawrrklnpea posted outside time limit. (get_posts bluesky.py:39)
2026-08-19 14:41:50 [DEBUG]: Post created at: 2026-02-11 15:17:23 (get_posts bluesky.py:33)
2026-08-19 14:41:50 [INFO]: Post bafyreiaggywu7xfcr3hdbey7tqklccqal2ixepuh6oxtqkyabjhrfpey5y posted outside time limit. (get_posts bluesky.py:39)
2026-08-19 14:41:50 [DEBUG]: Post created at: 2026-02-09 20:47:56 (get_posts bluesky.py:33)
2026-08-19 14:41:50 [INFO]: Post bafyreiegxryprnsav7l5m2duvjrdpuxmd62pglm6dfhladwumo6hb7n73m posted outside time limit. (get_posts bluesky.py:39)
2026-08-19 14:41:50 [DEBUG]: Post created at: 2026-02-04 21:31:32 (get_posts bluesky.py:33)
2026-08-19 14:41:50 [INFO]: Post bafyreiauk2lyeyl7tomeltjaadmgz4auvla2j6itigb2wsu6n52sqbwndu posted outside time limit. (get_posts bluesky.py:39)
2026-08-19 14:41:50 [DEBUG]: Post created at: 2026-02-03 15:53:41 (get_posts bluesky.py:33)
2026-08-19 14:41:50 [INFO]: Post bafyreidbfzjy6zmupb6yp2zrp77ulb7ejvdfu2lawhjkdhg7ekkfoyfzke posted outside time limit. (get_posts bluesky.py:39)
2026-08-19 14:41:50 [DEBUG]: Post created at: 2026-02-02 14:12:40 (get_posts bluesky.py:33)
2026-08-19 14:41:50 [INFO]: Post bafyreibs77nvnmgxegsi2a3q34gvw6gvtffjrta3mgvjmmxq6dagrlaprq posted outside time limit. (get_posts bluesky.py:39)
2026-08-19 14:41:50 [DEBUG]: Post created at: 2026-01-31 17:16:33 (get_posts bluesky.py:33)
2026-08-19 14:41:50 [INFO]: Post bafyreidu7qm22ionzyatpqfiuqfyiio3royiaf4beodokuiwns6f6cl53i posted outside time limit. (get_posts bluesky.py:39)
2026-08-19 14:41:50 [DEBUG]: Post created at: 2026-01-28 13:09:15 (get_posts bluesky.py:33)
2026-08-19 14:41:50 [INFO]: Post bafyreiagqnn3nlo5ftumr3kbsm6zji76ga24ki2373uhb3xxl4o6orajka posted outside time limit. (get_posts bluesky.py:39)
2026-08-19 14:41:50 [DEBUG]: Post created at: 2026-01-27 12:33:02 (get_posts bluesky.py:33)
2026-08-19 14:41:50 [INFO]: Post bafyreifuscbokcel27xngzhkrzopzkb632pmpljpmmbbure5jn5hevtsgq posted outside time limit. (get_posts bluesky.py:39)
2026-08-19 14:41:50 [DEBUG]: Post created at: 2026-01-22 14:21:10 (get_posts bluesky.py:33)
2026-08-19 14:41:50 [INFO]: Post bafyreiagapzgbtv5j2rsn573qr7o7kz73t74l7ypk2eyfahtf6sc5fdjsi posted outside time limit. (get_posts bluesky.py:39)
2026-08-19 14:41:50 [DEBUG]: Post created at: 2026-01-21 13:15:06 (get_posts bluesky.py:33)
2026-08-19 14:41:50 [INFO]: Post bafyreie6wukbdijlqzvjkk4ifh26mdphsaajw26hlqdkohpqcwhuvinmyq posted outside time limit. (get_posts bluesky.py:39)
2026-08-19 14:41:50 [DEBUG]: Post created at: 2026-01-16 16:05:12 (get_posts bluesky.py:33)
2026-08-19 14:41:50 [INFO]: Post bafyreicxzwxqthabj7pnlubsgptgkrsy3x7oxqkp3xahy6tv4gg5yqf2ju posted outside time limit. (get_posts bluesky.py:39)
2026-08-19 14:41:50 [DEBUG]: Post created at: 2026-01-12 13:15:19 (get_posts bluesky.py:33)
2026-08-19 14:41:50 [INFO]: Post bafyreibdn3xxyolwdpeqkewnnprrra2cgk5kbcxcbxywh4lkz3ulcilrqi posted outside time limit. (get_posts bluesky.py:39)
2026-08-19 14:41:50 [DEBUG]: Post created at: 2026-01-08 13:18:56 (get_posts bluesky.py:33)
2026-08-19 14:41:50 [INFO]: Post bafyreietgnh4gc7s4leq7bvqmrgmvznpshszycyy34rd4rnwavw5oghegy posted outside time limit. (get_posts bluesky.py:39)
2026-08-19 14:41:50 [DEBUG]: Post created at: 2025-12-29 13:08:03 (get_posts bluesky.py:33)
2026-08-19 14:41:50 [INFO]: Post bafyreid4dehmzir4jnany3gopw2xqocuxvcrs5fgjysjvzdyqst6gdaqdm posted outside time limit. (get_posts bluesky.py:39)
2026-08-19 14:41:50 [DEBUG]: Post created at: 2025-12-22 21:05:43 (get_posts bluesky.py:33)
2026-08-19 14:41:50 [INFO]: Post bafyreia4ptmpu6bn3etyypkc6dq3zupd4ryvt4ajc4gtsoig22py7c556m posted outside time limit. (get_posts bluesky.py:39)
2026-08-19 14:41:50 [WARNING]: No posts found from input. (get_posts fetch.py:18)
2026-08-19 16:39:28 [INFO]: Reading local database (read_db_file db.py:36)
2026-08-19 16:39:28 [INFO]: Reading cache of recent posts. (read_cache db.py:159)
2026-08-19 16:39:28 [DEBUG]: Cache: {} (read_cache db.py:179)
2026-08-19 16:39:28 [DEBUG]: Deleted: [] (read_cache db.py:180)
2026-08-19 16:39:28 [INFO]: Connecting to Bluesky: None. (bsky_connect connections.py:58)
2026-08-19 16:39:28 [INFO]: Reading session cache (session_cache_read connections.py:111)
2026-08-19 16:39:28 [INFO]: Connecting to Bluesky using saved session. (bsky_connect connections.py:66)
2026-08-19 16:39:28 [INFO]: Session changed: (on_session_change connections.py:104)
2026-08-19 16:39:28 [INFO]: Session changed: (on_session_change connections.py:104)
2026-08-19 16:39:28 [INFO]: Saving changed session (on_session_change connections.py:106)
2026-08-19 16:39:28 [INFO]: Saving session cache (session_cache_write connections.py:120)
2026-08-19 16:39:28 [INFO]: Successfully logged in to Bluesky using saved session. (bsky_connect connections.py:68)
2026-08-19 16:39:28 [INFO]: Saving session cache (session_cache_write connections.py:120)
2026-08-19 16:39:28 [INFO]: Gathering posts from Bluesky (get_posts bluesky.py:18)
2026-08-19 16:39:29 [DEBUG]: Post created at: 2026-08-11 18:33:44 (get_posts bluesky.py:33)
2026-08-19 16:39:29 [INFO]: Post bafyreif6z4mshhjzw7nskbqsktlhq7d5i6vyhy2jxtmu3t2zgw4m2fhavq posted outside time limit. (get_posts bluesky.py:39)
2026-08-19 16:39:29 [DEBUG]: Post created at: 2026-08-06 12:27:25 (get_posts bluesky.py:33)
2026-08-19 16:39:29 [INFO]: Post bafyreibx2vnv3hheqm2susm6rhiultlk6eaptkwbnjmhajzicwe22gfbjm posted outside time limit. (get_posts bluesky.py:39)
2026-08-19 16:39:29 [DEBUG]: Post created at: 2026-08-05 13:39:02 (get_posts bluesky.py:33)
2026-08-19 16:39:29 [INFO]: Post bafyreihtizm7ymakkbho3vywrcve77otdl2txadgxgoyrni5hseaisrszy posted outside time limit. (get_posts bluesky.py:39)
2026-08-19 16:39:29 [DEBUG]: Post created at: 2026-07-23 15:16:51 (get_posts bluesky.py:33)
2026-08-19 16:39:29 [INFO]: Post bafyreif6f2ek3doxuknizkn2jatdtqesoby5hz3wipn4vbnlm6aof6titm posted outside time limit. (get_posts bluesky.py:39)
2026-08-19 16:39:29 [DEBUG]: Post created at: 2026-07-22 15:15:36 (get_posts bluesky.py:33)
2026-08-19 16:39:29 [INFO]: Post bafyreigbxvo544aahrqrrukb3i2h6nnnjv73bddkd5gewt73b2fqovobui posted outside time limit. (get_posts bluesky.py:39)
2026-08-19 16:39:29 [DEBUG]: Post created at: 2026-07-20 12:33:32 (get_posts bluesky.py:33)
2026-08-19 16:39:29 [INFO]: Post bafyreibrtm3v3ucg73br5shdear4zmw4w5f33w5q2ulxbcrf4suakyhmpq posted outside time limit. (get_posts bluesky.py:39)
2026-08-19 16:39:29 [DEBUG]: Post created at: 2026-07-17 11:35:56 (get_posts bluesky.py:33)
2026-08-19 16:39:29 [INFO]: Post bafyreidtxvowahst6h6tvquj5g3uo26gjcgmkvggwg3e44pchoyq4unb4i posted outside time limit. (get_posts bluesky.py:39)
2026-08-19 16:39:29 [DEBUG]: Post created at: 2026-07-06 14:05:46 (get_posts bluesky.py:33)
2026-08-19 16:39:29 [INFO]: Post bafyreiblrulfzvgmmsltp3nywyhksmj4dr257fkhuhoquhhh4vkwr4zzsu posted outside time limit. (get_posts bluesky.py:39)
2026-08-19 16:39:29 [DEBUG]: Post created at: 2026-06-30 16:37:16 (get_posts bluesky.py:33)
2026-08-19 16:39:29 [INFO]: Post bafyreib46tjmeeqwcvj6wiw75b24fza7oug4heiy2ciuww366uibqrqsbe posted outside time limit. (get_posts bluesky.py:39)
2026-08-19 16:39:29 [DEBUG]: Post created at: 2026-06-24 11:17:45 (get_posts bluesky.py:33)
2026-08-19 16:39:29 [INFO]: Post bafyreidt2ygeayems7i7paeb24ig5l2v7lcmtfhrdi4uhrxfjm4thubecq posted outside time limit. (get_posts bluesky.py:39)
2026-08-19 16:39:29 [DEBUG]: Post created at: 2026-06-17 13:46:03 (get_posts bluesky.py:33)
2026-08-19 16:39:29 [INFO]: Post bafyreieekpu7ys5y3dujnzaoq62fikjxndci6yr6qzasdfictup376i3lq posted outside time limit. (get_posts bluesky.py:39)
2026-08-19 16:39:29 [DEBUG]: Post created at: 2026-06-02 18:05:16 (get_posts bluesky.py:33)
2026-08-19 16:39:29 [INFO]: Post bafyreibwhlbkkwktshb56dytljna7wlvy45dkdd7vqawv5xpvqd3btb5tu posted outside time limit. (get_posts bluesky.py:39)
2026-08-19 16:39:29 [DEBUG]: Post created at: 2026-05-28 12:42:25 (get_posts bluesky.py:33)
2026-08-19 16:39:29 [INFO]: Post bafyreigew3jv7boj7icxdil3sho3r5u6qnvgmiwkfvx5yszmyzbwuz7pwu posted outside time limit. (get_posts bluesky.py:39)
2026-08-19 16:39:29 [DEBUG]: Post created at: 2026-05-27 18:13:32 (get_posts bluesky.py:33)
2026-08-19 16:39:29 [INFO]: Post bafyreicomu6cn7rxnkk4gmfp235wbntlseyony4hstbw3m5ipnxjqzma54 posted outside time limit. (get_posts bluesky.py:39)
2026-08-19 16:39:29 [DEBUG]: Post created at: 2026-05-21 16:52:19 (get_posts bluesky.py:33)
2026-08-19 16:39:29 [INFO]: Post bafyreifgxpvh535rsbgturdrvuix3yrkwwzdxxfvmcif3tgn5ae46i25ca posted outside time limit. (get_posts bluesky.py:39)
2026-08-19 16:39:29 [DEBUG]: Post created at: 2026-05-18 11:38:35 (get_posts bluesky.py:33)
2026-08-19 16:39:29 [INFO]: Post bafyreif3vacnffmfmavpf7x2gwtddexvcrqmcetogbnzbca52sfygsnl3i posted outside time limit. (get_posts bluesky.py:39)
2026-08-19 16:39:29 [DEBUG]: Post created at: 2026-05-12 12:15:04 (get_posts bluesky.py:33)
2026-08-19 16:39:29 [INFO]: Post bafyreigir5vldhynmmhee7b5scolawrc2twgukmpbfvlrc66aqji4vlbbu posted outside time limit. (get_posts bluesky.py:39)
2026-08-19 16:39:29 [DEBUG]: Post created at: 2026-05-07 13:44:19 (get_posts bluesky.py:33)
2026-08-19 16:39:29 [INFO]: Post bafyreibmmqchdd5ocewgcdwj2zawtqsn5jlx7jumuqdij7nn6f77t3tpri posted outside time limit. (get_posts bluesky.py:39)
2026-08-19 16:39:29 [DEBUG]: Post created at: 2026-05-04 12:46:03 (get_posts bluesky.py:33)
2026-08-19 16:39:29 [INFO]: Post bafyreicpdt7qhotsxspx6lo4xl5rwzxeeanscduabrvruycpppoonyz6tm posted outside time limit. (get_posts bluesky.py:39)
2026-08-19 16:39:29 [DEBUG]: Post created at: 2026-04-30 14:02:43 (get_posts bluesky.py:33)
2026-08-19 16:39:29 [INFO]: Post bafyreie2qsbv7gjgphjshteqeuzf4pe2dkr4cu3aty2a27kjai4swzebtq posted outside time limit. (get_posts bluesky.py:39)
2026-08-19 16:39:29 [DEBUG]: Post created at: 2026-04-22 14:53:48 (get_posts bluesky.py:33)
2026-08-19 16:39:29 [INFO]: Post bafyreicdui5gpvu6eri4oggsvvgxqb4rb3oy3l2ymmnmffpwz6t3oz2yne posted outside time limit. (get_posts bluesky.py:39)
2026-08-19 16:39:29 [DEBUG]: Post created at: 2026-04-15 13:40:00 (get_posts bluesky.py:33)
2026-08-19 16:39:29 [INFO]: Post bafyreidshdytdhy7f6q3a5yuchedy53verbugnulbbwvllnxofvzpze4re posted outside time limit. (get_posts bluesky.py:39)
2026-08-19 16:39:29 [DEBUG]: Post created at: 2026-04-13 16:38:02 (get_posts bluesky.py:33)
2026-08-19 16:39:29 [INFO]: Post bafyreiauh7o5v67ac256ngxkoqkqnio2e2kmdzdzzqt6vxq32td7gatkmy posted outside time limit. (get_posts bluesky.py:39)
2026-08-19 16:39:29 [DEBUG]: Post created at: 2026-04-10 13:14:36 (get_posts bluesky.py:33)
2026-08-19 16:39:29 [INFO]: Post bafyreifrh7fshwfax4ntkkzh4kal7hstv46kgxa4qlogxu7z7gjxr3ppgu posted outside time limit. (get_posts bluesky.py:39)
2026-08-19 16:39:29 [DEBUG]: Post created at: 2026-04-01 14:22:07 (get_posts bluesky.py:33)
2026-08-19 16:39:29 [INFO]: Post bafyreih2ht6th7xmwvmptcmfdfr5cbdgeavpps6jqyt6xysm37j34w6rge posted outside time limit. (get_posts bluesky.py:39)
2026-08-19 16:39:29 [DEBUG]: Post created at: 2026-03-26 14:42:37 (get_posts bluesky.py:33)
2026-08-19 16:39:29 [INFO]: Post bafyreicfxh453sypukedfr6mfj76tr6uz3osxwb3jfv5ywwecuvhbf267u posted outside time limit. (get_posts bluesky.py:39)
2026-08-19 16:39:29 [DEBUG]: Post created at: 2026-03-26 13:54:10 (get_posts bluesky.py:33)
2026-08-19 16:39:29 [INFO]: Post bafyreifuq22kydpi7ctnxtvy6zww2yzomvsrhq6x2dleqjas62m3p5zo3m posted outside time limit. (get_posts bluesky.py:39)
2026-08-19 16:39:29 [DEBUG]: Post created at: 2026-03-24 22:10:18 (get_posts bluesky.py:33)
2026-08-19 16:39:29 [INFO]: Post bafyreigv5zvvt4yc5xsxkjjliryumxazef75ib5hsmnhtibcncwxoxvnfm posted outside time limit. (get_posts bluesky.py:39)
2026-08-19 16:39:29 [DEBUG]: Post created at: 2026-03-19 14:44:04 (get_posts bluesky.py:33)
2026-08-19 16:39:29 [INFO]: Post bafyreif2f6qv2mgg6cd7amog5rhlfce6br7a6jwoygh7j5szpujkxbw7lq posted outside time limit. (get_posts bluesky.py:39)
2026-08-19 16:39:29 [DEBUG]: Post created at: 2026-03-11 15:06:56 (get_posts bluesky.py:33)
2026-08-19 16:39:29 [INFO]: Post bafyreicdvogziwifeeulpxdanjzw2hhz2x563zmhsulsol6cc2g4awgdzm posted outside time limit. (get_posts bluesky.py:39)
2026-08-19 16:39:29 [DEBUG]: Post created at: 2026-03-10 13:42:44 (get_posts bluesky.py:33)
2026-08-19 16:39:29 [INFO]: Post bafyreievqd6tqe2jmv27cfpq5qfipsop37wgy5tmnrxcgj5pg6c73ziqhe posted outside time limit. (get_posts bluesky.py:39)
2026-08-19 16:39:29 [DEBUG]: Post created at: 2026-02-27 13:14:55 (get_posts bluesky.py:33)
2026-08-19 16:39:29 [INFO]: Post bafyreihnhuuasms57pqkf7igt3c76hf6yngh75wdqpi2zsjqkyv33mn45e posted outside time limit. (get_posts bluesky.py:39)
2026-08-19 16:39:29 [DEBUG]: Post created at: 2026-02-24 16:23:10 (get_posts bluesky.py:33)
2026-08-19 16:39:29 [INFO]: Post bafyreide2tzdyz3qhqvp6dvacl4lo2xhv6sr6gx3jq6ogve525scwql7mi posted outside time limit. (get_posts bluesky.py:39)
2026-08-19 16:39:29 [DEBUG]: Post created at: 2026-02-18 15:42:15 (get_posts bluesky.py:33)
2026-08-19 16:39:29 [INFO]: Post bafyreierb4dlpinmyb7vig7fxqcvt3jgwebafz4bjndrkfzydb5hago4py posted outside time limit. (get_posts bluesky.py:39)
2026-08-19 16:39:29 [DEBUG]: Post created at: 2026-02-13 13:50:14 (get_posts bluesky.py:33)
2026-08-19 16:39:29 [INFO]: Post bafyreiaig2my7kiizjlekleu7edp5chbzu4tonydswkd7j4xawrrklnpea posted outside time limit. (get_posts bluesky.py:39)
2026-08-19 16:39:29 [DEBUG]: Post created at: 2026-02-11 15:17:23 (get_posts bluesky.py:33)
2026-08-19 16:39:29 [INFO]: Post bafyreiaggywu7xfcr3hdbey7tqklccqal2ixepuh6oxtqkyabjhrfpey5y posted outside time limit. (get_posts bluesky.py:39)
2026-08-19 16:39:29 [DEBUG]: Post created at: 2026-02-09 20:47:56 (get_posts bluesky.py:33)
2026-08-19 16:39:29 [INFO]: Post bafyreiegxryprnsav7l5m2duvjrdpuxmd62pglm6dfhladwumo6hb7n73m posted outside time limit. (get_posts bluesky.py:39)
2026-08-19 16:39:29 [DEBUG]: Post created at: 2026-02-04 21:31:32 (get_posts bluesky.py:33)
2026-08-19 16:39:29 [INFO]: Post bafyreiauk2lyeyl7tomeltjaadmgz4auvla2j6itigb2wsu6n52sqbwndu posted outside time limit. (get_posts bluesky.py:39)
2026-08-19 16:39:29 [DEBUG]: Post created at: 2026-02-03 15:53:41 (get_posts bluesky.py:33)
2026-08-19 16:39:29 [INFO]: Post bafyreidbfzjy6zmupb6yp2zrp77ulb7ejvdfu2lawhjkdhg7ekkfoyfzke posted outside time limit. (get_posts bluesky.py:39)
2026-08-19 16:39:29 [DEBUG]: Post created at: 2026-02-02 14:12:40 (get_posts bluesky.py:33)
2026-08-19 16:39:29 [INFO]: Post bafyreibs77nvnmgxegsi2a3q34gvw6gvtffjrta3mgvjmmxq6dagrlaprq posted outside time limit. (get_posts bluesky.py:39)
2026-08-19 16:39:29 [DEBUG]: Post created at: 2026-01-31 17:16:33 (get_posts bluesky.py:33)
2026-08-19 16:39:29 [INFO]: Post bafyreidu7qm22ionzyatpqfiuqfyiio3royiaf4beodokuiwns6f6cl53i posted outside time limit. (get_posts bluesky.py:39)
2026-08-19 16:39:29 [DEBUG]: Post created at: 2026-01-28 13:09:15 (get_posts bluesky.py:33)
2026-08-19 16:39:29 [INFO]: Post bafyreiagqnn3nlo5ftumr3kbsm6zji76ga24ki2373uhb3xxl4o6orajka posted outside time limit. (get_posts bluesky.py:39)
2026-08-19 16:39:29 [DEBUG]: Post created at: 2026-01-27 12:33:02 (get_posts bluesky.py:33)
2026-08-19 16:39:29 [INFO]: Post bafyreifuscbokcel27xngzhkrzopzkb632pmpljpmmbbure5jn5hevtsgq posted outside time limit. (get_posts bluesky.py:39)
2026-08-19 16:39:29 [DEBUG]: Post created at: 2026-01-22 14:21:10 (get_posts bluesky.py:33)
2026-08-19 16:39:29 [INFO]: Post bafyreiagapzgbtv5j2rsn573qr7o7kz73t74l7ypk2eyfahtf6sc5fdjsi posted outside time limit. (get_posts bluesky.py:39)
2026-08-19 16:39:29 [DEBUG]: Post created at: 2026-01-21 13:15:06 (get_posts bluesky.py:33)
2026-08-19 16:39:29 [INFO]: Post bafyreie6wukbdijlqzvjkk4ifh26mdphsaajw26hlqdkohpqcwhuvinmyq posted outside time limit. (get_posts bluesky.py:39)
2026-08-19 16:39:29 [DEBUG]: Post created at: 2026-01-16 16:05:12 (get_posts bluesky.py:33)
2026-08-19 16:39:29 [INFO]: Post bafyreicxzwxqthabj7pnlubsgptgkrsy3x7oxqkp3xahy6tv4gg5yqf2ju posted outside time limit. (get_posts bluesky.py:39)
2026-08-19 16:39:29 [DEBUG]: Post created at: 2026-01-12 13:15:19 (get_posts bluesky.py:33)
2026-08-19 16:39:29 [INFO]: Post bafyreibdn3xxyolwdpeqkewnnprrra2cgk5kbcxcbxywh4lkz3ulcilrqi posted outside time limit. (get_posts bluesky.py:39)
2026-08-19 16:39:29 [DEBUG]: Post created at: 2026-01-08 13:18:56 (get_posts bluesky.py:33)
2026-08-19 16:39:29 [INFO]: Post bafyreietgnh4gc7s4leq7bvqmrgmvznpshszycyy34rd4rnwavw5oghegy posted outside time limit. (get_posts bluesky.py:39)
2026-08-19 16:39:29 [DEBUG]: Post created at: 2025-12-29 13:08:03 (get_posts bluesky.py:33)
2026-08-19 16:39:29 [INFO]: Post bafyreid4dehmzir4jnany3gopw2xqocuxvcrs5fgjysjvzdyqst6gdaqdm posted outside time limit. (get_posts bluesky.py:39)
2026-08-19 16:39:29 [DEBUG]: Post created at: 2025-12-22 21:05:43 (get_posts bluesky.py:33)
2026-08-19 16:39:29 [INFO]: Post bafyreia4ptmpu6bn3etyypkc6dq3zupd4ryvt4ajc4gtsoig22py7c556m posted outside time limit. (get_posts bluesky.py:39)
2026-08-19 16:39:29 [WARNING]: No posts found from input. (get_posts fetch.py:18)
2026-08-19 18:46:21 [INFO]: Reading local database (read_db_file db.py:36)
2026-08-19 18:46:21 [INFO]: Reading cache of recent posts. (read_cache db.py:159)
2026-08-19 18:46:21 [DEBUG]: Cache: {} (read_cache db.py:179)
2026-08-19 18:46:21 [DEBUG]: Deleted: [] (read_cache db.py:180)
2026-08-19 18:46:21 [INFO]: Connecting to Bluesky: None. (bsky_connect connections.py:58)
2026-08-19 18:46:21 [INFO]: Reading session cache (session_cache_read connections.py:111)
2026-08-19 18:46:21 [INFO]: Connecting to Bluesky using saved session. (bsky_connect connections.py:66)
2026-08-19 18:46:21 [INFO]: Session changed: (on_session_change connections.py:104)
2026-08-19 18:46:22 [INFO]: Session changed: (on_session_change connections.py:104)
2026-08-19 18:46:22 [INFO]: Saving changed session (on_session_change connections.py:106)
2026-08-19 18:46:22 [INFO]: Saving session cache (session_cache_write connections.py:120)
2026-08-19 18:46:22 [INFO]: Successfully logged in to Bluesky using saved session. (bsky_connect connections.py:68)
2026-08-19 18:46:22 [INFO]: Saving session cache (session_cache_write connections.py:120)
2026-08-19 18:46:22 [INFO]: Gathering posts from Bluesky (get_posts bluesky.py:18)
2026-08-19 18:46:22 [DEBUG]: Post created at: 2026-08-19 17:08:43 (get_posts bluesky.py:33)
2026-08-19 18:46:22 [INFO]: bafyreiaoyoxdgjrdqbjwnwsqt7nhrjlyn24pmjsmuw7gj2vwkyg354uo24 not found in post list (posted db.py:70)
2026-08-19 18:46:22 [INFO]: Adding post to database (add db.py:100)
2026-08-19 18:46:22 [DEBUG]: post=PostView(author=ProfileViewBasic(did='did:plc:s4xzyzfwqcnl3jjbejehnzbg', handle='ashevilleforall.org', associated=ProfileAssociated(activity_subscription=ProfileAssociatedActivitySubscription(allow_subscriptions='followers', py_type='app.bsky.actor.defs#profileAssociatedActivitySubscription'), chat=ProfileAssociatedChat(allow_incoming='all', allow_group_invites=None, py_type='app.bsky.actor.defs#profileAssociatedChat'), feedgens=None, germ=None, labeler=None, lists=None, starter_packs=None, py_type='app.bsky.actor.defs#profileAssociated'), avatar='https://cdn.bsky.app/img/avatar/plain/did:plc:s4xzyzfwqcnl3jjbejehnzbg/bafkreia6eqyinixs5yaawndpbxbrmb3xtxu6dcsx3bkuwpnatelegesway', created_at='2024-10-28T12:30:56.811Z', debug=None, display_name='Asheville For All', labels=[], pronouns=None, status=None, verification=None, viewer=ViewerState(activity_subscription=None, blocked_by=False, blocking=None, blocking_by_list=None, followed_by=None, following=None, known_followers=None, muted=False, muted_by_list=None, py_type='app.bsky.actor.defs#viewerState', mutedOnlyReposts=False, mutedOnlyQuoteposts=False), py_type='app.bsky.actor.defs#profileViewBasic'), cid='bafyreiaoyoxdgjrdqbjwnwsqt7nhrjlyn24pmjsmuw7gj2vwkyg354uo24', indexed_at='2026-08-19T17:08:45.265Z', record=Record(created_at='2026-08-19T17:08:43.762Z', text='Asheville City Council will vote on Tuesday to allow greater housing options in residential neighborhoods. It’s a very modest change, but one with big symbolic implications.\n\nashevilleforall.org/2026-08-19-l...', embed=Main(images=[Image(alt='Text reads: “‘"There is no debate that [single-family-ONLY] zoning is a tool born of racism, xenophobia, anti-Semitism, and classism, and that it promotes high housing costs, limits mobility, and fosters homelessness for ALL kinds of working people and families. We say good riddance!’” The Asheville For All logo sits in the bottom corner.', image=BlobRef(mime_type='image/png', size=943295, ref=IpldLink(link='bafkreid4hand4rzqogtnda5gr7olemjtuwldhzosxyrsqn2hozugzna7lu'), py_type='blob'), aspect_ratio=AspectRatio(height=1350, width=1080, py_type='app.bsky.embed.defs#aspectRatio'), py_type='app.bsky.embed.images#image')], py_type='app.bsky.embed.images'), entities=None, facets=[Main(features=[Link(uri='https://ashevilleforall.org/2026-08-19-letter.html', py_type='app.bsky.richtext.facet#link')], index=ByteSlice(byte_end=212, byte_start=177, py_type='app.bsky.richtext.facet#byteSlice'), py_type='app.bsky.richtext.facet')], labels=None, langs=None, reply=None, tags=None, py_type='app.bsky.feed.post'), uri='at://did:plc:s4xzyzfwqcnl3jjbejehnzbg/app.bsky.feed.post/3mth7uemeci2o', bookmark_count=0, debug=None, embed=View(images=[ViewImage(alt='Text reads: “‘"There is no debate that [single-family-ONLY] zoning is a tool born of racism, xenophobia, anti-Semitism, and classism, and that it promotes high housing costs, limits mobility, and fosters homelessness for ALL kinds of working people and families. We say good riddance!’” The Asheville For All logo sits in the bottom corner.', fullsize='https://cdn.bsky.app/img/feed_fullsize/plain/did:plc:s4xzyzfwqcnl3jjbejehnzbg/bafkreid4hand4rzqogtnda5gr7olemjtuwldhzosxyrsqn2hozugzna7lu', thumb='https://cdn.bsky.app/img/feed_thumbnail/plain/did:plc:s4xzyzfwqcnl3jjbejehnzbg/bafkreid4hand4rzqogtnda5gr7olemjtuwldhzosxyrsqn2hozugzna7lu', aspect_ratio=AspectRatio(height=1350, width=1080, py_type='app.bsky.embed.defs#aspectRatio'), py_type='app.bsky.embed.images#viewImage')], py_type='app.bsky.embed.images#view'), labels=[], like_count=1, quote_count=0, reply_count=0, repost_count=0, threadgate=None, viewer=ViewerState(bookmarked=False, embedding_disabled=False, like=None, pinned=None, reply_disabled=None, repost=None, thread_muted=False, py_type='app.bsky.feed.defs#viewerState'), py_type='app.bsky.feed.defs#postView') feed_context=None reason=None reply=None req_id=None py_type='app.bsky.feed.defs#feedViewPost' (get_posts bluesky.py:49)
2026-08-19 18:46:22 [DEBUG]: {'post_id': 'bafyreiaoyoxdgjrdqbjwnwsqt7nhrjlyn24pmjsmuw7gj2vwkyg354uo24', 'text': 'Asheville City Council will vote on Tuesday to allow greater housing options in residential neighborhoods. It’s a very modest change, but one with big symbolic implications.\n\nhttps://ashevilleforall.org/2026-08-19-letter.html', 'urls': ['https://ashevilleforall.org/2026-08-19-letter.html'], 'tags': [], 'reply_id': '', 'quote_id': '', 'quote_url': '', 'media': {'type': 'image', 'items': [{'url': 'https://cdn.bsky.app/img/feed_fullsize/plain/did:plc:s4xzyzfwqcnl3jjbejehnzbg/bafkreid4hand4rzqogtnda5gr7olemjtuwldhzosxyrsqn2hozugzna7lu', 'alt': 'Text reads: “‘"There is no debate that [single-family-ONLY] zoning is a tool born of racism, xenophobia, anti-Semitism, and classism, and that it promotes high housing costs, limits mobility, and fosters homelessness for ALL kinds of working people and families. We say good riddance!’” The Asheville For All logo sits in the bottom corner.'}]}, 'sensitive': False, 'language': None, 'privacy': 'public', 'repost': False, 'created_at': <Arrow [2026-08-19T17:08:43.762000+00:00]>} (get_posts bluesky.py:167)
2026-08-19 18:46:22 [DEBUG]: Post created at: 2026-08-11 18:33:44 (get_posts bluesky.py:33)
2026-08-19 18:46:22 [INFO]: Post bafyreif6z4mshhjzw7nskbqsktlhq7d5i6vyhy2jxtmu3t2zgw4m2fhavq posted outside time limit. (get_posts bluesky.py:39)
2026-08-19 18:46:22 [DEBUG]: Post created at: 2026-08-06 12:27:25 (get_posts bluesky.py:33)
2026-08-19 18:46:22 [INFO]: Post bafyreibx2vnv3hheqm2susm6rhiultlk6eaptkwbnjmhajzicwe22gfbjm posted outside time limit. (get_posts bluesky.py:39)
2026-08-19 18:46:22 [DEBUG]: Post created at: 2026-08-05 13:39:02 (get_posts bluesky.py:33)
2026-08-19 18:46:22 [INFO]: Post bafyreihtizm7ymakkbho3vywrcve77otdl2txadgxgoyrni5hseaisrszy posted outside time limit. (get_posts bluesky.py:39)
2026-08-19 18:46:22 [DEBUG]: Post created at: 2026-07-23 15:16:51 (get_posts bluesky.py:33)
2026-08-19 18:46:22 [INFO]: Post bafyreif6f2ek3doxuknizkn2jatdtqesoby5hz3wipn4vbnlm6aof6titm posted outside time limit. (get_posts bluesky.py:39)
2026-08-19 18:46:22 [DEBUG]: Post created at: 2026-07-22 15:15:36 (get_posts bluesky.py:33)
2026-08-19 18:46:22 [INFO]: Post bafyreigbxvo544aahrqrrukb3i2h6nnnjv73bddkd5gewt73b2fqovobui posted outside time limit. (get_posts bluesky.py:39)
2026-08-19 18:46:22 [DEBUG]: Post created at: 2026-07-20 12:33:32 (get_posts bluesky.py:33)
2026-08-19 18:46:22 [INFO]: Post bafyreibrtm3v3ucg73br5shdear4zmw4w5f33w5q2ulxbcrf4suakyhmpq posted outside time limit. (get_posts bluesky.py:39)
2026-08-19 18:46:22 [DEBUG]: Post created at: 2026-07-17 11:35:56 (get_posts bluesky.py:33)
2026-08-19 18:46:22 [INFO]: Post bafyreidtxvowahst6h6tvquj5g3uo26gjcgmkvggwg3e44pchoyq4unb4i posted outside time limit. (get_posts bluesky.py:39)
2026-08-19 18:46:22 [DEBUG]: Post created at: 2026-07-06 14:05:46 (get_posts bluesky.py:33)
2026-08-19 18:46:22 [INFO]: Post bafyreiblrulfzvgmmsltp3nywyhksmj4dr257fkhuhoquhhh4vkwr4zzsu posted outside time limit. (get_posts bluesky.py:39)
2026-08-19 18:46:22 [DEBUG]: Post created at: 2026-06-30 16:37:16 (get_posts bluesky.py:33)
2026-08-19 18:46:22 [INFO]: Post bafyreib46tjmeeqwcvj6wiw75b24fza7oug4heiy2ciuww366uibqrqsbe posted outside time limit. (get_posts bluesky.py:39)
2026-08-19 18:46:22 [DEBUG]: Post created at: 2026-06-24 11:17:45 (get_posts bluesky.py:33)
2026-08-19 18:46:22 [INFO]: Post bafyreidt2ygeayems7i7paeb24ig5l2v7lcmtfhrdi4uhrxfjm4thubecq posted outside time limit. (get_posts bluesky.py:39)
2026-08-19 18:46:22 [DEBUG]: Post created at: 2026-06-17 13:46:03 (get_posts bluesky.py:33)
2026-08-19 18:46:22 [INFO]: Post bafyreieekpu7ys5y3dujnzaoq62fikjxndci6yr6qzasdfictup376i3lq posted outside time limit. (get_posts bluesky.py:39)
2026-08-19 18:46:22 [DEBUG]: Post created at: 2026-06-02 18:05:16 (get_posts bluesky.py:33)
2026-08-19 18:46:22 [INFO]: Post bafyreibwhlbkkwktshb56dytljna7wlvy45dkdd7vqawv5xpvqd3btb5tu posted outside time limit. (get_posts bluesky.py:39)
2026-08-19 18:46:22 [DEBUG]: Post created at: 2026-05-28 12:42:25 (get_posts bluesky.py:33)
2026-08-19 18:46:22 [INFO]: Post bafyreigew3jv7boj7icxdil3sho3r5u6qnvgmiwkfvx5yszmyzbwuz7pwu posted outside time limit. (get_posts bluesky.py:39)
2026-08-19 18:46:22 [DEBUG]: Post created at: 2026-05-27 18:13:32 (get_posts bluesky.py:33)
2026-08-19 18:46:22 [INFO]: Post bafyreicomu6cn7rxnkk4gmfp235wbntlseyony4hstbw3m5ipnxjqzma54 posted outside time limit. (get_posts bluesky.py:39)
2026-08-19 18:46:22 [DEBUG]: Post created at: 2026-05-21 16:52:19 (get_posts bluesky.py:33)
2026-08-19 18:46:22 [INFO]: Post bafyreifgxpvh535rsbgturdrvuix3yrkwwzdxxfvmcif3tgn5ae46i25ca posted outside time limit. (get_posts bluesky.py:39)
2026-08-19 18:46:22 [DEBUG]: Post created at: 2026-05-18 11:38:35 (get_posts bluesky.py:33)
2026-08-19 18:46:22 [INFO]: Post bafyreif3vacnffmfmavpf7x2gwtddexvcrqmcetogbnzbca52sfygsnl3i posted outside time limit. (get_posts bluesky.py:39)
2026-08-19 18:46:22 [DEBUG]: Post created at: 2026-05-12 12:15:04 (get_posts bluesky.py:33)
2026-08-19 18:46:22 [INFO]: Post bafyreigir5vldhynmmhee7b5scolawrc2twgukmpbfvlrc66aqji4vlbbu posted outside time limit. (get_posts bluesky.py:39)
2026-08-19 18:46:22 [DEBUG]: Post created at: 2026-05-07 13:44:19 (get_posts bluesky.py:33)
2026-08-19 18:46:22 [INFO]: Post bafyreibmmqchdd5ocewgcdwj2zawtqsn5jlx7jumuqdij7nn6f77t3tpri posted outside time limit. (get_posts bluesky.py:39)
2026-08-19 18:46:22 [DEBUG]: Post created at: 2026-05-04 12:46:03 (get_posts bluesky.py:33)
2026-08-19 18:46:22 [INFO]: Post bafyreicpdt7qhotsxspx6lo4xl5rwzxeeanscduabrvruycpppoonyz6tm posted outside time limit. (get_posts bluesky.py:39)
2026-08-19 18:46:22 [DEBUG]: Post created at: 2026-04-30 14:02:43 (get_posts bluesky.py:33)
2026-08-19 18:46:22 [INFO]: Post bafyreie2qsbv7gjgphjshteqeuzf4pe2dkr4cu3aty2a27kjai4swzebtq posted outside time limit. (get_posts bluesky.py:39)
2026-08-19 18:46:22 [DEBUG]: Post created at: 2026-04-22 14:53:48 (get_posts bluesky.py:33)
2026-08-19 18:46:22 [INFO]: Post bafyreicdui5gpvu6eri4oggsvvgxqb4rb3oy3l2ymmnmffpwz6t3oz2yne posted outside time limit. (get_posts bluesky.py:39)
2026-08-19 18:46:22 [DEBUG]: Post created at: 2026-04-15 13:40:00 (get_posts bluesky.py:33)
2026-08-19 18:46:22 [INFO]: Post bafyreidshdytdhy7f6q3a5yuchedy53verbugnulbbwvllnxofvzpze4re posted outside time limit. (get_posts bluesky.py:39)
2026-08-19 18:46:22 [DEBUG]: Post created at: 2026-04-13 16:38:02 (get_posts bluesky.py:33)
2026-08-19 18:46:22 [INFO]: Post bafyreiauh7o5v67ac256ngxkoqkqnio2e2kmdzdzzqt6vxq32td7gatkmy posted outside time limit. (get_posts bluesky.py:39)
2026-08-19 18:46:22 [DEBUG]: Post created at: 2026-04-10 13:14:36 (get_posts bluesky.py:33)
2026-08-19 18:46:22 [INFO]: Post bafyreifrh7fshwfax4ntkkzh4kal7hstv46kgxa4qlogxu7z7gjxr3ppgu posted outside time limit. (get_posts bluesky.py:39)
2026-08-19 18:46:22 [DEBUG]: Post created at: 2026-04-01 14:22:07 (get_posts bluesky.py:33)
2026-08-19 18:46:22 [INFO]: Post bafyreih2ht6th7xmwvmptcmfdfr5cbdgeavpps6jqyt6xysm37j34w6rge posted outside time limit. (get_posts bluesky.py:39)
2026-08-19 18:46:22 [DEBUG]: Post created at: 2026-03-26 14:42:37 (get_posts bluesky.py:33)
2026-08-19 18:46:22 [INFO]: Post bafyreicfxh453sypukedfr6mfj76tr6uz3osxwb3jfv5ywwecuvhbf267u posted outside time limit. (get_posts bluesky.py:39)
2026-08-19 18:46:22 [DEBUG]: Post created at: 2026-03-26 13:54:10 (get_posts bluesky.py:33)
2026-08-19 18:46:22 [INFO]: Post bafyreifuq22kydpi7ctnxtvy6zww2yzomvsrhq6x2dleqjas62m3p5zo3m posted outside time limit. (get_posts bluesky.py:39)
2026-08-19 18:46:22 [DEBUG]: Post created at: 2026-03-24 22:10:18 (get_posts bluesky.py:33)
2026-08-19 18:46:22 [INFO]: Post bafyreigv5zvvt4yc5xsxkjjliryumxazef75ib5hsmnhtibcncwxoxvnfm posted outside time limit. (get_posts bluesky.py:39)
2026-08-19 18:46:22 [DEBUG]: Post created at: 2026-03-19 14:44:04 (get_posts bluesky.py:33)
2026-08-19 18:46:22 [INFO]: Post bafyreif2f6qv2mgg6cd7amog5rhlfce6br7a6jwoygh7j5szpujkxbw7lq posted outside time limit. (get_posts bluesky.py:39)
2026-08-19 18:46:22 [DEBUG]: Post created at: 2026-03-11 15:06:56 (get_posts bluesky.py:33)
2026-08-19 18:46:22 [INFO]: Post bafyreicdvogziwifeeulpxdanjzw2hhz2x563zmhsulsol6cc2g4awgdzm posted outside time limit. (get_posts bluesky.py:39)
2026-08-19 18:46:22 [DEBUG]: Post created at: 2026-03-10 13:42:44 (get_posts bluesky.py:33)
2026-08-19 18:46:22 [INFO]: Post bafyreievqd6tqe2jmv27cfpq5qfipsop37wgy5tmnrxcgj5pg6c73ziqhe posted outside time limit. (get_posts bluesky.py:39)
2026-08-19 18:46:22 [DEBUG]: Post created at: 2026-02-27 13:14:55 (get_posts bluesky.py:33)
2026-08-19 18:46:22 [INFO]: Post bafyreihnhuuasms57pqkf7igt3c76hf6yngh75wdqpi2zsjqkyv33mn45e posted outside time limit. (get_posts bluesky.py:39)
2026-08-19 18:46:22 [DEBUG]: Post created at: 2026-02-24 16:23:10 (get_posts bluesky.py:33)
2026-08-19 18:46:22 [INFO]: Post bafyreide2tzdyz3qhqvp6dvacl4lo2xhv6sr6gx3jq6ogve525scwql7mi posted outside time limit. (get_posts bluesky.py:39)
2026-08-19 18:46:22 [DEBUG]: Post created at: 2026-02-18 15:42:15 (get_posts bluesky.py:33)
2026-08-19 18:46:22 [INFO]: Post bafyreierb4dlpinmyb7vig7fxqcvt3jgwebafz4bjndrkfzydb5hago4py posted outside time limit. (get_posts bluesky.py:39)
2026-08-19 18:46:22 [DEBUG]: Post created at: 2026-02-13 13:50:14 (get_posts bluesky.py:33)
2026-08-19 18:46:22 [INFO]: Post bafyreiaig2my7kiizjlekleu7edp5chbzu4tonydswkd7j4xawrrklnpea posted outside time limit. (get_posts bluesky.py:39)
2026-08-19 18:46:22 [DEBUG]: Post created at: 2026-02-11 15:17:23 (get_posts bluesky.py:33)
2026-08-19 18:46:22 [INFO]: Post bafyreiaggywu7xfcr3hdbey7tqklccqal2ixepuh6oxtqkyabjhrfpey5y posted outside time limit. (get_posts bluesky.py:39)
2026-08-19 18:46:22 [DEBUG]: Post created at: 2026-02-09 20:47:56 (get_posts bluesky.py:33)
2026-08-19 18:46:22 [INFO]: Post bafyreiegxryprnsav7l5m2duvjrdpuxmd62pglm6dfhladwumo6hb7n73m posted outside time limit. (get_posts bluesky.py:39)
2026-08-19 18:46:22 [DEBUG]: Post created at: 2026-02-04 21:31:32 (get_posts bluesky.py:33)
2026-08-19 18:46:22 [INFO]: Post bafyreiauk2lyeyl7tomeltjaadmgz4auvla2j6itigb2wsu6n52sqbwndu posted outside time limit. (get_posts bluesky.py:39)
2026-08-19 18:46:22 [DEBUG]: Post created at: 2026-02-03 15:53:41 (get_posts bluesky.py:33)
2026-08-19 18:46:22 [INFO]: Post bafyreidbfzjy6zmupb6yp2zrp77ulb7ejvdfu2lawhjkdhg7ekkfoyfzke posted outside time limit. (get_posts bluesky.py:39)
2026-08-19 18:46:22 [DEBUG]: Post created at: 2026-02-02 14:12:40 (get_posts bluesky.py:33)
2026-08-19 18:46:22 [INFO]: Post bafyreibs77nvnmgxegsi2a3q34gvw6gvtffjrta3mgvjmmxq6dagrlaprq posted outside time limit. (get_posts bluesky.py:39)
2026-08-19 18:46:22 [DEBUG]: Post created at: 2026-01-31 17:16:33 (get_posts bluesky.py:33)
2026-08-19 18:46:22 [INFO]: Post bafyreidu7qm22ionzyatpqfiuqfyiio3royiaf4beodokuiwns6f6cl53i posted outside time limit. (get_posts bluesky.py:39)
2026-08-19 18:46:22 [DEBUG]: Post created at: 2026-01-28 13:09:15 (get_posts bluesky.py:33)
2026-08-19 18:46:22 [INFO]: Post bafyreiagqnn3nlo5ftumr3kbsm6zji76ga24ki2373uhb3xxl4o6orajka posted outside time limit. (get_posts bluesky.py:39)
2026-08-19 18:46:22 [DEBUG]: Post created at: 2026-01-27 12:33:02 (get_posts bluesky.py:33)
2026-08-19 18:46:22 [INFO]: Post bafyreifuscbokcel27xngzhkrzopzkb632pmpljpmmbbure5jn5hevtsgq posted outside time limit. (get_posts bluesky.py:39)
2026-08-19 18:46:22 [DEBUG]: Post created at: 2026-01-22 14:21:10 (get_posts bluesky.py:33)
2026-08-19 18:46:22 [INFO]: Post bafyreiagapzgbtv5j2rsn573qr7o7kz73t74l7ypk2eyfahtf6sc5fdjsi posted outside time limit. (get_posts bluesky.py:39)
2026-08-19 18:46:22 [DEBUG]: Post created at: 2026-01-21 13:15:06 (get_posts bluesky.py:33)
2026-08-19 18:46:22 [INFO]: Post bafyreie6wukbdijlqzvjkk4ifh26mdphsaajw26hlqdkohpqcwhuvinmyq posted outside time limit. (get_posts bluesky.py:39)
2026-08-19 18:46:22 [DEBUG]: Post created at: 2026-01-16 16:05:12 (get_posts bluesky.py:33)
2026-08-19 18:46:22 [INFO]: Post bafyreicxzwxqthabj7pnlubsgptgkrsy3x7oxqkp3xahy6tv4gg5yqf2ju posted outside time limit. (get_posts bluesky.py:39)
2026-08-19 18:46:22 [DEBUG]: Post created at: 2026-01-12 13:15:19 (get_posts bluesky.py:33)
2026-08-19 18:46:22 [INFO]: Post bafyreibdn3xxyolwdpeqkewnnprrra2cgk5kbcxcbxywh4lkz3ulcilrqi posted outside time limit. (get_posts bluesky.py:39)
2026-08-19 18:46:22 [DEBUG]: Post created at: 2026-01-08 13:18:56 (get_posts bluesky.py:33)
2026-08-19 18:46:22 [INFO]: Post bafyreietgnh4gc7s4leq7bvqmrgmvznpshszycyy34rd4rnwavw5oghegy posted outside time limit. (get_posts bluesky.py:39)
2026-08-19 18:46:22 [DEBUG]: Post created at: 2025-12-29 13:08:03 (get_posts bluesky.py:33)
2026-08-19 18:46:22 [INFO]: Post bafyreid4dehmzir4jnany3gopw2xqocuxvcrs5fgjysjvzdyqst6gdaqdm posted outside time limit. (get_posts bluesky.py:39)
2026-08-19 18:46:22 [DEBUG]: Generating post based on {'post_id': 'bafyreiaoyoxdgjrdqbjwnwsqt7nhrjlyn24pmjsmuw7gj2vwkyg354uo24', 'text': 'Asheville City Council will vote on Tuesday to allow greater housing options in residential neighborhoods. It’s a very modest change, but one with big symbolic implications.\n\nhttps://ashevilleforall.org/2026-08-19-letter.html', 'urls': ['https://ashevilleforall.org/2026-08-19-letter.html'], 'tags': [], 'reply_id': '', 'quote_id': '', 'quote_url': '', 'media': {'type': 'image', 'items': [{'url': 'https://cdn.bsky.app/img/feed_fullsize/plain/did:plc:s4xzyzfwqcnl3jjbejehnzbg/bafkreid4hand4rzqogtnda5gr7olemjtuwldhzosxyrsqn2hozugzna7lu', 'alt': 'Text reads: “‘"There is no debate that [single-family-ONLY] zoning is a tool born of racism, xenophobia, anti-Semitism, and classism, and that it promotes high housing costs, limits mobility, and fosters homelessness for ALL kinds of working people and families. We say good riddance!’” The Asheville For All logo sits in the bottom corner.'}]}, 'sensitive': False, 'language': None, 'privacy': 'public', 'repost': False, 'created_at': <Arrow [2026-08-19T17:08:43.762000+00:00]>} (__init__ post.py:28)
2026-08-19 18:46:22 [INFO]: Checking if bafyreiaoyoxdgjrdqbjwnwsqt7nhrjlyn24pmjsmuw7gj2vwkyg354uo24 has been posted to mastodon (posted db.py:77)
2026-08-19 18:46:22 [DEBUG]:  (posted db.py:78)
2026-08-19 18:46:22 [INFO]: bafyreiaoyoxdgjrdqbjwnwsqt7nhrjlyn24pmjsmuw7gj2vwkyg354uo24 has not been posted to mastodon (get_posts fetch.py:40)
2026-08-19 18:46:22 [INFO]: Downloading image from https://cdn.bsky.app/img/feed_fullsize/plain/did:plc:s4xzyzfwqcnl3jjbejehnzbg/bafkreid4hand4rzqogtnda5gr7olemjtuwldhzosxyrsqn2hozugzna7lu as ./images/gnizceblyl (get_images post.py:74)
2026-08-19 18:46:22 [DEBUG]: Found posts {'mastodon': [{'id': 'bafyreiaoyoxdgjrdqbjwnwsqt7nhrjlyn24pmjsmuw7gj2vwkyg354uo24', 'type': 'post', 'post': <main.post.Post object at 0x7fc7fb821070>}]} (run run.py:18)
2026-08-19 18:46:22 [INFO]: Posting queue to Mastodon. (output mastodon.py:11)
2026-08-19 18:46:22 [INFO]: Connecting to Mastodon API. (mastodon_connect connections.py:16)
2026-08-19 18:46:22 [DEBUG]: Shortened urls: Asheville City Council will vote on Tuesday to allow greater housing options in residential neighborhoods. It’s a very modest change, but one with big symbolic implications.

01_https://ashevillefor (shorten_urls post.py:141)
2026-08-19 18:46:22 [DEBUG]: "Asheville City Council will vote on Tuesday to allow greater housing options in residential neighborhoods. It’s a very modest change, but one with big symbolic implications.

01_https://ashevillefor" will be viewed as 198 characters by mastodon. (check_length functions.py:204)
2026-08-19 18:46:22 [INFO]: Uploading media ./images/gnizceblyl with alt: Text reads: “‘"There is no debate that [single-family-ONLY] zoning is a tool born of racism, xenophobia, anti-Semitism, and classism, and that it promotes high housing costs, limits mobility, and fosters homelessness for ALL kinds of working people and families. We say good riddance!’” The Asheville For All logo sits in the bottom corner. to mastodon (post mastodon.py:75)
2026-08-19 18:46:24 [INFO]: Posting "Asheville City Council will vote on Tuesday to allow greater housing options in residential neighborhoods. It’s a very modest change, but one with big symbolic implications.

https://ashevilleforall.org/2026-08-19-letter.html" to Mastodon (post mastodon.py:79)
2026-08-19 18:46:24 [DEBUG]: mastodon_client.status_post(Asheville City Council will vote on Tuesday to allow greater housing options in residential neighborhoods. It’s a very modest change, but one with big symbolic implications.

https://ashevilleforall.org/2026-08-19-letter.html, in_reply_to_id=None, media_ids=[117123657457063478], visibility=public, language=None), sensitive=False (post mastodon.py:83)
2026-08-19 18:46:24 [DEBUG]: Status({'id': 117123657513348003, 'uri': 'https://mastodon.online/users/ashevilleforall/statuses/117123657513348003', 'url': 'https://mastodon.online/@ashevilleforall/117123657513348003', 'account': Account({'id': 109263273845318667, 'username': 'ashevilleforall', 'acct': 'ashevilleforall', 'display_name': 'Asheville For All', 'discoverable': False, 'group': False, 'locked': False, 'created_at': datetime.datetime(2022, 10, 31, 0, 0, tzinfo=tzlocal()), 'following_count': 0, 'followers_count': 47, 'statuses_count': 223, 'note': '<p>WNC&#39;s chapter of YIMBY Action. We’re advocating for housing abundance, and diverse, affordable, and walkable communities in Asheville.</p>', 'url': 'https://mastodon.online/@ashevilleforall', 'uri': 'https://mastodon.online/users/ashevilleforall', 'avatar': 'https://files.mastodon.online/accounts/avatars/109/263/273/845/318/667/original/7ab5d880e7134a8b.png', 'header': 'https://mastodon.online/headers/original/missing.png', 'avatar_static': 'https://files.mastodon.online/accounts/avatars/109/263/273/845/318/667/original/7ab5d880e7134a8b.png', 'header_static': 'https://mastodon.online/headers/original/missing.png', 'moved_to_account': None, 'suspended': None, 'limited': None, 'bot': False, 'fields': [AccountField({'name': 'website', 'value': '<a href="https://ashevilleforall.org" target="_blank" rel="nofollow noopener me" translate="no"><span class="invisible">https://</span><span class="">ashevilleforall.org</span><span class="invisible"></span></a>', 'verified_at': None})], 'emojis': [], 'last_status_at': datetime.datetime(2026, 8, 19, 0, 0), 'noindex': False, 'roles': [], 'role': None, 'source': None, 'mute_expires_at': None, 'indexable': False, 'hide_collections': False, 'memorial': None, 'avatar_description': '', 'header_description': '', 'show_media': True, 'show_media_replies': True, 'show_featured': True, 'feature_approval': AttribAccessDict({'automatic': [], 'manual': [], 'current_user': 'denied'})}), 'in_reply_to_id': None, 'in_reply_to_account_id': None, 'reblog': None, 'content': '<p>Asheville City Council will vote on Tuesday to allow greater housing options in residential neighborhoods. It’s a very modest change, but one with big symbolic implications.</p><p><a href="https://ashevilleforall.org/2026-08-19-letter.html" target="_blank" rel="nofollow noopener" translate="no"><span class="invisible">https://</span><span class="ellipsis">ashevilleforall.org/2026-08-19</span><span class="invisible">-letter.html</span></a></p>', 'created_at': datetime.datetime(2026, 8, 19, 18, 46, 24, 232000, tzinfo=tzlocal()), 'reblogs_count': 0, 'favourites_count': 0, 'reblogged': False, 'favourited': False, 'sensitive': False, 'spoiler_text': '', 'visibility': 'public', 'mentions': [], 'media_attachments': [MediaAttachment({'id': 117123657457063478, 'type': 'image', 'url': 'https://files.mastodon.online/media_attachments/files/117/123/657/457/063/478/original/4a68b6f61a915d7c.webp', 'remote_url': None, 'preview_url': 'https://files.mastodon.online/media_attachments/files/117/123/657/457/063/478/small/4a68b6f61a915d7c.webp', 'text_url': None, 'meta': MediaAttachmentMetadataContainer({'original': MediaAttachmentImageMetadata({'width': 648, 'height': 810, 'aspect': 0.8, 'size': '648x810'}), 'small': MediaAttachmentImageMetadata({'width': 429, 'height': 536, 'aspect': 0.8003731343283582, 'size': '429x536'}), 'colors': None, 'focus': None}), 'blurhash': 'UJ9l8fa1Riof?]ozWBj[Syazt7j[InkBayay', 'description': 'Text reads: “‘"There is no debate that [single-family-ONLY] zoning is a tool born of racism, xenophobia, anti-Semitism, and classism, and that it promotes high housing costs, limits mobility, and fosters homelessness for ALL kinds of working people and families. We say good riddance!’” The Asheville For All logo sits in the bottom corner.', 'preview_remote_url': None})], 'emojis': [], 'tags': [], 'bookmarked': False, 'application': Application({'id': None, 'name': 'cross_poster', 'website': None, 'vapid_key': None, 'redirect_uri': None, 'redirect_uris': None, 'scopes': None}), 'language': 'en', 'muted': False, 'pinned': False, 'replies_count': 0, 'card': None, 'poll': None, 'edited_at': None, 'filtered': [], 'quotes_count': 0, 'tagged_collections': [], 'quote': None, 'quote_approval': AttribAccessDict({'automatic': ['public'], 'manual': [], 'current_user': 'automatic'})}) (post mastodon.py:85)
2026-08-19 18:46:24 [INFO]: Posted to mastodon (post mastodon.py:99)
2026-08-19 18:46:24 [INFO]: Saving database (save db.py:140)
2026-08-19 18:46:24 [INFO]: Saving cache. (save_cache db.py:184)
2026-08-19 18:46:24 [DEBUG]: {'bafyreiaoyoxdgjrdqbjwnwsqt7nhrjlyn24pmjsmuw7gj2vwkyg354uo24': <Arrow [2026-08-19T18:46:24.500592+00:00]>} (save_cache db.py:185)
2026-08-19 18:46:24 [INFO]: Saving post cache. (save_cache db.py:191)
2026-08-19 18:46:24 [INFO]: Deleting local images (cleanup functions.py:44)
