2026-08-10 02:25:41 [INFO]: Reading local database (read_db_file db.py:36)
2026-08-10 02:25:41 [INFO]: Reading cache of recent posts. (read_cache db.py:159)
2026-08-10 02:25:41 [INFO]: ./db/post.cache not found. (read_cache db.py:165)
2026-08-10 02:25:41 [INFO]: Connecting to Bluesky: None. (bsky_connect connections.py:58)
2026-08-10 02:25:41 [INFO]: Reading session cache (session_cache_read connections.py:111)
2026-08-10 02:25:41 [INFO]: Connecting to Bluesky using saved session. (bsky_connect connections.py:66)
2026-08-10 02:25:41 [INFO]: Session changed: (on_session_change connections.py:104)
2026-08-10 02:25:42 [INFO]: Session changed: (on_session_change connections.py:104)
2026-08-10 02:25:42 [INFO]: Saving changed session (on_session_change connections.py:106)
2026-08-10 02:25:42 [INFO]: Saving session cache (session_cache_write connections.py:120)
2026-08-10 02:25:42 [INFO]: Successfully logged in to Bluesky using saved session. (bsky_connect connections.py:68)
2026-08-10 02:25:42 [INFO]: Saving session cache (session_cache_write connections.py:120)
2026-08-10 02:25:42 [INFO]: Gathering posts from Bluesky (get_posts bluesky.py:18)
2026-08-10 02:25:42 [DEBUG]: Post created at: 2026-08-06 12:27:25 (get_posts bluesky.py:33)
2026-08-10 02:25:42 [INFO]: Post bafyreibx2vnv3hheqm2susm6rhiultlk6eaptkwbnjmhajzicwe22gfbjm posted outside time limit. (get_posts bluesky.py:39)
2026-08-10 02:25:42 [DEBUG]: Post created at: 2026-08-05 13:39:02 (get_posts bluesky.py:33)
2026-08-10 02:25:42 [INFO]: Post bafyreihtizm7ymakkbho3vywrcve77otdl2txadgxgoyrni5hseaisrszy posted outside time limit. (get_posts bluesky.py:39)
2026-08-10 02:25:42 [DEBUG]: Post created at: 2026-07-23 15:16:51 (get_posts bluesky.py:33)
2026-08-10 02:25:42 [INFO]: Post bafyreif6f2ek3doxuknizkn2jatdtqesoby5hz3wipn4vbnlm6aof6titm posted outside time limit. (get_posts bluesky.py:39)
2026-08-10 02:25:42 [DEBUG]: Post created at: 2026-07-22 15:15:36 (get_posts bluesky.py:33)
2026-08-10 02:25:42 [INFO]: Post bafyreigbxvo544aahrqrrukb3i2h6nnnjv73bddkd5gewt73b2fqovobui posted outside time limit. (get_posts bluesky.py:39)
2026-08-10 02:25:42 [DEBUG]: Post created at: 2026-07-20 12:33:32 (get_posts bluesky.py:33)
2026-08-10 02:25:42 [INFO]: Post bafyreibrtm3v3ucg73br5shdear4zmw4w5f33w5q2ulxbcrf4suakyhmpq posted outside time limit. (get_posts bluesky.py:39)
2026-08-10 02:25:42 [DEBUG]: Post created at: 2026-07-17 11:35:56 (get_posts bluesky.py:33)
2026-08-10 02:25:42 [INFO]: Post bafyreidtxvowahst6h6tvquj5g3uo26gjcgmkvggwg3e44pchoyq4unb4i posted outside time limit. (get_posts bluesky.py:39)
2026-08-10 02:25:42 [DEBUG]: Post created at: 2026-07-06 14:05:46 (get_posts bluesky.py:33)
2026-08-10 02:25:42 [INFO]: Post bafyreiblrulfzvgmmsltp3nywyhksmj4dr257fkhuhoquhhh4vkwr4zzsu posted outside time limit. (get_posts bluesky.py:39)
2026-08-10 02:25:42 [DEBUG]: Post created at: 2026-06-30 16:37:16 (get_posts bluesky.py:33)
2026-08-10 02:25:42 [INFO]: Post bafyreib46tjmeeqwcvj6wiw75b24fza7oug4heiy2ciuww366uibqrqsbe posted outside time limit. (get_posts bluesky.py:39)
2026-08-10 02:25:42 [DEBUG]: Post created at: 2026-06-24 11:17:45 (get_posts bluesky.py:33)
2026-08-10 02:25:42 [INFO]: Post bafyreidt2ygeayems7i7paeb24ig5l2v7lcmtfhrdi4uhrxfjm4thubecq posted outside time limit. (get_posts bluesky.py:39)
2026-08-10 02:25:42 [DEBUG]: Post created at: 2026-06-17 13:46:03 (get_posts bluesky.py:33)
2026-08-10 02:25:42 [INFO]: Post bafyreieekpu7ys5y3dujnzaoq62fikjxndci6yr6qzasdfictup376i3lq posted outside time limit. (get_posts bluesky.py:39)
2026-08-10 02:25:42 [DEBUG]: Post created at: 2026-06-02 18:05:16 (get_posts bluesky.py:33)
2026-08-10 02:25:42 [INFO]: Post bafyreibwhlbkkwktshb56dytljna7wlvy45dkdd7vqawv5xpvqd3btb5tu posted outside time limit. (get_posts bluesky.py:39)
2026-08-10 02:25:42 [DEBUG]: Post created at: 2026-05-28 12:42:25 (get_posts bluesky.py:33)
2026-08-10 02:25:42 [INFO]: Post bafyreigew3jv7boj7icxdil3sho3r5u6qnvgmiwkfvx5yszmyzbwuz7pwu posted outside time limit. (get_posts bluesky.py:39)
2026-08-10 02:25:42 [DEBUG]: Post created at: 2026-05-27 18:13:32 (get_posts bluesky.py:33)
2026-08-10 02:25:42 [INFO]: Post bafyreicomu6cn7rxnkk4gmfp235wbntlseyony4hstbw3m5ipnxjqzma54 posted outside time limit. (get_posts bluesky.py:39)
2026-08-10 02:25:42 [DEBUG]: Post created at: 2026-05-21 16:52:19 (get_posts bluesky.py:33)
2026-08-10 02:25:42 [INFO]: Post bafyreifgxpvh535rsbgturdrvuix3yrkwwzdxxfvmcif3tgn5ae46i25ca posted outside time limit. (get_posts bluesky.py:39)
2026-08-10 02:25:42 [DEBUG]: Post created at: 2026-05-18 11:38:35 (get_posts bluesky.py:33)
2026-08-10 02:25:42 [INFO]: Post bafyreif3vacnffmfmavpf7x2gwtddexvcrqmcetogbnzbca52sfygsnl3i posted outside time limit. (get_posts bluesky.py:39)
2026-08-10 02:25:42 [DEBUG]: Post created at: 2026-05-12 12:15:04 (get_posts bluesky.py:33)
2026-08-10 02:25:42 [INFO]: Post bafyreigir5vldhynmmhee7b5scolawrc2twgukmpbfvlrc66aqji4vlbbu posted outside time limit. (get_posts bluesky.py:39)
2026-08-10 02:25:42 [DEBUG]: Post created at: 2026-05-07 13:44:19 (get_posts bluesky.py:33)
2026-08-10 02:25:42 [INFO]: Post bafyreibmmqchdd5ocewgcdwj2zawtqsn5jlx7jumuqdij7nn6f77t3tpri posted outside time limit. (get_posts bluesky.py:39)
2026-08-10 02:25:42 [DEBUG]: Post created at: 2026-05-04 12:46:03 (get_posts bluesky.py:33)
2026-08-10 02:25:42 [INFO]: Post bafyreicpdt7qhotsxspx6lo4xl5rwzxeeanscduabrvruycpppoonyz6tm posted outside time limit. (get_posts bluesky.py:39)
2026-08-10 02:25:42 [DEBUG]: Post created at: 2026-04-30 14:02:43 (get_posts bluesky.py:33)
2026-08-10 02:25:42 [INFO]: Post bafyreie2qsbv7gjgphjshteqeuzf4pe2dkr4cu3aty2a27kjai4swzebtq posted outside time limit. (get_posts bluesky.py:39)
2026-08-10 02:25:42 [DEBUG]: Post created at: 2026-04-22 14:53:48 (get_posts bluesky.py:33)
2026-08-10 02:25:42 [INFO]: Post bafyreicdui5gpvu6eri4oggsvvgxqb4rb3oy3l2ymmnmffpwz6t3oz2yne posted outside time limit. (get_posts bluesky.py:39)
2026-08-10 02:25:42 [DEBUG]: Post created at: 2026-04-15 13:40:00 (get_posts bluesky.py:33)
2026-08-10 02:25:42 [INFO]: Post bafyreidshdytdhy7f6q3a5yuchedy53verbugnulbbwvllnxofvzpze4re posted outside time limit. (get_posts bluesky.py:39)
2026-08-10 02:25:42 [DEBUG]: Post created at: 2026-04-13 16:38:02 (get_posts bluesky.py:33)
2026-08-10 02:25:42 [INFO]: Post bafyreiauh7o5v67ac256ngxkoqkqnio2e2kmdzdzzqt6vxq32td7gatkmy posted outside time limit. (get_posts bluesky.py:39)
2026-08-10 02:25:42 [DEBUG]: Post created at: 2026-04-10 13:14:36 (get_posts bluesky.py:33)
2026-08-10 02:25:42 [INFO]: Post bafyreifrh7fshwfax4ntkkzh4kal7hstv46kgxa4qlogxu7z7gjxr3ppgu posted outside time limit. (get_posts bluesky.py:39)
2026-08-10 02:25:42 [DEBUG]: Post created at: 2026-04-01 14:22:07 (get_posts bluesky.py:33)
2026-08-10 02:25:42 [INFO]: Post bafyreih2ht6th7xmwvmptcmfdfr5cbdgeavpps6jqyt6xysm37j34w6rge posted outside time limit. (get_posts bluesky.py:39)
2026-08-10 02:25:42 [DEBUG]: Post created at: 2026-03-26 14:42:37 (get_posts bluesky.py:33)
2026-08-10 02:25:42 [INFO]: Post bafyreicfxh453sypukedfr6mfj76tr6uz3osxwb3jfv5ywwecuvhbf267u posted outside time limit. (get_posts bluesky.py:39)
2026-08-10 02:25:42 [DEBUG]: Post created at: 2026-03-26 13:54:10 (get_posts bluesky.py:33)
2026-08-10 02:25:42 [INFO]: Post bafyreifuq22kydpi7ctnxtvy6zww2yzomvsrhq6x2dleqjas62m3p5zo3m posted outside time limit. (get_posts bluesky.py:39)
2026-08-10 02:25:42 [DEBUG]: Post created at: 2026-03-24 22:10:18 (get_posts bluesky.py:33)
2026-08-10 02:25:42 [INFO]: Post bafyreigv5zvvt4yc5xsxkjjliryumxazef75ib5hsmnhtibcncwxoxvnfm posted outside time limit. (get_posts bluesky.py:39)
2026-08-10 02:25:42 [DEBUG]: Post created at: 2026-03-19 14:44:04 (get_posts bluesky.py:33)
2026-08-10 02:25:42 [INFO]: Post bafyreif2f6qv2mgg6cd7amog5rhlfce6br7a6jwoygh7j5szpujkxbw7lq posted outside time limit. (get_posts bluesky.py:39)
2026-08-10 02:25:42 [DEBUG]: Post created at: 2026-03-11 15:06:56 (get_posts bluesky.py:33)
2026-08-10 02:25:42 [INFO]: Post bafyreicdvogziwifeeulpxdanjzw2hhz2x563zmhsulsol6cc2g4awgdzm posted outside time limit. (get_posts bluesky.py:39)
2026-08-10 02:25:42 [DEBUG]: Post created at: 2026-03-10 13:42:44 (get_posts bluesky.py:33)
2026-08-10 02:25:42 [INFO]: Post bafyreievqd6tqe2jmv27cfpq5qfipsop37wgy5tmnrxcgj5pg6c73ziqhe posted outside time limit. (get_posts bluesky.py:39)
2026-08-10 02:25:42 [DEBUG]: Post created at: 2026-02-27 13:14:55 (get_posts bluesky.py:33)
2026-08-10 02:25:42 [INFO]: Post bafyreihnhuuasms57pqkf7igt3c76hf6yngh75wdqpi2zsjqkyv33mn45e posted outside time limit. (get_posts bluesky.py:39)
2026-08-10 02:25:42 [DEBUG]: Post created at: 2026-02-24 16:23:10 (get_posts bluesky.py:33)
2026-08-10 02:25:42 [INFO]: Post bafyreide2tzdyz3qhqvp6dvacl4lo2xhv6sr6gx3jq6ogve525scwql7mi posted outside time limit. (get_posts bluesky.py:39)
2026-08-10 02:25:42 [DEBUG]: Post created at: 2026-02-18 15:42:15 (get_posts bluesky.py:33)
2026-08-10 02:25:42 [INFO]: Post bafyreierb4dlpinmyb7vig7fxqcvt3jgwebafz4bjndrkfzydb5hago4py posted outside time limit. (get_posts bluesky.py:39)
2026-08-10 02:25:42 [DEBUG]: Post created at: 2026-02-13 13:50:14 (get_posts bluesky.py:33)
2026-08-10 02:25:42 [INFO]: Post bafyreiaig2my7kiizjlekleu7edp5chbzu4tonydswkd7j4xawrrklnpea posted outside time limit. (get_posts bluesky.py:39)
2026-08-10 02:25:42 [DEBUG]: Post created at: 2026-02-11 15:17:23 (get_posts bluesky.py:33)
2026-08-10 02:25:42 [INFO]: Post bafyreiaggywu7xfcr3hdbey7tqklccqal2ixepuh6oxtqkyabjhrfpey5y posted outside time limit. (get_posts bluesky.py:39)
2026-08-10 02:25:42 [DEBUG]: Post created at: 2026-02-09 20:47:56 (get_posts bluesky.py:33)
2026-08-10 02:25:42 [INFO]: Post bafyreiegxryprnsav7l5m2duvjrdpuxmd62pglm6dfhladwumo6hb7n73m posted outside time limit. (get_posts bluesky.py:39)
2026-08-10 02:25:42 [DEBUG]: Post created at: 2026-02-04 21:31:32 (get_posts bluesky.py:33)
2026-08-10 02:25:42 [INFO]: Post bafyreiauk2lyeyl7tomeltjaadmgz4auvla2j6itigb2wsu6n52sqbwndu posted outside time limit. (get_posts bluesky.py:39)
2026-08-10 02:25:42 [DEBUG]: Post created at: 2026-02-03 15:53:41 (get_posts bluesky.py:33)
2026-08-10 02:25:42 [INFO]: Post bafyreidbfzjy6zmupb6yp2zrp77ulb7ejvdfu2lawhjkdhg7ekkfoyfzke posted outside time limit. (get_posts bluesky.py:39)
2026-08-10 02:25:42 [DEBUG]: Post created at: 2026-02-02 14:12:40 (get_posts bluesky.py:33)
2026-08-10 02:25:42 [INFO]: Post bafyreibs77nvnmgxegsi2a3q34gvw6gvtffjrta3mgvjmmxq6dagrlaprq posted outside time limit. (get_posts bluesky.py:39)
2026-08-10 02:25:42 [DEBUG]: Post created at: 2026-01-31 17:16:33 (get_posts bluesky.py:33)
2026-08-10 02:25:42 [INFO]: Post bafyreidu7qm22ionzyatpqfiuqfyiio3royiaf4beodokuiwns6f6cl53i posted outside time limit. (get_posts bluesky.py:39)
2026-08-10 02:25:42 [DEBUG]: Post created at: 2026-01-28 13:09:15 (get_posts bluesky.py:33)
2026-08-10 02:25:42 [INFO]: Post bafyreiagqnn3nlo5ftumr3kbsm6zji76ga24ki2373uhb3xxl4o6orajka posted outside time limit. (get_posts bluesky.py:39)
2026-08-10 02:25:42 [DEBUG]: Post created at: 2026-01-27 12:33:02 (get_posts bluesky.py:33)
2026-08-10 02:25:42 [INFO]: Post bafyreifuscbokcel27xngzhkrzopzkb632pmpljpmmbbure5jn5hevtsgq posted outside time limit. (get_posts bluesky.py:39)
2026-08-10 02:25:42 [DEBUG]: Post created at: 2026-01-22 14:21:10 (get_posts bluesky.py:33)
2026-08-10 02:25:42 [INFO]: Post bafyreiagapzgbtv5j2rsn573qr7o7kz73t74l7ypk2eyfahtf6sc5fdjsi posted outside time limit. (get_posts bluesky.py:39)
2026-08-10 02:25:42 [DEBUG]: Post created at: 2026-01-21 13:15:06 (get_posts bluesky.py:33)
2026-08-10 02:25:42 [INFO]: Post bafyreie6wukbdijlqzvjkk4ifh26mdphsaajw26hlqdkohpqcwhuvinmyq posted outside time limit. (get_posts bluesky.py:39)
2026-08-10 02:25:42 [DEBUG]: Post created at: 2026-01-16 16:05:12 (get_posts bluesky.py:33)
2026-08-10 02:25:42 [INFO]: Post bafyreicxzwxqthabj7pnlubsgptgkrsy3x7oxqkp3xahy6tv4gg5yqf2ju posted outside time limit. (get_posts bluesky.py:39)
2026-08-10 02:25:42 [DEBUG]: Post created at: 2026-01-12 13:15:19 (get_posts bluesky.py:33)
2026-08-10 02:25:42 [INFO]: Post bafyreibdn3xxyolwdpeqkewnnprrra2cgk5kbcxcbxywh4lkz3ulcilrqi posted outside time limit. (get_posts bluesky.py:39)
2026-08-10 02:25:42 [DEBUG]: Post created at: 2026-01-08 13:18:56 (get_posts bluesky.py:33)
2026-08-10 02:25:42 [INFO]: Post bafyreietgnh4gc7s4leq7bvqmrgmvznpshszycyy34rd4rnwavw5oghegy posted outside time limit. (get_posts bluesky.py:39)
2026-08-10 02:25:42 [DEBUG]: Post created at: 2025-12-29 13:08:03 (get_posts bluesky.py:33)
2026-08-10 02:25:42 [INFO]: Post bafyreid4dehmzir4jnany3gopw2xqocuxvcrs5fgjysjvzdyqst6gdaqdm posted outside time limit. (get_posts bluesky.py:39)
2026-08-10 02:25:42 [DEBUG]: Post created at: 2025-12-22 21:05:43 (get_posts bluesky.py:33)
2026-08-10 02:25:42 [INFO]: Post bafyreia4ptmpu6bn3etyypkc6dq3zupd4ryvt4ajc4gtsoig22py7c556m posted outside time limit. (get_posts bluesky.py:39)
2026-08-10 02:25:42 [DEBUG]: Post created at: 2025-12-15 13:06:43 (get_posts bluesky.py:33)
2026-08-10 02:25:42 [INFO]: Post bafyreieivxzhm6whsygjqjaagg2suk2kkcu4b6dcwhtre73y5gr7sskegi posted outside time limit. (get_posts bluesky.py:39)
2026-08-10 02:25:42 [WARNING]: No posts found from input. (get_posts fetch.py:18)
2026-08-10 05:40:10 [INFO]: Reading local database (read_db_file db.py:36)
2026-08-10 05:40:10 [INFO]: Reading cache of recent posts. (read_cache db.py:159)
2026-08-10 05:40:10 [INFO]: ./db/post.cache not found. (read_cache db.py:165)
2026-08-10 05:40:10 [INFO]: Connecting to Bluesky: None. (bsky_connect connections.py:58)
2026-08-10 05:40:10 [INFO]: Reading session cache (session_cache_read connections.py:111)
2026-08-10 05:40:10 [INFO]: Connecting to Bluesky using saved session. (bsky_connect connections.py:66)
2026-08-10 05:40:10 [INFO]: Session changed: (on_session_change connections.py:104)
2026-08-10 05:40:10 [INFO]: Session changed: (on_session_change connections.py:104)
2026-08-10 05:40:10 [INFO]: Saving changed session (on_session_change connections.py:106)
2026-08-10 05:40:10 [INFO]: Saving session cache (session_cache_write connections.py:120)
2026-08-10 05:40:10 [INFO]: Successfully logged in to Bluesky using saved session. (bsky_connect connections.py:68)
2026-08-10 05:40:10 [INFO]: Saving session cache (session_cache_write connections.py:120)
2026-08-10 05:40:10 [INFO]: Gathering posts from Bluesky (get_posts bluesky.py:18)
2026-08-10 05:40:11 [DEBUG]: Post created at: 2026-08-06 12:27:25 (get_posts bluesky.py:33)
2026-08-10 05:40:11 [INFO]: Post bafyreibx2vnv3hheqm2susm6rhiultlk6eaptkwbnjmhajzicwe22gfbjm posted outside time limit. (get_posts bluesky.py:39)
2026-08-10 05:40:11 [DEBUG]: Post created at: 2026-08-05 13:39:02 (get_posts bluesky.py:33)
2026-08-10 05:40:11 [INFO]: Post bafyreihtizm7ymakkbho3vywrcve77otdl2txadgxgoyrni5hseaisrszy posted outside time limit. (get_posts bluesky.py:39)
2026-08-10 05:40:11 [DEBUG]: Post created at: 2026-07-23 15:16:51 (get_posts bluesky.py:33)
2026-08-10 05:40:11 [INFO]: Post bafyreif6f2ek3doxuknizkn2jatdtqesoby5hz3wipn4vbnlm6aof6titm posted outside time limit. (get_posts bluesky.py:39)
2026-08-10 05:40:11 [DEBUG]: Post created at: 2026-07-22 15:15:36 (get_posts bluesky.py:33)
2026-08-10 05:40:11 [INFO]: Post bafyreigbxvo544aahrqrrukb3i2h6nnnjv73bddkd5gewt73b2fqovobui posted outside time limit. (get_posts bluesky.py:39)
2026-08-10 05:40:11 [DEBUG]: Post created at: 2026-07-20 12:33:32 (get_posts bluesky.py:33)
2026-08-10 05:40:11 [INFO]: Post bafyreibrtm3v3ucg73br5shdear4zmw4w5f33w5q2ulxbcrf4suakyhmpq posted outside time limit. (get_posts bluesky.py:39)
2026-08-10 05:40:11 [DEBUG]: Post created at: 2026-07-17 11:35:56 (get_posts bluesky.py:33)
2026-08-10 05:40:11 [INFO]: Post bafyreidtxvowahst6h6tvquj5g3uo26gjcgmkvggwg3e44pchoyq4unb4i posted outside time limit. (get_posts bluesky.py:39)
2026-08-10 05:40:11 [DEBUG]: Post created at: 2026-07-06 14:05:46 (get_posts bluesky.py:33)
2026-08-10 05:40:11 [INFO]: Post bafyreiblrulfzvgmmsltp3nywyhksmj4dr257fkhuhoquhhh4vkwr4zzsu posted outside time limit. (get_posts bluesky.py:39)
2026-08-10 05:40:11 [DEBUG]: Post created at: 2026-06-30 16:37:16 (get_posts bluesky.py:33)
2026-08-10 05:40:11 [INFO]: Post bafyreib46tjmeeqwcvj6wiw75b24fza7oug4heiy2ciuww366uibqrqsbe posted outside time limit. (get_posts bluesky.py:39)
2026-08-10 05:40:11 [DEBUG]: Post created at: 2026-06-24 11:17:45 (get_posts bluesky.py:33)
2026-08-10 05:40:11 [INFO]: Post bafyreidt2ygeayems7i7paeb24ig5l2v7lcmtfhrdi4uhrxfjm4thubecq posted outside time limit. (get_posts bluesky.py:39)
2026-08-10 05:40:11 [DEBUG]: Post created at: 2026-06-17 13:46:03 (get_posts bluesky.py:33)
2026-08-10 05:40:11 [INFO]: Post bafyreieekpu7ys5y3dujnzaoq62fikjxndci6yr6qzasdfictup376i3lq posted outside time limit. (get_posts bluesky.py:39)
2026-08-10 05:40:11 [DEBUG]: Post created at: 2026-06-02 18:05:16 (get_posts bluesky.py:33)
2026-08-10 05:40:11 [INFO]: Post bafyreibwhlbkkwktshb56dytljna7wlvy45dkdd7vqawv5xpvqd3btb5tu posted outside time limit. (get_posts bluesky.py:39)
2026-08-10 05:40:11 [DEBUG]: Post created at: 2026-05-28 12:42:25 (get_posts bluesky.py:33)
2026-08-10 05:40:11 [INFO]: Post bafyreigew3jv7boj7icxdil3sho3r5u6qnvgmiwkfvx5yszmyzbwuz7pwu posted outside time limit. (get_posts bluesky.py:39)
2026-08-10 05:40:11 [DEBUG]: Post created at: 2026-05-27 18:13:32 (get_posts bluesky.py:33)
2026-08-10 05:40:11 [INFO]: Post bafyreicomu6cn7rxnkk4gmfp235wbntlseyony4hstbw3m5ipnxjqzma54 posted outside time limit. (get_posts bluesky.py:39)
2026-08-10 05:40:11 [DEBUG]: Post created at: 2026-05-21 16:52:19 (get_posts bluesky.py:33)
2026-08-10 05:40:11 [INFO]: Post bafyreifgxpvh535rsbgturdrvuix3yrkwwzdxxfvmcif3tgn5ae46i25ca posted outside time limit. (get_posts bluesky.py:39)
2026-08-10 05:40:11 [DEBUG]: Post created at: 2026-05-18 11:38:35 (get_posts bluesky.py:33)
2026-08-10 05:40:11 [INFO]: Post bafyreif3vacnffmfmavpf7x2gwtddexvcrqmcetogbnzbca52sfygsnl3i posted outside time limit. (get_posts bluesky.py:39)
2026-08-10 05:40:11 [DEBUG]: Post created at: 2026-05-12 12:15:04 (get_posts bluesky.py:33)
2026-08-10 05:40:11 [INFO]: Post bafyreigir5vldhynmmhee7b5scolawrc2twgukmpbfvlrc66aqji4vlbbu posted outside time limit. (get_posts bluesky.py:39)
2026-08-10 05:40:11 [DEBUG]: Post created at: 2026-05-07 13:44:19 (get_posts bluesky.py:33)
2026-08-10 05:40:11 [INFO]: Post bafyreibmmqchdd5ocewgcdwj2zawtqsn5jlx7jumuqdij7nn6f77t3tpri posted outside time limit. (get_posts bluesky.py:39)
2026-08-10 05:40:11 [DEBUG]: Post created at: 2026-05-04 12:46:03 (get_posts bluesky.py:33)
2026-08-10 05:40:11 [INFO]: Post bafyreicpdt7qhotsxspx6lo4xl5rwzxeeanscduabrvruycpppoonyz6tm posted outside time limit. (get_posts bluesky.py:39)
2026-08-10 05:40:11 [DEBUG]: Post created at: 2026-04-30 14:02:43 (get_posts bluesky.py:33)
2026-08-10 05:40:11 [INFO]: Post bafyreie2qsbv7gjgphjshteqeuzf4pe2dkr4cu3aty2a27kjai4swzebtq posted outside time limit. (get_posts bluesky.py:39)
2026-08-10 05:40:11 [DEBUG]: Post created at: 2026-04-22 14:53:48 (get_posts bluesky.py:33)
2026-08-10 05:40:11 [INFO]: Post bafyreicdui5gpvu6eri4oggsvvgxqb4rb3oy3l2ymmnmffpwz6t3oz2yne posted outside time limit. (get_posts bluesky.py:39)
2026-08-10 05:40:11 [DEBUG]: Post created at: 2026-04-15 13:40:00 (get_posts bluesky.py:33)
2026-08-10 05:40:11 [INFO]: Post bafyreidshdytdhy7f6q3a5yuchedy53verbugnulbbwvllnxofvzpze4re posted outside time limit. (get_posts bluesky.py:39)
2026-08-10 05:40:11 [DEBUG]: Post created at: 2026-04-13 16:38:02 (get_posts bluesky.py:33)
2026-08-10 05:40:11 [INFO]: Post bafyreiauh7o5v67ac256ngxkoqkqnio2e2kmdzdzzqt6vxq32td7gatkmy posted outside time limit. (get_posts bluesky.py:39)
2026-08-10 05:40:11 [DEBUG]: Post created at: 2026-04-10 13:14:36 (get_posts bluesky.py:33)
2026-08-10 05:40:11 [INFO]: Post bafyreifrh7fshwfax4ntkkzh4kal7hstv46kgxa4qlogxu7z7gjxr3ppgu posted outside time limit. (get_posts bluesky.py:39)
2026-08-10 05:40:11 [DEBUG]: Post created at: 2026-04-01 14:22:07 (get_posts bluesky.py:33)
2026-08-10 05:40:11 [INFO]: Post bafyreih2ht6th7xmwvmptcmfdfr5cbdgeavpps6jqyt6xysm37j34w6rge posted outside time limit. (get_posts bluesky.py:39)
2026-08-10 05:40:11 [DEBUG]: Post created at: 2026-03-26 14:42:37 (get_posts bluesky.py:33)
2026-08-10 05:40:11 [INFO]: Post bafyreicfxh453sypukedfr6mfj76tr6uz3osxwb3jfv5ywwecuvhbf267u posted outside time limit. (get_posts bluesky.py:39)
2026-08-10 05:40:11 [DEBUG]: Post created at: 2026-03-26 13:54:10 (get_posts bluesky.py:33)
2026-08-10 05:40:11 [INFO]: Post bafyreifuq22kydpi7ctnxtvy6zww2yzomvsrhq6x2dleqjas62m3p5zo3m posted outside time limit. (get_posts bluesky.py:39)
2026-08-10 05:40:11 [DEBUG]: Post created at: 2026-03-24 22:10:18 (get_posts bluesky.py:33)
2026-08-10 05:40:11 [INFO]: Post bafyreigv5zvvt4yc5xsxkjjliryumxazef75ib5hsmnhtibcncwxoxvnfm posted outside time limit. (get_posts bluesky.py:39)
2026-08-10 05:40:11 [DEBUG]: Post created at: 2026-03-19 14:44:04 (get_posts bluesky.py:33)
2026-08-10 05:40:11 [INFO]: Post bafyreif2f6qv2mgg6cd7amog5rhlfce6br7a6jwoygh7j5szpujkxbw7lq posted outside time limit. (get_posts bluesky.py:39)
2026-08-10 05:40:11 [DEBUG]: Post created at: 2026-03-11 15:06:56 (get_posts bluesky.py:33)
2026-08-10 05:40:11 [INFO]: Post bafyreicdvogziwifeeulpxdanjzw2hhz2x563zmhsulsol6cc2g4awgdzm posted outside time limit. (get_posts bluesky.py:39)
2026-08-10 05:40:11 [DEBUG]: Post created at: 2026-03-10 13:42:44 (get_posts bluesky.py:33)
2026-08-10 05:40:11 [INFO]: Post bafyreievqd6tqe2jmv27cfpq5qfipsop37wgy5tmnrxcgj5pg6c73ziqhe posted outside time limit. (get_posts bluesky.py:39)
2026-08-10 05:40:11 [DEBUG]: Post created at: 2026-02-27 13:14:55 (get_posts bluesky.py:33)
2026-08-10 05:40:11 [INFO]: Post bafyreihnhuuasms57pqkf7igt3c76hf6yngh75wdqpi2zsjqkyv33mn45e posted outside time limit. (get_posts bluesky.py:39)
2026-08-10 05:40:11 [DEBUG]: Post created at: 2026-02-24 16:23:10 (get_posts bluesky.py:33)
2026-08-10 05:40:11 [INFO]: Post bafyreide2tzdyz3qhqvp6dvacl4lo2xhv6sr6gx3jq6ogve525scwql7mi posted outside time limit. (get_posts bluesky.py:39)
2026-08-10 05:40:11 [DEBUG]: Post created at: 2026-02-18 15:42:15 (get_posts bluesky.py:33)
2026-08-10 05:40:11 [INFO]: Post bafyreierb4dlpinmyb7vig7fxqcvt3jgwebafz4bjndrkfzydb5hago4py posted outside time limit. (get_posts bluesky.py:39)
2026-08-10 05:40:11 [DEBUG]: Post created at: 2026-02-13 13:50:14 (get_posts bluesky.py:33)
2026-08-10 05:40:11 [INFO]: Post bafyreiaig2my7kiizjlekleu7edp5chbzu4tonydswkd7j4xawrrklnpea posted outside time limit. (get_posts bluesky.py:39)
2026-08-10 05:40:11 [DEBUG]: Post created at: 2026-02-11 15:17:23 (get_posts bluesky.py:33)
2026-08-10 05:40:11 [INFO]: Post bafyreiaggywu7xfcr3hdbey7tqklccqal2ixepuh6oxtqkyabjhrfpey5y posted outside time limit. (get_posts bluesky.py:39)
2026-08-10 05:40:11 [DEBUG]: Post created at: 2026-02-09 20:47:56 (get_posts bluesky.py:33)
2026-08-10 05:40:11 [INFO]: Post bafyreiegxryprnsav7l5m2duvjrdpuxmd62pglm6dfhladwumo6hb7n73m posted outside time limit. (get_posts bluesky.py:39)
2026-08-10 05:40:11 [DEBUG]: Post created at: 2026-02-04 21:31:32 (get_posts bluesky.py:33)
2026-08-10 05:40:11 [INFO]: Post bafyreiauk2lyeyl7tomeltjaadmgz4auvla2j6itigb2wsu6n52sqbwndu posted outside time limit. (get_posts bluesky.py:39)
2026-08-10 05:40:11 [DEBUG]: Post created at: 2026-02-03 15:53:41 (get_posts bluesky.py:33)
2026-08-10 05:40:11 [INFO]: Post bafyreidbfzjy6zmupb6yp2zrp77ulb7ejvdfu2lawhjkdhg7ekkfoyfzke posted outside time limit. (get_posts bluesky.py:39)
2026-08-10 05:40:11 [DEBUG]: Post created at: 2026-02-02 14:12:40 (get_posts bluesky.py:33)
2026-08-10 05:40:11 [INFO]: Post bafyreibs77nvnmgxegsi2a3q34gvw6gvtffjrta3mgvjmmxq6dagrlaprq posted outside time limit. (get_posts bluesky.py:39)
2026-08-10 05:40:11 [DEBUG]: Post created at: 2026-01-31 17:16:33 (get_posts bluesky.py:33)
2026-08-10 05:40:11 [INFO]: Post bafyreidu7qm22ionzyatpqfiuqfyiio3royiaf4beodokuiwns6f6cl53i posted outside time limit. (get_posts bluesky.py:39)
2026-08-10 05:40:11 [DEBUG]: Post created at: 2026-01-28 13:09:15 (get_posts bluesky.py:33)
2026-08-10 05:40:11 [INFO]: Post bafyreiagqnn3nlo5ftumr3kbsm6zji76ga24ki2373uhb3xxl4o6orajka posted outside time limit. (get_posts bluesky.py:39)
2026-08-10 05:40:11 [DEBUG]: Post created at: 2026-01-27 12:33:02 (get_posts bluesky.py:33)
2026-08-10 05:40:11 [INFO]: Post bafyreifuscbokcel27xngzhkrzopzkb632pmpljpmmbbure5jn5hevtsgq posted outside time limit. (get_posts bluesky.py:39)
2026-08-10 05:40:11 [DEBUG]: Post created at: 2026-01-22 14:21:10 (get_posts bluesky.py:33)
2026-08-10 05:40:11 [INFO]: Post bafyreiagapzgbtv5j2rsn573qr7o7kz73t74l7ypk2eyfahtf6sc5fdjsi posted outside time limit. (get_posts bluesky.py:39)
2026-08-10 05:40:11 [DEBUG]: Post created at: 2026-01-21 13:15:06 (get_posts bluesky.py:33)
2026-08-10 05:40:11 [INFO]: Post bafyreie6wukbdijlqzvjkk4ifh26mdphsaajw26hlqdkohpqcwhuvinmyq posted outside time limit. (get_posts bluesky.py:39)
2026-08-10 05:40:11 [DEBUG]: Post created at: 2026-01-16 16:05:12 (get_posts bluesky.py:33)
2026-08-10 05:40:11 [INFO]: Post bafyreicxzwxqthabj7pnlubsgptgkrsy3x7oxqkp3xahy6tv4gg5yqf2ju posted outside time limit. (get_posts bluesky.py:39)
2026-08-10 05:40:11 [DEBUG]: Post created at: 2026-01-12 13:15:19 (get_posts bluesky.py:33)
2026-08-10 05:40:11 [INFO]: Post bafyreibdn3xxyolwdpeqkewnnprrra2cgk5kbcxcbxywh4lkz3ulcilrqi posted outside time limit. (get_posts bluesky.py:39)
2026-08-10 05:40:11 [DEBUG]: Post created at: 2026-01-08 13:18:56 (get_posts bluesky.py:33)
2026-08-10 05:40:11 [INFO]: Post bafyreietgnh4gc7s4leq7bvqmrgmvznpshszycyy34rd4rnwavw5oghegy posted outside time limit. (get_posts bluesky.py:39)
2026-08-10 05:40:11 [DEBUG]: Post created at: 2025-12-29 13:08:03 (get_posts bluesky.py:33)
2026-08-10 05:40:11 [INFO]: Post bafyreid4dehmzir4jnany3gopw2xqocuxvcrs5fgjysjvzdyqst6gdaqdm posted outside time limit. (get_posts bluesky.py:39)
2026-08-10 05:40:11 [DEBUG]: Post created at: 2025-12-22 21:05:43 (get_posts bluesky.py:33)
2026-08-10 05:40:11 [INFO]: Post bafyreia4ptmpu6bn3etyypkc6dq3zupd4ryvt4ajc4gtsoig22py7c556m posted outside time limit. (get_posts bluesky.py:39)
2026-08-10 05:40:11 [DEBUG]: Post created at: 2025-12-15 13:06:43 (get_posts bluesky.py:33)
2026-08-10 05:40:11 [INFO]: Post bafyreieivxzhm6whsygjqjaagg2suk2kkcu4b6dcwhtre73y5gr7sskegi posted outside time limit. (get_posts bluesky.py:39)
2026-08-10 05:40:11 [WARNING]: No posts found from input. (get_posts fetch.py:18)
2026-08-10 07:57:06 [INFO]: Reading local database (read_db_file db.py:36)
2026-08-10 07:57:06 [INFO]: Reading cache of recent posts. (read_cache db.py:159)
2026-08-10 07:57:06 [INFO]: ./db/post.cache not found. (read_cache db.py:165)
2026-08-10 07:57:06 [INFO]: Connecting to Bluesky: None. (bsky_connect connections.py:58)
2026-08-10 07:57:07 [INFO]: Reading session cache (session_cache_read connections.py:111)
2026-08-10 07:57:07 [INFO]: Connecting to Bluesky using saved session. (bsky_connect connections.py:66)
2026-08-10 07:57:07 [INFO]: Session changed: (on_session_change connections.py:104)
2026-08-10 07:57:07 [INFO]: Session changed: (on_session_change connections.py:104)
2026-08-10 07:57:07 [INFO]: Saving changed session (on_session_change connections.py:106)
2026-08-10 07:57:07 [INFO]: Saving session cache (session_cache_write connections.py:120)
2026-08-10 07:57:07 [INFO]: Successfully logged in to Bluesky using saved session. (bsky_connect connections.py:68)
2026-08-10 07:57:07 [INFO]: Saving session cache (session_cache_write connections.py:120)
2026-08-10 07:57:07 [INFO]: Gathering posts from Bluesky (get_posts bluesky.py:18)
2026-08-10 07:57:07 [DEBUG]: Post created at: 2026-08-06 12:27:25 (get_posts bluesky.py:33)
2026-08-10 07:57:07 [INFO]: Post bafyreibx2vnv3hheqm2susm6rhiultlk6eaptkwbnjmhajzicwe22gfbjm posted outside time limit. (get_posts bluesky.py:39)
2026-08-10 07:57:07 [DEBUG]: Post created at: 2026-08-05 13:39:02 (get_posts bluesky.py:33)
2026-08-10 07:57:07 [INFO]: Post bafyreihtizm7ymakkbho3vywrcve77otdl2txadgxgoyrni5hseaisrszy posted outside time limit. (get_posts bluesky.py:39)
2026-08-10 07:57:07 [DEBUG]: Post created at: 2026-07-23 15:16:51 (get_posts bluesky.py:33)
2026-08-10 07:57:07 [INFO]: Post bafyreif6f2ek3doxuknizkn2jatdtqesoby5hz3wipn4vbnlm6aof6titm posted outside time limit. (get_posts bluesky.py:39)
2026-08-10 07:57:07 [DEBUG]: Post created at: 2026-07-22 15:15:36 (get_posts bluesky.py:33)
2026-08-10 07:57:07 [INFO]: Post bafyreigbxvo544aahrqrrukb3i2h6nnnjv73bddkd5gewt73b2fqovobui posted outside time limit. (get_posts bluesky.py:39)
2026-08-10 07:57:07 [DEBUG]: Post created at: 2026-07-20 12:33:32 (get_posts bluesky.py:33)
2026-08-10 07:57:07 [INFO]: Post bafyreibrtm3v3ucg73br5shdear4zmw4w5f33w5q2ulxbcrf4suakyhmpq posted outside time limit. (get_posts bluesky.py:39)
2026-08-10 07:57:07 [DEBUG]: Post created at: 2026-07-17 11:35:56 (get_posts bluesky.py:33)
2026-08-10 07:57:07 [INFO]: Post bafyreidtxvowahst6h6tvquj5g3uo26gjcgmkvggwg3e44pchoyq4unb4i posted outside time limit. (get_posts bluesky.py:39)
2026-08-10 07:57:07 [DEBUG]: Post created at: 2026-07-06 14:05:46 (get_posts bluesky.py:33)
2026-08-10 07:57:07 [INFO]: Post bafyreiblrulfzvgmmsltp3nywyhksmj4dr257fkhuhoquhhh4vkwr4zzsu posted outside time limit. (get_posts bluesky.py:39)
2026-08-10 07:57:07 [DEBUG]: Post created at: 2026-06-30 16:37:16 (get_posts bluesky.py:33)
2026-08-10 07:57:07 [INFO]: Post bafyreib46tjmeeqwcvj6wiw75b24fza7oug4heiy2ciuww366uibqrqsbe posted outside time limit. (get_posts bluesky.py:39)
2026-08-10 07:57:07 [DEBUG]: Post created at: 2026-06-24 11:17:45 (get_posts bluesky.py:33)
2026-08-10 07:57:07 [INFO]: Post bafyreidt2ygeayems7i7paeb24ig5l2v7lcmtfhrdi4uhrxfjm4thubecq posted outside time limit. (get_posts bluesky.py:39)
2026-08-10 07:57:07 [DEBUG]: Post created at: 2026-06-17 13:46:03 (get_posts bluesky.py:33)
2026-08-10 07:57:07 [INFO]: Post bafyreieekpu7ys5y3dujnzaoq62fikjxndci6yr6qzasdfictup376i3lq posted outside time limit. (get_posts bluesky.py:39)
2026-08-10 07:57:07 [DEBUG]: Post created at: 2026-06-02 18:05:16 (get_posts bluesky.py:33)
2026-08-10 07:57:07 [INFO]: Post bafyreibwhlbkkwktshb56dytljna7wlvy45dkdd7vqawv5xpvqd3btb5tu posted outside time limit. (get_posts bluesky.py:39)
2026-08-10 07:57:07 [DEBUG]: Post created at: 2026-05-28 12:42:25 (get_posts bluesky.py:33)
2026-08-10 07:57:07 [INFO]: Post bafyreigew3jv7boj7icxdil3sho3r5u6qnvgmiwkfvx5yszmyzbwuz7pwu posted outside time limit. (get_posts bluesky.py:39)
2026-08-10 07:57:07 [DEBUG]: Post created at: 2026-05-27 18:13:32 (get_posts bluesky.py:33)
2026-08-10 07:57:07 [INFO]: Post bafyreicomu6cn7rxnkk4gmfp235wbntlseyony4hstbw3m5ipnxjqzma54 posted outside time limit. (get_posts bluesky.py:39)
2026-08-10 07:57:07 [DEBUG]: Post created at: 2026-05-21 16:52:19 (get_posts bluesky.py:33)
2026-08-10 07:57:07 [INFO]: Post bafyreifgxpvh535rsbgturdrvuix3yrkwwzdxxfvmcif3tgn5ae46i25ca posted outside time limit. (get_posts bluesky.py:39)
2026-08-10 07:57:07 [DEBUG]: Post created at: 2026-05-18 11:38:35 (get_posts bluesky.py:33)
2026-08-10 07:57:07 [INFO]: Post bafyreif3vacnffmfmavpf7x2gwtddexvcrqmcetogbnzbca52sfygsnl3i posted outside time limit. (get_posts bluesky.py:39)
2026-08-10 07:57:07 [DEBUG]: Post created at: 2026-05-12 12:15:04 (get_posts bluesky.py:33)
2026-08-10 07:57:07 [INFO]: Post bafyreigir5vldhynmmhee7b5scolawrc2twgukmpbfvlrc66aqji4vlbbu posted outside time limit. (get_posts bluesky.py:39)
2026-08-10 07:57:07 [DEBUG]: Post created at: 2026-05-07 13:44:19 (get_posts bluesky.py:33)
2026-08-10 07:57:07 [INFO]: Post bafyreibmmqchdd5ocewgcdwj2zawtqsn5jlx7jumuqdij7nn6f77t3tpri posted outside time limit. (get_posts bluesky.py:39)
2026-08-10 07:57:07 [DEBUG]: Post created at: 2026-05-04 12:46:03 (get_posts bluesky.py:33)
2026-08-10 07:57:07 [INFO]: Post bafyreicpdt7qhotsxspx6lo4xl5rwzxeeanscduabrvruycpppoonyz6tm posted outside time limit. (get_posts bluesky.py:39)
2026-08-10 07:57:07 [DEBUG]: Post created at: 2026-04-30 14:02:43 (get_posts bluesky.py:33)
2026-08-10 07:57:07 [INFO]: Post bafyreie2qsbv7gjgphjshteqeuzf4pe2dkr4cu3aty2a27kjai4swzebtq posted outside time limit. (get_posts bluesky.py:39)
2026-08-10 07:57:07 [DEBUG]: Post created at: 2026-04-22 14:53:48 (get_posts bluesky.py:33)
2026-08-10 07:57:07 [INFO]: Post bafyreicdui5gpvu6eri4oggsvvgxqb4rb3oy3l2ymmnmffpwz6t3oz2yne posted outside time limit. (get_posts bluesky.py:39)
2026-08-10 07:57:07 [DEBUG]: Post created at: 2026-04-15 13:40:00 (get_posts bluesky.py:33)
2026-08-10 07:57:07 [INFO]: Post bafyreidshdytdhy7f6q3a5yuchedy53verbugnulbbwvllnxofvzpze4re posted outside time limit. (get_posts bluesky.py:39)
2026-08-10 07:57:07 [DEBUG]: Post created at: 2026-04-13 16:38:02 (get_posts bluesky.py:33)
2026-08-10 07:57:07 [INFO]: Post bafyreiauh7o5v67ac256ngxkoqkqnio2e2kmdzdzzqt6vxq32td7gatkmy posted outside time limit. (get_posts bluesky.py:39)
2026-08-10 07:57:07 [DEBUG]: Post created at: 2026-04-10 13:14:36 (get_posts bluesky.py:33)
2026-08-10 07:57:07 [INFO]: Post bafyreifrh7fshwfax4ntkkzh4kal7hstv46kgxa4qlogxu7z7gjxr3ppgu posted outside time limit. (get_posts bluesky.py:39)
2026-08-10 07:57:07 [DEBUG]: Post created at: 2026-04-01 14:22:07 (get_posts bluesky.py:33)
2026-08-10 07:57:07 [INFO]: Post bafyreih2ht6th7xmwvmptcmfdfr5cbdgeavpps6jqyt6xysm37j34w6rge posted outside time limit. (get_posts bluesky.py:39)
2026-08-10 07:57:07 [DEBUG]: Post created at: 2026-03-26 14:42:37 (get_posts bluesky.py:33)
2026-08-10 07:57:07 [INFO]: Post bafyreicfxh453sypukedfr6mfj76tr6uz3osxwb3jfv5ywwecuvhbf267u posted outside time limit. (get_posts bluesky.py:39)
2026-08-10 07:57:07 [DEBUG]: Post created at: 2026-03-26 13:54:10 (get_posts bluesky.py:33)
2026-08-10 07:57:07 [INFO]: Post bafyreifuq22kydpi7ctnxtvy6zww2yzomvsrhq6x2dleqjas62m3p5zo3m posted outside time limit. (get_posts bluesky.py:39)
2026-08-10 07:57:07 [DEBUG]: Post created at: 2026-03-24 22:10:18 (get_posts bluesky.py:33)
2026-08-10 07:57:07 [INFO]: Post bafyreigv5zvvt4yc5xsxkjjliryumxazef75ib5hsmnhtibcncwxoxvnfm posted outside time limit. (get_posts bluesky.py:39)
2026-08-10 07:57:07 [DEBUG]: Post created at: 2026-03-19 14:44:04 (get_posts bluesky.py:33)
2026-08-10 07:57:07 [INFO]: Post bafyreif2f6qv2mgg6cd7amog5rhlfce6br7a6jwoygh7j5szpujkxbw7lq posted outside time limit. (get_posts bluesky.py:39)
2026-08-10 07:57:07 [DEBUG]: Post created at: 2026-03-11 15:06:56 (get_posts bluesky.py:33)
2026-08-10 07:57:07 [INFO]: Post bafyreicdvogziwifeeulpxdanjzw2hhz2x563zmhsulsol6cc2g4awgdzm posted outside time limit. (get_posts bluesky.py:39)
2026-08-10 07:57:07 [DEBUG]: Post created at: 2026-03-10 13:42:44 (get_posts bluesky.py:33)
2026-08-10 07:57:07 [INFO]: Post bafyreievqd6tqe2jmv27cfpq5qfipsop37wgy5tmnrxcgj5pg6c73ziqhe posted outside time limit. (get_posts bluesky.py:39)
2026-08-10 07:57:07 [DEBUG]: Post created at: 2026-02-27 13:14:55 (get_posts bluesky.py:33)
2026-08-10 07:57:07 [INFO]: Post bafyreihnhuuasms57pqkf7igt3c76hf6yngh75wdqpi2zsjqkyv33mn45e posted outside time limit. (get_posts bluesky.py:39)
2026-08-10 07:57:07 [DEBUG]: Post created at: 2026-02-24 16:23:10 (get_posts bluesky.py:33)
2026-08-10 07:57:07 [INFO]: Post bafyreide2tzdyz3qhqvp6dvacl4lo2xhv6sr6gx3jq6ogve525scwql7mi posted outside time limit. (get_posts bluesky.py:39)
2026-08-10 07:57:07 [DEBUG]: Post created at: 2026-02-18 15:42:15 (get_posts bluesky.py:33)
2026-08-10 07:57:07 [INFO]: Post bafyreierb4dlpinmyb7vig7fxqcvt3jgwebafz4bjndrkfzydb5hago4py posted outside time limit. (get_posts bluesky.py:39)
2026-08-10 07:57:07 [DEBUG]: Post created at: 2026-02-13 13:50:14 (get_posts bluesky.py:33)
2026-08-10 07:57:07 [INFO]: Post bafyreiaig2my7kiizjlekleu7edp5chbzu4tonydswkd7j4xawrrklnpea posted outside time limit. (get_posts bluesky.py:39)
2026-08-10 07:57:07 [DEBUG]: Post created at: 2026-02-11 15:17:23 (get_posts bluesky.py:33)
2026-08-10 07:57:07 [INFO]: Post bafyreiaggywu7xfcr3hdbey7tqklccqal2ixepuh6oxtqkyabjhrfpey5y posted outside time limit. (get_posts bluesky.py:39)
2026-08-10 07:57:07 [DEBUG]: Post created at: 2026-02-09 20:47:56 (get_posts bluesky.py:33)
2026-08-10 07:57:07 [INFO]: Post bafyreiegxryprnsav7l5m2duvjrdpuxmd62pglm6dfhladwumo6hb7n73m posted outside time limit. (get_posts bluesky.py:39)
2026-08-10 07:57:07 [DEBUG]: Post created at: 2026-02-04 21:31:32 (get_posts bluesky.py:33)
2026-08-10 07:57:07 [INFO]: Post bafyreiauk2lyeyl7tomeltjaadmgz4auvla2j6itigb2wsu6n52sqbwndu posted outside time limit. (get_posts bluesky.py:39)
2026-08-10 07:57:07 [DEBUG]: Post created at: 2026-02-03 15:53:41 (get_posts bluesky.py:33)
2026-08-10 07:57:07 [INFO]: Post bafyreidbfzjy6zmupb6yp2zrp77ulb7ejvdfu2lawhjkdhg7ekkfoyfzke posted outside time limit. (get_posts bluesky.py:39)
2026-08-10 07:57:07 [DEBUG]: Post created at: 2026-02-02 14:12:40 (get_posts bluesky.py:33)
2026-08-10 07:57:07 [INFO]: Post bafyreibs77nvnmgxegsi2a3q34gvw6gvtffjrta3mgvjmmxq6dagrlaprq posted outside time limit. (get_posts bluesky.py:39)
2026-08-10 07:57:07 [DEBUG]: Post created at: 2026-01-31 17:16:33 (get_posts bluesky.py:33)
2026-08-10 07:57:07 [INFO]: Post bafyreidu7qm22ionzyatpqfiuqfyiio3royiaf4beodokuiwns6f6cl53i posted outside time limit. (get_posts bluesky.py:39)
2026-08-10 07:57:07 [DEBUG]: Post created at: 2026-01-28 13:09:15 (get_posts bluesky.py:33)
2026-08-10 07:57:07 [INFO]: Post bafyreiagqnn3nlo5ftumr3kbsm6zji76ga24ki2373uhb3xxl4o6orajka posted outside time limit. (get_posts bluesky.py:39)
2026-08-10 07:57:07 [DEBUG]: Post created at: 2026-01-27 12:33:02 (get_posts bluesky.py:33)
2026-08-10 07:57:07 [INFO]: Post bafyreifuscbokcel27xngzhkrzopzkb632pmpljpmmbbure5jn5hevtsgq posted outside time limit. (get_posts bluesky.py:39)
2026-08-10 07:57:07 [DEBUG]: Post created at: 2026-01-22 14:21:10 (get_posts bluesky.py:33)
2026-08-10 07:57:07 [INFO]: Post bafyreiagapzgbtv5j2rsn573qr7o7kz73t74l7ypk2eyfahtf6sc5fdjsi posted outside time limit. (get_posts bluesky.py:39)
2026-08-10 07:57:07 [DEBUG]: Post created at: 2026-01-21 13:15:06 (get_posts bluesky.py:33)
2026-08-10 07:57:07 [INFO]: Post bafyreie6wukbdijlqzvjkk4ifh26mdphsaajw26hlqdkohpqcwhuvinmyq posted outside time limit. (get_posts bluesky.py:39)
2026-08-10 07:57:07 [DEBUG]: Post created at: 2026-01-16 16:05:12 (get_posts bluesky.py:33)
2026-08-10 07:57:07 [INFO]: Post bafyreicxzwxqthabj7pnlubsgptgkrsy3x7oxqkp3xahy6tv4gg5yqf2ju posted outside time limit. (get_posts bluesky.py:39)
2026-08-10 07:57:07 [DEBUG]: Post created at: 2026-01-12 13:15:19 (get_posts bluesky.py:33)
2026-08-10 07:57:07 [INFO]: Post bafyreibdn3xxyolwdpeqkewnnprrra2cgk5kbcxcbxywh4lkz3ulcilrqi posted outside time limit. (get_posts bluesky.py:39)
2026-08-10 07:57:07 [DEBUG]: Post created at: 2026-01-08 13:18:56 (get_posts bluesky.py:33)
2026-08-10 07:57:07 [INFO]: Post bafyreietgnh4gc7s4leq7bvqmrgmvznpshszycyy34rd4rnwavw5oghegy posted outside time limit. (get_posts bluesky.py:39)
2026-08-10 07:57:07 [DEBUG]: Post created at: 2025-12-29 13:08:03 (get_posts bluesky.py:33)
2026-08-10 07:57:07 [INFO]: Post bafyreid4dehmzir4jnany3gopw2xqocuxvcrs5fgjysjvzdyqst6gdaqdm posted outside time limit. (get_posts bluesky.py:39)
2026-08-10 07:57:07 [DEBUG]: Post created at: 2025-12-22 21:05:43 (get_posts bluesky.py:33)
2026-08-10 07:57:07 [INFO]: Post bafyreia4ptmpu6bn3etyypkc6dq3zupd4ryvt4ajc4gtsoig22py7c556m posted outside time limit. (get_posts bluesky.py:39)
2026-08-10 07:57:07 [DEBUG]: Post created at: 2025-12-15 13:06:43 (get_posts bluesky.py:33)
2026-08-10 07:57:07 [INFO]: Post bafyreieivxzhm6whsygjqjaagg2suk2kkcu4b6dcwhtre73y5gr7sskegi posted outside time limit. (get_posts bluesky.py:39)
2026-08-10 07:57:07 [WARNING]: No posts found from input. (get_posts fetch.py:18)
2026-08-10 09:42:50 [INFO]: Reading local database (read_db_file db.py:36)
2026-08-10 09:42:50 [INFO]: Reading cache of recent posts. (read_cache db.py:159)
2026-08-10 09:42:50 [INFO]: ./db/post.cache not found. (read_cache db.py:165)
2026-08-10 09:42:50 [INFO]: Connecting to Bluesky: None. (bsky_connect connections.py:58)
2026-08-10 09:42:50 [INFO]: Reading session cache (session_cache_read connections.py:111)
2026-08-10 09:42:50 [INFO]: Connecting to Bluesky using saved session. (bsky_connect connections.py:66)
2026-08-10 09:42:50 [INFO]: Session changed: (on_session_change connections.py:104)
2026-08-10 09:42:51 [INFO]: Session changed: (on_session_change connections.py:104)
2026-08-10 09:42:51 [INFO]: Saving changed session (on_session_change connections.py:106)
2026-08-10 09:42:51 [INFO]: Saving session cache (session_cache_write connections.py:120)
2026-08-10 09:42:51 [INFO]: Successfully logged in to Bluesky using saved session. (bsky_connect connections.py:68)
2026-08-10 09:42:51 [INFO]: Saving session cache (session_cache_write connections.py:120)
2026-08-10 09:42:51 [INFO]: Gathering posts from Bluesky (get_posts bluesky.py:18)
2026-08-10 09:42:51 [DEBUG]: Post created at: 2026-08-06 12:27:25 (get_posts bluesky.py:33)
2026-08-10 09:42:51 [INFO]: Post bafyreibx2vnv3hheqm2susm6rhiultlk6eaptkwbnjmhajzicwe22gfbjm posted outside time limit. (get_posts bluesky.py:39)
2026-08-10 09:42:51 [DEBUG]: Post created at: 2026-08-05 13:39:02 (get_posts bluesky.py:33)
2026-08-10 09:42:51 [INFO]: Post bafyreihtizm7ymakkbho3vywrcve77otdl2txadgxgoyrni5hseaisrszy posted outside time limit. (get_posts bluesky.py:39)
2026-08-10 09:42:51 [DEBUG]: Post created at: 2026-07-23 15:16:51 (get_posts bluesky.py:33)
2026-08-10 09:42:51 [INFO]: Post bafyreif6f2ek3doxuknizkn2jatdtqesoby5hz3wipn4vbnlm6aof6titm posted outside time limit. (get_posts bluesky.py:39)
2026-08-10 09:42:51 [DEBUG]: Post created at: 2026-07-22 15:15:36 (get_posts bluesky.py:33)
2026-08-10 09:42:51 [INFO]: Post bafyreigbxvo544aahrqrrukb3i2h6nnnjv73bddkd5gewt73b2fqovobui posted outside time limit. (get_posts bluesky.py:39)
2026-08-10 09:42:51 [DEBUG]: Post created at: 2026-07-20 12:33:32 (get_posts bluesky.py:33)
2026-08-10 09:42:51 [INFO]: Post bafyreibrtm3v3ucg73br5shdear4zmw4w5f33w5q2ulxbcrf4suakyhmpq posted outside time limit. (get_posts bluesky.py:39)
2026-08-10 09:42:51 [DEBUG]: Post created at: 2026-07-17 11:35:56 (get_posts bluesky.py:33)
2026-08-10 09:42:51 [INFO]: Post bafyreidtxvowahst6h6tvquj5g3uo26gjcgmkvggwg3e44pchoyq4unb4i posted outside time limit. (get_posts bluesky.py:39)
2026-08-10 09:42:51 [DEBUG]: Post created at: 2026-07-06 14:05:46 (get_posts bluesky.py:33)
2026-08-10 09:42:51 [INFO]: Post bafyreiblrulfzvgmmsltp3nywyhksmj4dr257fkhuhoquhhh4vkwr4zzsu posted outside time limit. (get_posts bluesky.py:39)
2026-08-10 09:42:51 [DEBUG]: Post created at: 2026-06-30 16:37:16 (get_posts bluesky.py:33)
2026-08-10 09:42:51 [INFO]: Post bafyreib46tjmeeqwcvj6wiw75b24fza7oug4heiy2ciuww366uibqrqsbe posted outside time limit. (get_posts bluesky.py:39)
2026-08-10 09:42:51 [DEBUG]: Post created at: 2026-06-24 11:17:45 (get_posts bluesky.py:33)
2026-08-10 09:42:51 [INFO]: Post bafyreidt2ygeayems7i7paeb24ig5l2v7lcmtfhrdi4uhrxfjm4thubecq posted outside time limit. (get_posts bluesky.py:39)
2026-08-10 09:42:51 [DEBUG]: Post created at: 2026-06-17 13:46:03 (get_posts bluesky.py:33)
2026-08-10 09:42:51 [INFO]: Post bafyreieekpu7ys5y3dujnzaoq62fikjxndci6yr6qzasdfictup376i3lq posted outside time limit. (get_posts bluesky.py:39)
2026-08-10 09:42:51 [DEBUG]: Post created at: 2026-06-02 18:05:16 (get_posts bluesky.py:33)
2026-08-10 09:42:51 [INFO]: Post bafyreibwhlbkkwktshb56dytljna7wlvy45dkdd7vqawv5xpvqd3btb5tu posted outside time limit. (get_posts bluesky.py:39)
2026-08-10 09:42:51 [DEBUG]: Post created at: 2026-05-28 12:42:25 (get_posts bluesky.py:33)
2026-08-10 09:42:51 [INFO]: Post bafyreigew3jv7boj7icxdil3sho3r5u6qnvgmiwkfvx5yszmyzbwuz7pwu posted outside time limit. (get_posts bluesky.py:39)
2026-08-10 09:42:51 [DEBUG]: Post created at: 2026-05-27 18:13:32 (get_posts bluesky.py:33)
2026-08-10 09:42:51 [INFO]: Post bafyreicomu6cn7rxnkk4gmfp235wbntlseyony4hstbw3m5ipnxjqzma54 posted outside time limit. (get_posts bluesky.py:39)
2026-08-10 09:42:51 [DEBUG]: Post created at: 2026-05-21 16:52:19 (get_posts bluesky.py:33)
2026-08-10 09:42:51 [INFO]: Post bafyreifgxpvh535rsbgturdrvuix3yrkwwzdxxfvmcif3tgn5ae46i25ca posted outside time limit. (get_posts bluesky.py:39)
2026-08-10 09:42:51 [DEBUG]: Post created at: 2026-05-18 11:38:35 (get_posts bluesky.py:33)
2026-08-10 09:42:51 [INFO]: Post bafyreif3vacnffmfmavpf7x2gwtddexvcrqmcetogbnzbca52sfygsnl3i posted outside time limit. (get_posts bluesky.py:39)
2026-08-10 09:42:51 [DEBUG]: Post created at: 2026-05-12 12:15:04 (get_posts bluesky.py:33)
2026-08-10 09:42:51 [INFO]: Post bafyreigir5vldhynmmhee7b5scolawrc2twgukmpbfvlrc66aqji4vlbbu posted outside time limit. (get_posts bluesky.py:39)
2026-08-10 09:42:51 [DEBUG]: Post created at: 2026-05-07 13:44:19 (get_posts bluesky.py:33)
2026-08-10 09:42:51 [INFO]: Post bafyreibmmqchdd5ocewgcdwj2zawtqsn5jlx7jumuqdij7nn6f77t3tpri posted outside time limit. (get_posts bluesky.py:39)
2026-08-10 09:42:51 [DEBUG]: Post created at: 2026-05-04 12:46:03 (get_posts bluesky.py:33)
2026-08-10 09:42:51 [INFO]: Post bafyreicpdt7qhotsxspx6lo4xl5rwzxeeanscduabrvruycpppoonyz6tm posted outside time limit. (get_posts bluesky.py:39)
2026-08-10 09:42:51 [DEBUG]: Post created at: 2026-04-30 14:02:43 (get_posts bluesky.py:33)
2026-08-10 09:42:51 [INFO]: Post bafyreie2qsbv7gjgphjshteqeuzf4pe2dkr4cu3aty2a27kjai4swzebtq posted outside time limit. (get_posts bluesky.py:39)
2026-08-10 09:42:51 [DEBUG]: Post created at: 2026-04-22 14:53:48 (get_posts bluesky.py:33)
2026-08-10 09:42:51 [INFO]: Post bafyreicdui5gpvu6eri4oggsvvgxqb4rb3oy3l2ymmnmffpwz6t3oz2yne posted outside time limit. (get_posts bluesky.py:39)
2026-08-10 09:42:51 [DEBUG]: Post created at: 2026-04-15 13:40:00 (get_posts bluesky.py:33)
2026-08-10 09:42:51 [INFO]: Post bafyreidshdytdhy7f6q3a5yuchedy53verbugnulbbwvllnxofvzpze4re posted outside time limit. (get_posts bluesky.py:39)
2026-08-10 09:42:51 [DEBUG]: Post created at: 2026-04-13 16:38:02 (get_posts bluesky.py:33)
2026-08-10 09:42:51 [INFO]: Post bafyreiauh7o5v67ac256ngxkoqkqnio2e2kmdzdzzqt6vxq32td7gatkmy posted outside time limit. (get_posts bluesky.py:39)
2026-08-10 09:42:51 [DEBUG]: Post created at: 2026-04-10 13:14:36 (get_posts bluesky.py:33)
2026-08-10 09:42:51 [INFO]: Post bafyreifrh7fshwfax4ntkkzh4kal7hstv46kgxa4qlogxu7z7gjxr3ppgu posted outside time limit. (get_posts bluesky.py:39)
2026-08-10 09:42:51 [DEBUG]: Post created at: 2026-04-01 14:22:07 (get_posts bluesky.py:33)
2026-08-10 09:42:51 [INFO]: Post bafyreih2ht6th7xmwvmptcmfdfr5cbdgeavpps6jqyt6xysm37j34w6rge posted outside time limit. (get_posts bluesky.py:39)
2026-08-10 09:42:51 [DEBUG]: Post created at: 2026-03-26 14:42:37 (get_posts bluesky.py:33)
2026-08-10 09:42:51 [INFO]: Post bafyreicfxh453sypukedfr6mfj76tr6uz3osxwb3jfv5ywwecuvhbf267u posted outside time limit. (get_posts bluesky.py:39)
2026-08-10 09:42:51 [DEBUG]: Post created at: 2026-03-26 13:54:10 (get_posts bluesky.py:33)
2026-08-10 09:42:51 [INFO]: Post bafyreifuq22kydpi7ctnxtvy6zww2yzomvsrhq6x2dleqjas62m3p5zo3m posted outside time limit. (get_posts bluesky.py:39)
2026-08-10 09:42:51 [DEBUG]: Post created at: 2026-03-24 22:10:18 (get_posts bluesky.py:33)
2026-08-10 09:42:51 [INFO]: Post bafyreigv5zvvt4yc5xsxkjjliryumxazef75ib5hsmnhtibcncwxoxvnfm posted outside time limit. (get_posts bluesky.py:39)
2026-08-10 09:42:51 [DEBUG]: Post created at: 2026-03-19 14:44:04 (get_posts bluesky.py:33)
2026-08-10 09:42:51 [INFO]: Post bafyreif2f6qv2mgg6cd7amog5rhlfce6br7a6jwoygh7j5szpujkxbw7lq posted outside time limit. (get_posts bluesky.py:39)
2026-08-10 09:42:51 [DEBUG]: Post created at: 2026-03-11 15:06:56 (get_posts bluesky.py:33)
2026-08-10 09:42:51 [INFO]: Post bafyreicdvogziwifeeulpxdanjzw2hhz2x563zmhsulsol6cc2g4awgdzm posted outside time limit. (get_posts bluesky.py:39)
2026-08-10 09:42:51 [DEBUG]: Post created at: 2026-03-10 13:42:44 (get_posts bluesky.py:33)
2026-08-10 09:42:51 [INFO]: Post bafyreievqd6tqe2jmv27cfpq5qfipsop37wgy5tmnrxcgj5pg6c73ziqhe posted outside time limit. (get_posts bluesky.py:39)
2026-08-10 09:42:51 [DEBUG]: Post created at: 2026-02-27 13:14:55 (get_posts bluesky.py:33)
2026-08-10 09:42:51 [INFO]: Post bafyreihnhuuasms57pqkf7igt3c76hf6yngh75wdqpi2zsjqkyv33mn45e posted outside time limit. (get_posts bluesky.py:39)
2026-08-10 09:42:51 [DEBUG]: Post created at: 2026-02-24 16:23:10 (get_posts bluesky.py:33)
2026-08-10 09:42:51 [INFO]: Post bafyreide2tzdyz3qhqvp6dvacl4lo2xhv6sr6gx3jq6ogve525scwql7mi posted outside time limit. (get_posts bluesky.py:39)
2026-08-10 09:42:51 [DEBUG]: Post created at: 2026-02-18 15:42:15 (get_posts bluesky.py:33)
2026-08-10 09:42:51 [INFO]: Post bafyreierb4dlpinmyb7vig7fxqcvt3jgwebafz4bjndrkfzydb5hago4py posted outside time limit. (get_posts bluesky.py:39)
2026-08-10 09:42:51 [DEBUG]: Post created at: 2026-02-13 13:50:14 (get_posts bluesky.py:33)
2026-08-10 09:42:51 [INFO]: Post bafyreiaig2my7kiizjlekleu7edp5chbzu4tonydswkd7j4xawrrklnpea posted outside time limit. (get_posts bluesky.py:39)
2026-08-10 09:42:51 [DEBUG]: Post created at: 2026-02-11 15:17:23 (get_posts bluesky.py:33)
2026-08-10 09:42:51 [INFO]: Post bafyreiaggywu7xfcr3hdbey7tqklccqal2ixepuh6oxtqkyabjhrfpey5y posted outside time limit. (get_posts bluesky.py:39)
2026-08-10 09:42:51 [DEBUG]: Post created at: 2026-02-09 20:47:56 (get_posts bluesky.py:33)
2026-08-10 09:42:51 [INFO]: Post bafyreiegxryprnsav7l5m2duvjrdpuxmd62pglm6dfhladwumo6hb7n73m posted outside time limit. (get_posts bluesky.py:39)
2026-08-10 09:42:51 [DEBUG]: Post created at: 2026-02-04 21:31:32 (get_posts bluesky.py:33)
2026-08-10 09:42:51 [INFO]: Post bafyreiauk2lyeyl7tomeltjaadmgz4auvla2j6itigb2wsu6n52sqbwndu posted outside time limit. (get_posts bluesky.py:39)
2026-08-10 09:42:51 [DEBUG]: Post created at: 2026-02-03 15:53:41 (get_posts bluesky.py:33)
2026-08-10 09:42:51 [INFO]: Post bafyreidbfzjy6zmupb6yp2zrp77ulb7ejvdfu2lawhjkdhg7ekkfoyfzke posted outside time limit. (get_posts bluesky.py:39)
2026-08-10 09:42:51 [DEBUG]: Post created at: 2026-02-02 14:12:40 (get_posts bluesky.py:33)
2026-08-10 09:42:51 [INFO]: Post bafyreibs77nvnmgxegsi2a3q34gvw6gvtffjrta3mgvjmmxq6dagrlaprq posted outside time limit. (get_posts bluesky.py:39)
2026-08-10 09:42:51 [DEBUG]: Post created at: 2026-01-31 17:16:33 (get_posts bluesky.py:33)
2026-08-10 09:42:51 [INFO]: Post bafyreidu7qm22ionzyatpqfiuqfyiio3royiaf4beodokuiwns6f6cl53i posted outside time limit. (get_posts bluesky.py:39)
2026-08-10 09:42:51 [DEBUG]: Post created at: 2026-01-28 13:09:15 (get_posts bluesky.py:33)
2026-08-10 09:42:51 [INFO]: Post bafyreiagqnn3nlo5ftumr3kbsm6zji76ga24ki2373uhb3xxl4o6orajka posted outside time limit. (get_posts bluesky.py:39)
2026-08-10 09:42:51 [DEBUG]: Post created at: 2026-01-27 12:33:02 (get_posts bluesky.py:33)
2026-08-10 09:42:51 [INFO]: Post bafyreifuscbokcel27xngzhkrzopzkb632pmpljpmmbbure5jn5hevtsgq posted outside time limit. (get_posts bluesky.py:39)
2026-08-10 09:42:51 [DEBUG]: Post created at: 2026-01-22 14:21:10 (get_posts bluesky.py:33)
2026-08-10 09:42:51 [INFO]: Post bafyreiagapzgbtv5j2rsn573qr7o7kz73t74l7ypk2eyfahtf6sc5fdjsi posted outside time limit. (get_posts bluesky.py:39)
2026-08-10 09:42:51 [DEBUG]: Post created at: 2026-01-21 13:15:06 (get_posts bluesky.py:33)
2026-08-10 09:42:51 [INFO]: Post bafyreie6wukbdijlqzvjkk4ifh26mdphsaajw26hlqdkohpqcwhuvinmyq posted outside time limit. (get_posts bluesky.py:39)
2026-08-10 09:42:51 [DEBUG]: Post created at: 2026-01-16 16:05:12 (get_posts bluesky.py:33)
2026-08-10 09:42:51 [INFO]: Post bafyreicxzwxqthabj7pnlubsgptgkrsy3x7oxqkp3xahy6tv4gg5yqf2ju posted outside time limit. (get_posts bluesky.py:39)
2026-08-10 09:42:51 [DEBUG]: Post created at: 2026-01-12 13:15:19 (get_posts bluesky.py:33)
2026-08-10 09:42:51 [INFO]: Post bafyreibdn3xxyolwdpeqkewnnprrra2cgk5kbcxcbxywh4lkz3ulcilrqi posted outside time limit. (get_posts bluesky.py:39)
2026-08-10 09:42:51 [DEBUG]: Post created at: 2026-01-08 13:18:56 (get_posts bluesky.py:33)
2026-08-10 09:42:51 [INFO]: Post bafyreietgnh4gc7s4leq7bvqmrgmvznpshszycyy34rd4rnwavw5oghegy posted outside time limit. (get_posts bluesky.py:39)
2026-08-10 09:42:51 [DEBUG]: Post created at: 2025-12-29 13:08:03 (get_posts bluesky.py:33)
2026-08-10 09:42:51 [INFO]: Post bafyreid4dehmzir4jnany3gopw2xqocuxvcrs5fgjysjvzdyqst6gdaqdm posted outside time limit. (get_posts bluesky.py:39)
2026-08-10 09:42:51 [DEBUG]: Post created at: 2025-12-22 21:05:43 (get_posts bluesky.py:33)
2026-08-10 09:42:51 [INFO]: Post bafyreia4ptmpu6bn3etyypkc6dq3zupd4ryvt4ajc4gtsoig22py7c556m posted outside time limit. (get_posts bluesky.py:39)
2026-08-10 09:42:51 [DEBUG]: Post created at: 2025-12-15 13:06:43 (get_posts bluesky.py:33)
2026-08-10 09:42:51 [INFO]: Post bafyreieivxzhm6whsygjqjaagg2suk2kkcu4b6dcwhtre73y5gr7sskegi posted outside time limit. (get_posts bluesky.py:39)
2026-08-10 09:42:51 [WARNING]: No posts found from input. (get_posts fetch.py:18)
2026-08-10 11:15:06 [INFO]: Reading local database (read_db_file db.py:36)
2026-08-10 11:15:06 [INFO]: Reading cache of recent posts. (read_cache db.py:159)
2026-08-10 11:15:06 [INFO]: ./db/post.cache not found. (read_cache db.py:165)
2026-08-10 11:15:06 [INFO]: Connecting to Bluesky: None. (bsky_connect connections.py:58)
2026-08-10 11:15:06 [INFO]: Reading session cache (session_cache_read connections.py:111)
2026-08-10 11:15:06 [INFO]: Connecting to Bluesky using saved session. (bsky_connect connections.py:66)
2026-08-10 11:15:06 [INFO]: Session changed: (on_session_change connections.py:104)
2026-08-10 11:15:06 [INFO]: Successfully logged in to Bluesky using saved session. (bsky_connect connections.py:68)
2026-08-10 11:15:06 [INFO]: Saving session cache (session_cache_write connections.py:120)
2026-08-10 11:15:06 [INFO]: Gathering posts from Bluesky (get_posts bluesky.py:18)
2026-08-10 11:15:07 [DEBUG]: Post created at: 2026-08-06 12:27:25 (get_posts bluesky.py:33)
2026-08-10 11:15:07 [INFO]: Post bafyreibx2vnv3hheqm2susm6rhiultlk6eaptkwbnjmhajzicwe22gfbjm posted outside time limit. (get_posts bluesky.py:39)
2026-08-10 11:15:07 [DEBUG]: Post created at: 2026-08-05 13:39:02 (get_posts bluesky.py:33)
2026-08-10 11:15:07 [INFO]: Post bafyreihtizm7ymakkbho3vywrcve77otdl2txadgxgoyrni5hseaisrszy posted outside time limit. (get_posts bluesky.py:39)
2026-08-10 11:15:07 [DEBUG]: Post created at: 2026-07-23 15:16:51 (get_posts bluesky.py:33)
2026-08-10 11:15:07 [INFO]: Post bafyreif6f2ek3doxuknizkn2jatdtqesoby5hz3wipn4vbnlm6aof6titm posted outside time limit. (get_posts bluesky.py:39)
2026-08-10 11:15:07 [DEBUG]: Post created at: 2026-07-22 15:15:36 (get_posts bluesky.py:33)
2026-08-10 11:15:07 [INFO]: Post bafyreigbxvo544aahrqrrukb3i2h6nnnjv73bddkd5gewt73b2fqovobui posted outside time limit. (get_posts bluesky.py:39)
2026-08-10 11:15:07 [DEBUG]: Post created at: 2026-07-20 12:33:32 (get_posts bluesky.py:33)
2026-08-10 11:15:07 [INFO]: Post bafyreibrtm3v3ucg73br5shdear4zmw4w5f33w5q2ulxbcrf4suakyhmpq posted outside time limit. (get_posts bluesky.py:39)
2026-08-10 11:15:07 [DEBUG]: Post created at: 2026-07-17 11:35:56 (get_posts bluesky.py:33)
2026-08-10 11:15:07 [INFO]: Post bafyreidtxvowahst6h6tvquj5g3uo26gjcgmkvggwg3e44pchoyq4unb4i posted outside time limit. (get_posts bluesky.py:39)
2026-08-10 11:15:07 [DEBUG]: Post created at: 2026-07-06 14:05:46 (get_posts bluesky.py:33)
2026-08-10 11:15:07 [INFO]: Post bafyreiblrulfzvgmmsltp3nywyhksmj4dr257fkhuhoquhhh4vkwr4zzsu posted outside time limit. (get_posts bluesky.py:39)
2026-08-10 11:15:07 [DEBUG]: Post created at: 2026-06-30 16:37:16 (get_posts bluesky.py:33)
2026-08-10 11:15:07 [INFO]: Post bafyreib46tjmeeqwcvj6wiw75b24fza7oug4heiy2ciuww366uibqrqsbe posted outside time limit. (get_posts bluesky.py:39)
2026-08-10 11:15:07 [DEBUG]: Post created at: 2026-06-24 11:17:45 (get_posts bluesky.py:33)
2026-08-10 11:15:07 [INFO]: Post bafyreidt2ygeayems7i7paeb24ig5l2v7lcmtfhrdi4uhrxfjm4thubecq posted outside time limit. (get_posts bluesky.py:39)
2026-08-10 11:15:07 [DEBUG]: Post created at: 2026-06-17 13:46:03 (get_posts bluesky.py:33)
2026-08-10 11:15:07 [INFO]: Post bafyreieekpu7ys5y3dujnzaoq62fikjxndci6yr6qzasdfictup376i3lq posted outside time limit. (get_posts bluesky.py:39)
2026-08-10 11:15:07 [DEBUG]: Post created at: 2026-06-02 18:05:16 (get_posts bluesky.py:33)
2026-08-10 11:15:07 [INFO]: Post bafyreibwhlbkkwktshb56dytljna7wlvy45dkdd7vqawv5xpvqd3btb5tu posted outside time limit. (get_posts bluesky.py:39)
2026-08-10 11:15:07 [DEBUG]: Post created at: 2026-05-28 12:42:25 (get_posts bluesky.py:33)
2026-08-10 11:15:07 [INFO]: Post bafyreigew3jv7boj7icxdil3sho3r5u6qnvgmiwkfvx5yszmyzbwuz7pwu posted outside time limit. (get_posts bluesky.py:39)
2026-08-10 11:15:07 [DEBUG]: Post created at: 2026-05-27 18:13:32 (get_posts bluesky.py:33)
2026-08-10 11:15:07 [INFO]: Post bafyreicomu6cn7rxnkk4gmfp235wbntlseyony4hstbw3m5ipnxjqzma54 posted outside time limit. (get_posts bluesky.py:39)
2026-08-10 11:15:07 [DEBUG]: Post created at: 2026-05-21 16:52:19 (get_posts bluesky.py:33)
2026-08-10 11:15:07 [INFO]: Post bafyreifgxpvh535rsbgturdrvuix3yrkwwzdxxfvmcif3tgn5ae46i25ca posted outside time limit. (get_posts bluesky.py:39)
2026-08-10 11:15:07 [DEBUG]: Post created at: 2026-05-18 11:38:35 (get_posts bluesky.py:33)
2026-08-10 11:15:07 [INFO]: Post bafyreif3vacnffmfmavpf7x2gwtddexvcrqmcetogbnzbca52sfygsnl3i posted outside time limit. (get_posts bluesky.py:39)
2026-08-10 11:15:07 [DEBUG]: Post created at: 2026-05-12 12:15:04 (get_posts bluesky.py:33)
2026-08-10 11:15:07 [INFO]: Post bafyreigir5vldhynmmhee7b5scolawrc2twgukmpbfvlrc66aqji4vlbbu posted outside time limit. (get_posts bluesky.py:39)
2026-08-10 11:15:07 [DEBUG]: Post created at: 2026-05-07 13:44:19 (get_posts bluesky.py:33)
2026-08-10 11:15:07 [INFO]: Post bafyreibmmqchdd5ocewgcdwj2zawtqsn5jlx7jumuqdij7nn6f77t3tpri posted outside time limit. (get_posts bluesky.py:39)
2026-08-10 11:15:07 [DEBUG]: Post created at: 2026-05-04 12:46:03 (get_posts bluesky.py:33)
2026-08-10 11:15:07 [INFO]: Post bafyreicpdt7qhotsxspx6lo4xl5rwzxeeanscduabrvruycpppoonyz6tm posted outside time limit. (get_posts bluesky.py:39)
2026-08-10 11:15:07 [DEBUG]: Post created at: 2026-04-30 14:02:43 (get_posts bluesky.py:33)
2026-08-10 11:15:07 [INFO]: Post bafyreie2qsbv7gjgphjshteqeuzf4pe2dkr4cu3aty2a27kjai4swzebtq posted outside time limit. (get_posts bluesky.py:39)
2026-08-10 11:15:07 [DEBUG]: Post created at: 2026-04-22 14:53:48 (get_posts bluesky.py:33)
2026-08-10 11:15:07 [INFO]: Post bafyreicdui5gpvu6eri4oggsvvgxqb4rb3oy3l2ymmnmffpwz6t3oz2yne posted outside time limit. (get_posts bluesky.py:39)
2026-08-10 11:15:07 [DEBUG]: Post created at: 2026-04-15 13:40:00 (get_posts bluesky.py:33)
2026-08-10 11:15:07 [INFO]: Post bafyreidshdytdhy7f6q3a5yuchedy53verbugnulbbwvllnxofvzpze4re posted outside time limit. (get_posts bluesky.py:39)
2026-08-10 11:15:07 [DEBUG]: Post created at: 2026-04-13 16:38:02 (get_posts bluesky.py:33)
2026-08-10 11:15:07 [INFO]: Post bafyreiauh7o5v67ac256ngxkoqkqnio2e2kmdzdzzqt6vxq32td7gatkmy posted outside time limit. (get_posts bluesky.py:39)
2026-08-10 11:15:07 [DEBUG]: Post created at: 2026-04-10 13:14:36 (get_posts bluesky.py:33)
2026-08-10 11:15:07 [INFO]: Post bafyreifrh7fshwfax4ntkkzh4kal7hstv46kgxa4qlogxu7z7gjxr3ppgu posted outside time limit. (get_posts bluesky.py:39)
2026-08-10 11:15:07 [DEBUG]: Post created at: 2026-04-01 14:22:07 (get_posts bluesky.py:33)
2026-08-10 11:15:07 [INFO]: Post bafyreih2ht6th7xmwvmptcmfdfr5cbdgeavpps6jqyt6xysm37j34w6rge posted outside time limit. (get_posts bluesky.py:39)
2026-08-10 11:15:07 [DEBUG]: Post created at: 2026-03-26 14:42:37 (get_posts bluesky.py:33)
2026-08-10 11:15:07 [INFO]: Post bafyreicfxh453sypukedfr6mfj76tr6uz3osxwb3jfv5ywwecuvhbf267u posted outside time limit. (get_posts bluesky.py:39)
2026-08-10 11:15:07 [DEBUG]: Post created at: 2026-03-26 13:54:10 (get_posts bluesky.py:33)
2026-08-10 11:15:07 [INFO]: Post bafyreifuq22kydpi7ctnxtvy6zww2yzomvsrhq6x2dleqjas62m3p5zo3m posted outside time limit. (get_posts bluesky.py:39)
2026-08-10 11:15:07 [DEBUG]: Post created at: 2026-03-24 22:10:18 (get_posts bluesky.py:33)
2026-08-10 11:15:07 [INFO]: Post bafyreigv5zvvt4yc5xsxkjjliryumxazef75ib5hsmnhtibcncwxoxvnfm posted outside time limit. (get_posts bluesky.py:39)
2026-08-10 11:15:07 [DEBUG]: Post created at: 2026-03-19 14:44:04 (get_posts bluesky.py:33)
2026-08-10 11:15:07 [INFO]: Post bafyreif2f6qv2mgg6cd7amog5rhlfce6br7a6jwoygh7j5szpujkxbw7lq posted outside time limit. (get_posts bluesky.py:39)
2026-08-10 11:15:07 [DEBUG]: Post created at: 2026-03-11 15:06:56 (get_posts bluesky.py:33)
2026-08-10 11:15:07 [INFO]: Post bafyreicdvogziwifeeulpxdanjzw2hhz2x563zmhsulsol6cc2g4awgdzm posted outside time limit. (get_posts bluesky.py:39)
2026-08-10 11:15:07 [DEBUG]: Post created at: 2026-03-10 13:42:44 (get_posts bluesky.py:33)
2026-08-10 11:15:07 [INFO]: Post bafyreievqd6tqe2jmv27cfpq5qfipsop37wgy5tmnrxcgj5pg6c73ziqhe posted outside time limit. (get_posts bluesky.py:39)
2026-08-10 11:15:07 [DEBUG]: Post created at: 2026-02-27 13:14:55 (get_posts bluesky.py:33)
2026-08-10 11:15:07 [INFO]: Post bafyreihnhuuasms57pqkf7igt3c76hf6yngh75wdqpi2zsjqkyv33mn45e posted outside time limit. (get_posts bluesky.py:39)
2026-08-10 11:15:07 [DEBUG]: Post created at: 2026-02-24 16:23:10 (get_posts bluesky.py:33)
2026-08-10 11:15:07 [INFO]: Post bafyreide2tzdyz3qhqvp6dvacl4lo2xhv6sr6gx3jq6ogve525scwql7mi posted outside time limit. (get_posts bluesky.py:39)
2026-08-10 11:15:07 [DEBUG]: Post created at: 2026-02-18 15:42:15 (get_posts bluesky.py:33)
2026-08-10 11:15:07 [INFO]: Post bafyreierb4dlpinmyb7vig7fxqcvt3jgwebafz4bjndrkfzydb5hago4py posted outside time limit. (get_posts bluesky.py:39)
2026-08-10 11:15:07 [DEBUG]: Post created at: 2026-02-13 13:50:14 (get_posts bluesky.py:33)
2026-08-10 11:15:07 [INFO]: Post bafyreiaig2my7kiizjlekleu7edp5chbzu4tonydswkd7j4xawrrklnpea posted outside time limit. (get_posts bluesky.py:39)
2026-08-10 11:15:07 [DEBUG]: Post created at: 2026-02-11 15:17:23 (get_posts bluesky.py:33)
2026-08-10 11:15:07 [INFO]: Post bafyreiaggywu7xfcr3hdbey7tqklccqal2ixepuh6oxtqkyabjhrfpey5y posted outside time limit. (get_posts bluesky.py:39)
2026-08-10 11:15:07 [DEBUG]: Post created at: 2026-02-09 20:47:56 (get_posts bluesky.py:33)
2026-08-10 11:15:07 [INFO]: Post bafyreiegxryprnsav7l5m2duvjrdpuxmd62pglm6dfhladwumo6hb7n73m posted outside time limit. (get_posts bluesky.py:39)
2026-08-10 11:15:07 [DEBUG]: Post created at: 2026-02-04 21:31:32 (get_posts bluesky.py:33)
2026-08-10 11:15:07 [INFO]: Post bafyreiauk2lyeyl7tomeltjaadmgz4auvla2j6itigb2wsu6n52sqbwndu posted outside time limit. (get_posts bluesky.py:39)
2026-08-10 11:15:07 [DEBUG]: Post created at: 2026-02-03 15:53:41 (get_posts bluesky.py:33)
2026-08-10 11:15:07 [INFO]: Post bafyreidbfzjy6zmupb6yp2zrp77ulb7ejvdfu2lawhjkdhg7ekkfoyfzke posted outside time limit. (get_posts bluesky.py:39)
2026-08-10 11:15:07 [DEBUG]: Post created at: 2026-02-02 14:12:40 (get_posts bluesky.py:33)
2026-08-10 11:15:07 [INFO]: Post bafyreibs77nvnmgxegsi2a3q34gvw6gvtffjrta3mgvjmmxq6dagrlaprq posted outside time limit. (get_posts bluesky.py:39)
2026-08-10 11:15:07 [DEBUG]: Post created at: 2026-01-31 17:16:33 (get_posts bluesky.py:33)
2026-08-10 11:15:07 [INFO]: Post bafyreidu7qm22ionzyatpqfiuqfyiio3royiaf4beodokuiwns6f6cl53i posted outside time limit. (get_posts bluesky.py:39)
2026-08-10 11:15:07 [DEBUG]: Post created at: 2026-01-28 13:09:15 (get_posts bluesky.py:33)
2026-08-10 11:15:07 [INFO]: Post bafyreiagqnn3nlo5ftumr3kbsm6zji76ga24ki2373uhb3xxl4o6orajka posted outside time limit. (get_posts bluesky.py:39)
2026-08-10 11:15:07 [DEBUG]: Post created at: 2026-01-27 12:33:02 (get_posts bluesky.py:33)
2026-08-10 11:15:07 [INFO]: Post bafyreifuscbokcel27xngzhkrzopzkb632pmpljpmmbbure5jn5hevtsgq posted outside time limit. (get_posts bluesky.py:39)
2026-08-10 11:15:07 [DEBUG]: Post created at: 2026-01-22 14:21:10 (get_posts bluesky.py:33)
2026-08-10 11:15:07 [INFO]: Post bafyreiagapzgbtv5j2rsn573qr7o7kz73t74l7ypk2eyfahtf6sc5fdjsi posted outside time limit. (get_posts bluesky.py:39)
2026-08-10 11:15:07 [DEBUG]: Post created at: 2026-01-21 13:15:06 (get_posts bluesky.py:33)
2026-08-10 11:15:07 [INFO]: Post bafyreie6wukbdijlqzvjkk4ifh26mdphsaajw26hlqdkohpqcwhuvinmyq posted outside time limit. (get_posts bluesky.py:39)
2026-08-10 11:15:07 [DEBUG]: Post created at: 2026-01-16 16:05:12 (get_posts bluesky.py:33)
2026-08-10 11:15:07 [INFO]: Post bafyreicxzwxqthabj7pnlubsgptgkrsy3x7oxqkp3xahy6tv4gg5yqf2ju posted outside time limit. (get_posts bluesky.py:39)
2026-08-10 11:15:07 [DEBUG]: Post created at: 2026-01-12 13:15:19 (get_posts bluesky.py:33)
2026-08-10 11:15:07 [INFO]: Post bafyreibdn3xxyolwdpeqkewnnprrra2cgk5kbcxcbxywh4lkz3ulcilrqi posted outside time limit. (get_posts bluesky.py:39)
2026-08-10 11:15:07 [DEBUG]: Post created at: 2026-01-08 13:18:56 (get_posts bluesky.py:33)
2026-08-10 11:15:07 [INFO]: Post bafyreietgnh4gc7s4leq7bvqmrgmvznpshszycyy34rd4rnwavw5oghegy posted outside time limit. (get_posts bluesky.py:39)
2026-08-10 11:15:07 [DEBUG]: Post created at: 2025-12-29 13:08:03 (get_posts bluesky.py:33)
2026-08-10 11:15:07 [INFO]: Post bafyreid4dehmzir4jnany3gopw2xqocuxvcrs5fgjysjvzdyqst6gdaqdm posted outside time limit. (get_posts bluesky.py:39)
2026-08-10 11:15:07 [DEBUG]: Post created at: 2025-12-22 21:05:43 (get_posts bluesky.py:33)
2026-08-10 11:15:07 [INFO]: Post bafyreia4ptmpu6bn3etyypkc6dq3zupd4ryvt4ajc4gtsoig22py7c556m posted outside time limit. (get_posts bluesky.py:39)
2026-08-10 11:15:07 [DEBUG]: Post created at: 2025-12-15 13:06:43 (get_posts bluesky.py:33)
2026-08-10 11:15:07 [INFO]: Post bafyreieivxzhm6whsygjqjaagg2suk2kkcu4b6dcwhtre73y5gr7sskegi posted outside time limit. (get_posts bluesky.py:39)
2026-08-10 11:15:07 [WARNING]: No posts found from input. (get_posts fetch.py:18)
2026-08-10 13:26:46 [INFO]: Reading local database (read_db_file db.py:36)
2026-08-10 13:26:46 [INFO]: Reading cache of recent posts. (read_cache db.py:159)
2026-08-10 13:26:46 [INFO]: ./db/post.cache not found. (read_cache db.py:165)
2026-08-10 13:26:46 [INFO]: Connecting to Bluesky: None. (bsky_connect connections.py:58)
2026-08-10 13:26:46 [INFO]: Reading session cache (session_cache_read connections.py:111)
2026-08-10 13:26:46 [INFO]: Connecting to Bluesky using saved session. (bsky_connect connections.py:66)
2026-08-10 13:26:46 [INFO]: Session changed: (on_session_change connections.py:104)
2026-08-10 13:26:47 [INFO]: Session changed: (on_session_change connections.py:104)
2026-08-10 13:26:47 [INFO]: Saving changed session (on_session_change connections.py:106)
2026-08-10 13:26:47 [INFO]: Saving session cache (session_cache_write connections.py:120)
2026-08-10 13:26:47 [INFO]: Successfully logged in to Bluesky using saved session. (bsky_connect connections.py:68)
2026-08-10 13:26:47 [INFO]: Saving session cache (session_cache_write connections.py:120)
2026-08-10 13:26:47 [INFO]: Gathering posts from Bluesky (get_posts bluesky.py:18)
2026-08-10 13:26:47 [DEBUG]: Post created at: 2026-08-06 12:27:25 (get_posts bluesky.py:33)
2026-08-10 13:26:47 [INFO]: Post bafyreibx2vnv3hheqm2susm6rhiultlk6eaptkwbnjmhajzicwe22gfbjm posted outside time limit. (get_posts bluesky.py:39)
2026-08-10 13:26:47 [DEBUG]: Post created at: 2026-08-05 13:39:02 (get_posts bluesky.py:33)
2026-08-10 13:26:47 [INFO]: Post bafyreihtizm7ymakkbho3vywrcve77otdl2txadgxgoyrni5hseaisrszy posted outside time limit. (get_posts bluesky.py:39)
2026-08-10 13:26:47 [DEBUG]: Post created at: 2026-07-23 15:16:51 (get_posts bluesky.py:33)
2026-08-10 13:26:47 [INFO]: Post bafyreif6f2ek3doxuknizkn2jatdtqesoby5hz3wipn4vbnlm6aof6titm posted outside time limit. (get_posts bluesky.py:39)
2026-08-10 13:26:47 [DEBUG]: Post created at: 2026-07-22 15:15:36 (get_posts bluesky.py:33)
2026-08-10 13:26:47 [INFO]: Post bafyreigbxvo544aahrqrrukb3i2h6nnnjv73bddkd5gewt73b2fqovobui posted outside time limit. (get_posts bluesky.py:39)
2026-08-10 13:26:47 [DEBUG]: Post created at: 2026-07-20 12:33:32 (get_posts bluesky.py:33)
2026-08-10 13:26:47 [INFO]: Post bafyreibrtm3v3ucg73br5shdear4zmw4w5f33w5q2ulxbcrf4suakyhmpq posted outside time limit. (get_posts bluesky.py:39)
2026-08-10 13:26:47 [DEBUG]: Post created at: 2026-07-17 11:35:56 (get_posts bluesky.py:33)
2026-08-10 13:26:47 [INFO]: Post bafyreidtxvowahst6h6tvquj5g3uo26gjcgmkvggwg3e44pchoyq4unb4i posted outside time limit. (get_posts bluesky.py:39)
2026-08-10 13:26:47 [DEBUG]: Post created at: 2026-07-06 14:05:46 (get_posts bluesky.py:33)
2026-08-10 13:26:47 [INFO]: Post bafyreiblrulfzvgmmsltp3nywyhksmj4dr257fkhuhoquhhh4vkwr4zzsu posted outside time limit. (get_posts bluesky.py:39)
2026-08-10 13:26:47 [DEBUG]: Post created at: 2026-06-30 16:37:16 (get_posts bluesky.py:33)
2026-08-10 13:26:47 [INFO]: Post bafyreib46tjmeeqwcvj6wiw75b24fza7oug4heiy2ciuww366uibqrqsbe posted outside time limit. (get_posts bluesky.py:39)
2026-08-10 13:26:47 [DEBUG]: Post created at: 2026-06-24 11:17:45 (get_posts bluesky.py:33)
2026-08-10 13:26:47 [INFO]: Post bafyreidt2ygeayems7i7paeb24ig5l2v7lcmtfhrdi4uhrxfjm4thubecq posted outside time limit. (get_posts bluesky.py:39)
2026-08-10 13:26:47 [DEBUG]: Post created at: 2026-06-17 13:46:03 (get_posts bluesky.py:33)
2026-08-10 13:26:47 [INFO]: Post bafyreieekpu7ys5y3dujnzaoq62fikjxndci6yr6qzasdfictup376i3lq posted outside time limit. (get_posts bluesky.py:39)
2026-08-10 13:26:47 [DEBUG]: Post created at: 2026-06-02 18:05:16 (get_posts bluesky.py:33)
2026-08-10 13:26:47 [INFO]: Post bafyreibwhlbkkwktshb56dytljna7wlvy45dkdd7vqawv5xpvqd3btb5tu posted outside time limit. (get_posts bluesky.py:39)
2026-08-10 13:26:47 [DEBUG]: Post created at: 2026-05-28 12:42:25 (get_posts bluesky.py:33)
2026-08-10 13:26:47 [INFO]: Post bafyreigew3jv7boj7icxdil3sho3r5u6qnvgmiwkfvx5yszmyzbwuz7pwu posted outside time limit. (get_posts bluesky.py:39)
2026-08-10 13:26:47 [DEBUG]: Post created at: 2026-05-27 18:13:32 (get_posts bluesky.py:33)
2026-08-10 13:26:47 [INFO]: Post bafyreicomu6cn7rxnkk4gmfp235wbntlseyony4hstbw3m5ipnxjqzma54 posted outside time limit. (get_posts bluesky.py:39)
2026-08-10 13:26:47 [DEBUG]: Post created at: 2026-05-21 16:52:19 (get_posts bluesky.py:33)
2026-08-10 13:26:47 [INFO]: Post bafyreifgxpvh535rsbgturdrvuix3yrkwwzdxxfvmcif3tgn5ae46i25ca posted outside time limit. (get_posts bluesky.py:39)
2026-08-10 13:26:47 [DEBUG]: Post created at: 2026-05-18 11:38:35 (get_posts bluesky.py:33)
2026-08-10 13:26:47 [INFO]: Post bafyreif3vacnffmfmavpf7x2gwtddexvcrqmcetogbnzbca52sfygsnl3i posted outside time limit. (get_posts bluesky.py:39)
2026-08-10 13:26:47 [DEBUG]: Post created at: 2026-05-12 12:15:04 (get_posts bluesky.py:33)
2026-08-10 13:26:47 [INFO]: Post bafyreigir5vldhynmmhee7b5scolawrc2twgukmpbfvlrc66aqji4vlbbu posted outside time limit. (get_posts bluesky.py:39)
2026-08-10 13:26:47 [DEBUG]: Post created at: 2026-05-07 13:44:19 (get_posts bluesky.py:33)
2026-08-10 13:26:47 [INFO]: Post bafyreibmmqchdd5ocewgcdwj2zawtqsn5jlx7jumuqdij7nn6f77t3tpri posted outside time limit. (get_posts bluesky.py:39)
2026-08-10 13:26:47 [DEBUG]: Post created at: 2026-05-04 12:46:03 (get_posts bluesky.py:33)
2026-08-10 13:26:47 [INFO]: Post bafyreicpdt7qhotsxspx6lo4xl5rwzxeeanscduabrvruycpppoonyz6tm posted outside time limit. (get_posts bluesky.py:39)
2026-08-10 13:26:47 [DEBUG]: Post created at: 2026-04-30 14:02:43 (get_posts bluesky.py:33)
2026-08-10 13:26:47 [INFO]: Post bafyreie2qsbv7gjgphjshteqeuzf4pe2dkr4cu3aty2a27kjai4swzebtq posted outside time limit. (get_posts bluesky.py:39)
2026-08-10 13:26:47 [DEBUG]: Post created at: 2026-04-22 14:53:48 (get_posts bluesky.py:33)
2026-08-10 13:26:47 [INFO]: Post bafyreicdui5gpvu6eri4oggsvvgxqb4rb3oy3l2ymmnmffpwz6t3oz2yne posted outside time limit. (get_posts bluesky.py:39)
2026-08-10 13:26:47 [DEBUG]: Post created at: 2026-04-15 13:40:00 (get_posts bluesky.py:33)
2026-08-10 13:26:47 [INFO]: Post bafyreidshdytdhy7f6q3a5yuchedy53verbugnulbbwvllnxofvzpze4re posted outside time limit. (get_posts bluesky.py:39)
2026-08-10 13:26:47 [DEBUG]: Post created at: 2026-04-13 16:38:02 (get_posts bluesky.py:33)
2026-08-10 13:26:47 [INFO]: Post bafyreiauh7o5v67ac256ngxkoqkqnio2e2kmdzdzzqt6vxq32td7gatkmy posted outside time limit. (get_posts bluesky.py:39)
2026-08-10 13:26:47 [DEBUG]: Post created at: 2026-04-10 13:14:36 (get_posts bluesky.py:33)
2026-08-10 13:26:47 [INFO]: Post bafyreifrh7fshwfax4ntkkzh4kal7hstv46kgxa4qlogxu7z7gjxr3ppgu posted outside time limit. (get_posts bluesky.py:39)
2026-08-10 13:26:47 [DEBUG]: Post created at: 2026-04-01 14:22:07 (get_posts bluesky.py:33)
2026-08-10 13:26:47 [INFO]: Post bafyreih2ht6th7xmwvmptcmfdfr5cbdgeavpps6jqyt6xysm37j34w6rge posted outside time limit. (get_posts bluesky.py:39)
2026-08-10 13:26:47 [DEBUG]: Post created at: 2026-03-26 14:42:37 (get_posts bluesky.py:33)
2026-08-10 13:26:47 [INFO]: Post bafyreicfxh453sypukedfr6mfj76tr6uz3osxwb3jfv5ywwecuvhbf267u posted outside time limit. (get_posts bluesky.py:39)
2026-08-10 13:26:47 [DEBUG]: Post created at: 2026-03-26 13:54:10 (get_posts bluesky.py:33)
2026-08-10 13:26:47 [INFO]: Post bafyreifuq22kydpi7ctnxtvy6zww2yzomvsrhq6x2dleqjas62m3p5zo3m posted outside time limit. (get_posts bluesky.py:39)
2026-08-10 13:26:47 [DEBUG]: Post created at: 2026-03-24 22:10:18 (get_posts bluesky.py:33)
2026-08-10 13:26:47 [INFO]: Post bafyreigv5zvvt4yc5xsxkjjliryumxazef75ib5hsmnhtibcncwxoxvnfm posted outside time limit. (get_posts bluesky.py:39)
2026-08-10 13:26:47 [DEBUG]: Post created at: 2026-03-19 14:44:04 (get_posts bluesky.py:33)
2026-08-10 13:26:47 [INFO]: Post bafyreif2f6qv2mgg6cd7amog5rhlfce6br7a6jwoygh7j5szpujkxbw7lq posted outside time limit. (get_posts bluesky.py:39)
2026-08-10 13:26:47 [DEBUG]: Post created at: 2026-03-11 15:06:56 (get_posts bluesky.py:33)
2026-08-10 13:26:47 [INFO]: Post bafyreicdvogziwifeeulpxdanjzw2hhz2x563zmhsulsol6cc2g4awgdzm posted outside time limit. (get_posts bluesky.py:39)
2026-08-10 13:26:47 [DEBUG]: Post created at: 2026-03-10 13:42:44 (get_posts bluesky.py:33)
2026-08-10 13:26:47 [INFO]: Post bafyreievqd6tqe2jmv27cfpq5qfipsop37wgy5tmnrxcgj5pg6c73ziqhe posted outside time limit. (get_posts bluesky.py:39)
2026-08-10 13:26:47 [DEBUG]: Post created at: 2026-02-27 13:14:55 (get_posts bluesky.py:33)
2026-08-10 13:26:47 [INFO]: Post bafyreihnhuuasms57pqkf7igt3c76hf6yngh75wdqpi2zsjqkyv33mn45e posted outside time limit. (get_posts bluesky.py:39)
2026-08-10 13:26:47 [DEBUG]: Post created at: 2026-02-24 16:23:10 (get_posts bluesky.py:33)
2026-08-10 13:26:47 [INFO]: Post bafyreide2tzdyz3qhqvp6dvacl4lo2xhv6sr6gx3jq6ogve525scwql7mi posted outside time limit. (get_posts bluesky.py:39)
2026-08-10 13:26:47 [DEBUG]: Post created at: 2026-02-18 15:42:15 (get_posts bluesky.py:33)
2026-08-10 13:26:47 [INFO]: Post bafyreierb4dlpinmyb7vig7fxqcvt3jgwebafz4bjndrkfzydb5hago4py posted outside time limit. (get_posts bluesky.py:39)
2026-08-10 13:26:47 [DEBUG]: Post created at: 2026-02-13 13:50:14 (get_posts bluesky.py:33)
2026-08-10 13:26:47 [INFO]: Post bafyreiaig2my7kiizjlekleu7edp5chbzu4tonydswkd7j4xawrrklnpea posted outside time limit. (get_posts bluesky.py:39)
2026-08-10 13:26:47 [DEBUG]: Post created at: 2026-02-11 15:17:23 (get_posts bluesky.py:33)
2026-08-10 13:26:47 [INFO]: Post bafyreiaggywu7xfcr3hdbey7tqklccqal2ixepuh6oxtqkyabjhrfpey5y posted outside time limit. (get_posts bluesky.py:39)
2026-08-10 13:26:47 [DEBUG]: Post created at: 2026-02-09 20:47:56 (get_posts bluesky.py:33)
2026-08-10 13:26:47 [INFO]: Post bafyreiegxryprnsav7l5m2duvjrdpuxmd62pglm6dfhladwumo6hb7n73m posted outside time limit. (get_posts bluesky.py:39)
2026-08-10 13:26:47 [DEBUG]: Post created at: 2026-02-04 21:31:32 (get_posts bluesky.py:33)
2026-08-10 13:26:47 [INFO]: Post bafyreiauk2lyeyl7tomeltjaadmgz4auvla2j6itigb2wsu6n52sqbwndu posted outside time limit. (get_posts bluesky.py:39)
2026-08-10 13:26:47 [DEBUG]: Post created at: 2026-02-03 15:53:41 (get_posts bluesky.py:33)
2026-08-10 13:26:47 [INFO]: Post bafyreidbfzjy6zmupb6yp2zrp77ulb7ejvdfu2lawhjkdhg7ekkfoyfzke posted outside time limit. (get_posts bluesky.py:39)
2026-08-10 13:26:47 [DEBUG]: Post created at: 2026-02-02 14:12:40 (get_posts bluesky.py:33)
2026-08-10 13:26:47 [INFO]: Post bafyreibs77nvnmgxegsi2a3q34gvw6gvtffjrta3mgvjmmxq6dagrlaprq posted outside time limit. (get_posts bluesky.py:39)
2026-08-10 13:26:47 [DEBUG]: Post created at: 2026-01-31 17:16:33 (get_posts bluesky.py:33)
2026-08-10 13:26:47 [INFO]: Post bafyreidu7qm22ionzyatpqfiuqfyiio3royiaf4beodokuiwns6f6cl53i posted outside time limit. (get_posts bluesky.py:39)
2026-08-10 13:26:47 [DEBUG]: Post created at: 2026-01-28 13:09:15 (get_posts bluesky.py:33)
2026-08-10 13:26:47 [INFO]: Post bafyreiagqnn3nlo5ftumr3kbsm6zji76ga24ki2373uhb3xxl4o6orajka posted outside time limit. (get_posts bluesky.py:39)
2026-08-10 13:26:47 [DEBUG]: Post created at: 2026-01-27 12:33:02 (get_posts bluesky.py:33)
2026-08-10 13:26:47 [INFO]: Post bafyreifuscbokcel27xngzhkrzopzkb632pmpljpmmbbure5jn5hevtsgq posted outside time limit. (get_posts bluesky.py:39)
2026-08-10 13:26:47 [DEBUG]: Post created at: 2026-01-22 14:21:10 (get_posts bluesky.py:33)
2026-08-10 13:26:47 [INFO]: Post bafyreiagapzgbtv5j2rsn573qr7o7kz73t74l7ypk2eyfahtf6sc5fdjsi posted outside time limit. (get_posts bluesky.py:39)
2026-08-10 13:26:47 [DEBUG]: Post created at: 2026-01-21 13:15:06 (get_posts bluesky.py:33)
2026-08-10 13:26:47 [INFO]: Post bafyreie6wukbdijlqzvjkk4ifh26mdphsaajw26hlqdkohpqcwhuvinmyq posted outside time limit. (get_posts bluesky.py:39)
2026-08-10 13:26:47 [DEBUG]: Post created at: 2026-01-16 16:05:12 (get_posts bluesky.py:33)
2026-08-10 13:26:47 [INFO]: Post bafyreicxzwxqthabj7pnlubsgptgkrsy3x7oxqkp3xahy6tv4gg5yqf2ju posted outside time limit. (get_posts bluesky.py:39)
2026-08-10 13:26:47 [DEBUG]: Post created at: 2026-01-12 13:15:19 (get_posts bluesky.py:33)
2026-08-10 13:26:47 [INFO]: Post bafyreibdn3xxyolwdpeqkewnnprrra2cgk5kbcxcbxywh4lkz3ulcilrqi posted outside time limit. (get_posts bluesky.py:39)
2026-08-10 13:26:47 [DEBUG]: Post created at: 2026-01-08 13:18:56 (get_posts bluesky.py:33)
2026-08-10 13:26:47 [INFO]: Post bafyreietgnh4gc7s4leq7bvqmrgmvznpshszycyy34rd4rnwavw5oghegy posted outside time limit. (get_posts bluesky.py:39)
2026-08-10 13:26:47 [DEBUG]: Post created at: 2025-12-29 13:08:03 (get_posts bluesky.py:33)
2026-08-10 13:26:47 [INFO]: Post bafyreid4dehmzir4jnany3gopw2xqocuxvcrs5fgjysjvzdyqst6gdaqdm posted outside time limit. (get_posts bluesky.py:39)
2026-08-10 13:26:47 [DEBUG]: Post created at: 2025-12-22 21:05:43 (get_posts bluesky.py:33)
2026-08-10 13:26:47 [INFO]: Post bafyreia4ptmpu6bn3etyypkc6dq3zupd4ryvt4ajc4gtsoig22py7c556m posted outside time limit. (get_posts bluesky.py:39)
2026-08-10 13:26:47 [DEBUG]: Post created at: 2025-12-15 13:06:43 (get_posts bluesky.py:33)
2026-08-10 13:26:47 [INFO]: Post bafyreieivxzhm6whsygjqjaagg2suk2kkcu4b6dcwhtre73y5gr7sskegi posted outside time limit. (get_posts bluesky.py:39)
2026-08-10 13:26:47 [WARNING]: No posts found from input. (get_posts fetch.py:18)
2026-08-10 15:07:07 [INFO]: Reading local database (read_db_file db.py:36)
2026-08-10 15:07:07 [INFO]: Reading cache of recent posts. (read_cache db.py:159)
2026-08-10 15:07:07 [INFO]: ./db/post.cache not found. (read_cache db.py:165)
2026-08-10 15:07:07 [INFO]: Connecting to Bluesky: None. (bsky_connect connections.py:58)
2026-08-10 15:07:07 [INFO]: Reading session cache (session_cache_read connections.py:111)
2026-08-10 15:07:07 [INFO]: Connecting to Bluesky using saved session. (bsky_connect connections.py:66)
2026-08-10 15:07:07 [INFO]: Session changed: (on_session_change connections.py:104)
2026-08-10 15:07:08 [INFO]: Successfully logged in to Bluesky using saved session. (bsky_connect connections.py:68)
2026-08-10 15:07:08 [INFO]: Saving session cache (session_cache_write connections.py:120)
2026-08-10 15:07:08 [INFO]: Gathering posts from Bluesky (get_posts bluesky.py:18)
2026-08-10 15:07:08 [DEBUG]: Post created at: 2026-08-06 12:27:25 (get_posts bluesky.py:33)
2026-08-10 15:07:08 [INFO]: Post bafyreibx2vnv3hheqm2susm6rhiultlk6eaptkwbnjmhajzicwe22gfbjm posted outside time limit. (get_posts bluesky.py:39)
2026-08-10 15:07:08 [DEBUG]: Post created at: 2026-08-05 13:39:02 (get_posts bluesky.py:33)
2026-08-10 15:07:08 [INFO]: Post bafyreihtizm7ymakkbho3vywrcve77otdl2txadgxgoyrni5hseaisrszy posted outside time limit. (get_posts bluesky.py:39)
2026-08-10 15:07:08 [DEBUG]: Post created at: 2026-07-23 15:16:51 (get_posts bluesky.py:33)
2026-08-10 15:07:08 [INFO]: Post bafyreif6f2ek3doxuknizkn2jatdtqesoby5hz3wipn4vbnlm6aof6titm posted outside time limit. (get_posts bluesky.py:39)
2026-08-10 15:07:08 [DEBUG]: Post created at: 2026-07-22 15:15:36 (get_posts bluesky.py:33)
2026-08-10 15:07:08 [INFO]: Post bafyreigbxvo544aahrqrrukb3i2h6nnnjv73bddkd5gewt73b2fqovobui posted outside time limit. (get_posts bluesky.py:39)
2026-08-10 15:07:08 [DEBUG]: Post created at: 2026-07-20 12:33:32 (get_posts bluesky.py:33)
2026-08-10 15:07:08 [INFO]: Post bafyreibrtm3v3ucg73br5shdear4zmw4w5f33w5q2ulxbcrf4suakyhmpq posted outside time limit. (get_posts bluesky.py:39)
2026-08-10 15:07:08 [DEBUG]: Post created at: 2026-07-17 11:35:56 (get_posts bluesky.py:33)
2026-08-10 15:07:08 [INFO]: Post bafyreidtxvowahst6h6tvquj5g3uo26gjcgmkvggwg3e44pchoyq4unb4i posted outside time limit. (get_posts bluesky.py:39)
2026-08-10 15:07:08 [DEBUG]: Post created at: 2026-07-06 14:05:46 (get_posts bluesky.py:33)
2026-08-10 15:07:08 [INFO]: Post bafyreiblrulfzvgmmsltp3nywyhksmj4dr257fkhuhoquhhh4vkwr4zzsu posted outside time limit. (get_posts bluesky.py:39)
2026-08-10 15:07:08 [DEBUG]: Post created at: 2026-06-30 16:37:16 (get_posts bluesky.py:33)
2026-08-10 15:07:08 [INFO]: Post bafyreib46tjmeeqwcvj6wiw75b24fza7oug4heiy2ciuww366uibqrqsbe posted outside time limit. (get_posts bluesky.py:39)
2026-08-10 15:07:08 [DEBUG]: Post created at: 2026-06-24 11:17:45 (get_posts bluesky.py:33)
2026-08-10 15:07:08 [INFO]: Post bafyreidt2ygeayems7i7paeb24ig5l2v7lcmtfhrdi4uhrxfjm4thubecq posted outside time limit. (get_posts bluesky.py:39)
2026-08-10 15:07:08 [DEBUG]: Post created at: 2026-06-17 13:46:03 (get_posts bluesky.py:33)
2026-08-10 15:07:08 [INFO]: Post bafyreieekpu7ys5y3dujnzaoq62fikjxndci6yr6qzasdfictup376i3lq posted outside time limit. (get_posts bluesky.py:39)
2026-08-10 15:07:08 [DEBUG]: Post created at: 2026-06-02 18:05:16 (get_posts bluesky.py:33)
2026-08-10 15:07:08 [INFO]: Post bafyreibwhlbkkwktshb56dytljna7wlvy45dkdd7vqawv5xpvqd3btb5tu posted outside time limit. (get_posts bluesky.py:39)
2026-08-10 15:07:08 [DEBUG]: Post created at: 2026-05-28 12:42:25 (get_posts bluesky.py:33)
2026-08-10 15:07:08 [INFO]: Post bafyreigew3jv7boj7icxdil3sho3r5u6qnvgmiwkfvx5yszmyzbwuz7pwu posted outside time limit. (get_posts bluesky.py:39)
2026-08-10 15:07:08 [DEBUG]: Post created at: 2026-05-27 18:13:32 (get_posts bluesky.py:33)
2026-08-10 15:07:08 [INFO]: Post bafyreicomu6cn7rxnkk4gmfp235wbntlseyony4hstbw3m5ipnxjqzma54 posted outside time limit. (get_posts bluesky.py:39)
2026-08-10 15:07:08 [DEBUG]: Post created at: 2026-05-21 16:52:19 (get_posts bluesky.py:33)
2026-08-10 15:07:08 [INFO]: Post bafyreifgxpvh535rsbgturdrvuix3yrkwwzdxxfvmcif3tgn5ae46i25ca posted outside time limit. (get_posts bluesky.py:39)
2026-08-10 15:07:08 [DEBUG]: Post created at: 2026-05-18 11:38:35 (get_posts bluesky.py:33)
2026-08-10 15:07:08 [INFO]: Post bafyreif3vacnffmfmavpf7x2gwtddexvcrqmcetogbnzbca52sfygsnl3i posted outside time limit. (get_posts bluesky.py:39)
2026-08-10 15:07:08 [DEBUG]: Post created at: 2026-05-12 12:15:04 (get_posts bluesky.py:33)
2026-08-10 15:07:08 [INFO]: Post bafyreigir5vldhynmmhee7b5scolawrc2twgukmpbfvlrc66aqji4vlbbu posted outside time limit. (get_posts bluesky.py:39)
2026-08-10 15:07:08 [DEBUG]: Post created at: 2026-05-07 13:44:19 (get_posts bluesky.py:33)
2026-08-10 15:07:08 [INFO]: Post bafyreibmmqchdd5ocewgcdwj2zawtqsn5jlx7jumuqdij7nn6f77t3tpri posted outside time limit. (get_posts bluesky.py:39)
2026-08-10 15:07:08 [DEBUG]: Post created at: 2026-05-04 12:46:03 (get_posts bluesky.py:33)
2026-08-10 15:07:08 [INFO]: Post bafyreicpdt7qhotsxspx6lo4xl5rwzxeeanscduabrvruycpppoonyz6tm posted outside time limit. (get_posts bluesky.py:39)
2026-08-10 15:07:08 [DEBUG]: Post created at: 2026-04-30 14:02:43 (get_posts bluesky.py:33)
2026-08-10 15:07:08 [INFO]: Post bafyreie2qsbv7gjgphjshteqeuzf4pe2dkr4cu3aty2a27kjai4swzebtq posted outside time limit. (get_posts bluesky.py:39)
2026-08-10 15:07:08 [DEBUG]: Post created at: 2026-04-22 14:53:48 (get_posts bluesky.py:33)
2026-08-10 15:07:08 [INFO]: Post bafyreicdui5gpvu6eri4oggsvvgxqb4rb3oy3l2ymmnmffpwz6t3oz2yne posted outside time limit. (get_posts bluesky.py:39)
2026-08-10 15:07:08 [DEBUG]: Post created at: 2026-04-15 13:40:00 (get_posts bluesky.py:33)
2026-08-10 15:07:08 [INFO]: Post bafyreidshdytdhy7f6q3a5yuchedy53verbugnulbbwvllnxofvzpze4re posted outside time limit. (get_posts bluesky.py:39)
2026-08-10 15:07:08 [DEBUG]: Post created at: 2026-04-13 16:38:02 (get_posts bluesky.py:33)
2026-08-10 15:07:08 [INFO]: Post bafyreiauh7o5v67ac256ngxkoqkqnio2e2kmdzdzzqt6vxq32td7gatkmy posted outside time limit. (get_posts bluesky.py:39)
2026-08-10 15:07:08 [DEBUG]: Post created at: 2026-04-10 13:14:36 (get_posts bluesky.py:33)
2026-08-10 15:07:08 [INFO]: Post bafyreifrh7fshwfax4ntkkzh4kal7hstv46kgxa4qlogxu7z7gjxr3ppgu posted outside time limit. (get_posts bluesky.py:39)
2026-08-10 15:07:08 [DEBUG]: Post created at: 2026-04-01 14:22:07 (get_posts bluesky.py:33)
2026-08-10 15:07:08 [INFO]: Post bafyreih2ht6th7xmwvmptcmfdfr5cbdgeavpps6jqyt6xysm37j34w6rge posted outside time limit. (get_posts bluesky.py:39)
2026-08-10 15:07:08 [DEBUG]: Post created at: 2026-03-26 14:42:37 (get_posts bluesky.py:33)
2026-08-10 15:07:08 [INFO]: Post bafyreicfxh453sypukedfr6mfj76tr6uz3osxwb3jfv5ywwecuvhbf267u posted outside time limit. (get_posts bluesky.py:39)
2026-08-10 15:07:08 [DEBUG]: Post created at: 2026-03-26 13:54:10 (get_posts bluesky.py:33)
2026-08-10 15:07:08 [INFO]: Post bafyreifuq22kydpi7ctnxtvy6zww2yzomvsrhq6x2dleqjas62m3p5zo3m posted outside time limit. (get_posts bluesky.py:39)
2026-08-10 15:07:08 [DEBUG]: Post created at: 2026-03-24 22:10:18 (get_posts bluesky.py:33)
2026-08-10 15:07:08 [INFO]: Post bafyreigv5zvvt4yc5xsxkjjliryumxazef75ib5hsmnhtibcncwxoxvnfm posted outside time limit. (get_posts bluesky.py:39)
2026-08-10 15:07:08 [DEBUG]: Post created at: 2026-03-19 14:44:04 (get_posts bluesky.py:33)
2026-08-10 15:07:08 [INFO]: Post bafyreif2f6qv2mgg6cd7amog5rhlfce6br7a6jwoygh7j5szpujkxbw7lq posted outside time limit. (get_posts bluesky.py:39)
2026-08-10 15:07:08 [DEBUG]: Post created at: 2026-03-11 15:06:56 (get_posts bluesky.py:33)
2026-08-10 15:07:08 [INFO]: Post bafyreicdvogziwifeeulpxdanjzw2hhz2x563zmhsulsol6cc2g4awgdzm posted outside time limit. (get_posts bluesky.py:39)
2026-08-10 15:07:08 [DEBUG]: Post created at: 2026-03-10 13:42:44 (get_posts bluesky.py:33)
2026-08-10 15:07:08 [INFO]: Post bafyreievqd6tqe2jmv27cfpq5qfipsop37wgy5tmnrxcgj5pg6c73ziqhe posted outside time limit. (get_posts bluesky.py:39)
2026-08-10 15:07:08 [DEBUG]: Post created at: 2026-02-27 13:14:55 (get_posts bluesky.py:33)
2026-08-10 15:07:08 [INFO]: Post bafyreihnhuuasms57pqkf7igt3c76hf6yngh75wdqpi2zsjqkyv33mn45e posted outside time limit. (get_posts bluesky.py:39)
2026-08-10 15:07:08 [DEBUG]: Post created at: 2026-02-24 16:23:10 (get_posts bluesky.py:33)
2026-08-10 15:07:08 [INFO]: Post bafyreide2tzdyz3qhqvp6dvacl4lo2xhv6sr6gx3jq6ogve525scwql7mi posted outside time limit. (get_posts bluesky.py:39)
2026-08-10 15:07:08 [DEBUG]: Post created at: 2026-02-18 15:42:15 (get_posts bluesky.py:33)
2026-08-10 15:07:08 [INFO]: Post bafyreierb4dlpinmyb7vig7fxqcvt3jgwebafz4bjndrkfzydb5hago4py posted outside time limit. (get_posts bluesky.py:39)
2026-08-10 15:07:08 [DEBUG]: Post created at: 2026-02-13 13:50:14 (get_posts bluesky.py:33)
2026-08-10 15:07:08 [INFO]: Post bafyreiaig2my7kiizjlekleu7edp5chbzu4tonydswkd7j4xawrrklnpea posted outside time limit. (get_posts bluesky.py:39)
2026-08-10 15:07:08 [DEBUG]: Post created at: 2026-02-11 15:17:23 (get_posts bluesky.py:33)
2026-08-10 15:07:08 [INFO]: Post bafyreiaggywu7xfcr3hdbey7tqklccqal2ixepuh6oxtqkyabjhrfpey5y posted outside time limit. (get_posts bluesky.py:39)
2026-08-10 15:07:08 [DEBUG]: Post created at: 2026-02-09 20:47:56 (get_posts bluesky.py:33)
2026-08-10 15:07:08 [INFO]: Post bafyreiegxryprnsav7l5m2duvjrdpuxmd62pglm6dfhladwumo6hb7n73m posted outside time limit. (get_posts bluesky.py:39)
2026-08-10 15:07:08 [DEBUG]: Post created at: 2026-02-04 21:31:32 (get_posts bluesky.py:33)
2026-08-10 15:07:08 [INFO]: Post bafyreiauk2lyeyl7tomeltjaadmgz4auvla2j6itigb2wsu6n52sqbwndu posted outside time limit. (get_posts bluesky.py:39)
2026-08-10 15:07:08 [DEBUG]: Post created at: 2026-02-03 15:53:41 (get_posts bluesky.py:33)
2026-08-10 15:07:08 [INFO]: Post bafyreidbfzjy6zmupb6yp2zrp77ulb7ejvdfu2lawhjkdhg7ekkfoyfzke posted outside time limit. (get_posts bluesky.py:39)
2026-08-10 15:07:08 [DEBUG]: Post created at: 2026-02-02 14:12:40 (get_posts bluesky.py:33)
2026-08-10 15:07:08 [INFO]: Post bafyreibs77nvnmgxegsi2a3q34gvw6gvtffjrta3mgvjmmxq6dagrlaprq posted outside time limit. (get_posts bluesky.py:39)
2026-08-10 15:07:08 [DEBUG]: Post created at: 2026-01-31 17:16:33 (get_posts bluesky.py:33)
2026-08-10 15:07:08 [INFO]: Post bafyreidu7qm22ionzyatpqfiuqfyiio3royiaf4beodokuiwns6f6cl53i posted outside time limit. (get_posts bluesky.py:39)
2026-08-10 15:07:08 [DEBUG]: Post created at: 2026-01-28 13:09:15 (get_posts bluesky.py:33)
2026-08-10 15:07:08 [INFO]: Post bafyreiagqnn3nlo5ftumr3kbsm6zji76ga24ki2373uhb3xxl4o6orajka posted outside time limit. (get_posts bluesky.py:39)
2026-08-10 15:07:08 [DEBUG]: Post created at: 2026-01-27 12:33:02 (get_posts bluesky.py:33)
2026-08-10 15:07:08 [INFO]: Post bafyreifuscbokcel27xngzhkrzopzkb632pmpljpmmbbure5jn5hevtsgq posted outside time limit. (get_posts bluesky.py:39)
2026-08-10 15:07:08 [DEBUG]: Post created at: 2026-01-22 14:21:10 (get_posts bluesky.py:33)
2026-08-10 15:07:08 [INFO]: Post bafyreiagapzgbtv5j2rsn573qr7o7kz73t74l7ypk2eyfahtf6sc5fdjsi posted outside time limit. (get_posts bluesky.py:39)
2026-08-10 15:07:08 [DEBUG]: Post created at: 2026-01-21 13:15:06 (get_posts bluesky.py:33)
2026-08-10 15:07:08 [INFO]: Post bafyreie6wukbdijlqzvjkk4ifh26mdphsaajw26hlqdkohpqcwhuvinmyq posted outside time limit. (get_posts bluesky.py:39)
2026-08-10 15:07:08 [DEBUG]: Post created at: 2026-01-16 16:05:12 (get_posts bluesky.py:33)
2026-08-10 15:07:08 [INFO]: Post bafyreicxzwxqthabj7pnlubsgptgkrsy3x7oxqkp3xahy6tv4gg5yqf2ju posted outside time limit. (get_posts bluesky.py:39)
2026-08-10 15:07:08 [DEBUG]: Post created at: 2026-01-12 13:15:19 (get_posts bluesky.py:33)
2026-08-10 15:07:08 [INFO]: Post bafyreibdn3xxyolwdpeqkewnnprrra2cgk5kbcxcbxywh4lkz3ulcilrqi posted outside time limit. (get_posts bluesky.py:39)
2026-08-10 15:07:08 [DEBUG]: Post created at: 2026-01-08 13:18:56 (get_posts bluesky.py:33)
2026-08-10 15:07:08 [INFO]: Post bafyreietgnh4gc7s4leq7bvqmrgmvznpshszycyy34rd4rnwavw5oghegy posted outside time limit. (get_posts bluesky.py:39)
2026-08-10 15:07:08 [DEBUG]: Post created at: 2025-12-29 13:08:03 (get_posts bluesky.py:33)
2026-08-10 15:07:08 [INFO]: Post bafyreid4dehmzir4jnany3gopw2xqocuxvcrs5fgjysjvzdyqst6gdaqdm posted outside time limit. (get_posts bluesky.py:39)
2026-08-10 15:07:08 [DEBUG]: Post created at: 2025-12-22 21:05:43 (get_posts bluesky.py:33)
2026-08-10 15:07:08 [INFO]: Post bafyreia4ptmpu6bn3etyypkc6dq3zupd4ryvt4ajc4gtsoig22py7c556m posted outside time limit. (get_posts bluesky.py:39)
2026-08-10 15:07:08 [DEBUG]: Post created at: 2025-12-15 13:06:43 (get_posts bluesky.py:33)
2026-08-10 15:07:08 [INFO]: Post bafyreieivxzhm6whsygjqjaagg2suk2kkcu4b6dcwhtre73y5gr7sskegi posted outside time limit. (get_posts bluesky.py:39)
2026-08-10 15:07:08 [WARNING]: No posts found from input. (get_posts fetch.py:18)
2026-08-10 17:01:48 [INFO]: Reading local database (read_db_file db.py:36)
2026-08-10 17:01:48 [INFO]: Reading cache of recent posts. (read_cache db.py:159)
2026-08-10 17:01:48 [INFO]: ./db/post.cache not found. (read_cache db.py:165)
2026-08-10 17:01:49 [INFO]: Connecting to Bluesky: None. (bsky_connect connections.py:58)
2026-08-10 17:01:49 [INFO]: Reading session cache (session_cache_read connections.py:111)
2026-08-10 17:01:49 [INFO]: Connecting to Bluesky using saved session. (bsky_connect connections.py:66)
2026-08-10 17:01:49 [INFO]: Session changed: (on_session_change connections.py:104)
2026-08-10 17:01:49 [INFO]: Session changed: (on_session_change connections.py:104)
2026-08-10 17:01:49 [INFO]: Saving changed session (on_session_change connections.py:106)
2026-08-10 17:01:49 [INFO]: Saving session cache (session_cache_write connections.py:120)
2026-08-10 17:01:49 [INFO]: Successfully logged in to Bluesky using saved session. (bsky_connect connections.py:68)
2026-08-10 17:01:49 [INFO]: Saving session cache (session_cache_write connections.py:120)
2026-08-10 17:01:49 [INFO]: Gathering posts from Bluesky (get_posts bluesky.py:18)
2026-08-10 17:01:49 [DEBUG]: Post created at: 2026-08-06 12:27:25 (get_posts bluesky.py:33)
2026-08-10 17:01:49 [INFO]: Post bafyreibx2vnv3hheqm2susm6rhiultlk6eaptkwbnjmhajzicwe22gfbjm posted outside time limit. (get_posts bluesky.py:39)
2026-08-10 17:01:49 [DEBUG]: Post created at: 2026-08-05 13:39:02 (get_posts bluesky.py:33)
2026-08-10 17:01:49 [INFO]: Post bafyreihtizm7ymakkbho3vywrcve77otdl2txadgxgoyrni5hseaisrszy posted outside time limit. (get_posts bluesky.py:39)
2026-08-10 17:01:49 [DEBUG]: Post created at: 2026-07-23 15:16:51 (get_posts bluesky.py:33)
2026-08-10 17:01:49 [INFO]: Post bafyreif6f2ek3doxuknizkn2jatdtqesoby5hz3wipn4vbnlm6aof6titm posted outside time limit. (get_posts bluesky.py:39)
2026-08-10 17:01:49 [DEBUG]: Post created at: 2026-07-22 15:15:36 (get_posts bluesky.py:33)
2026-08-10 17:01:49 [INFO]: Post bafyreigbxvo544aahrqrrukb3i2h6nnnjv73bddkd5gewt73b2fqovobui posted outside time limit. (get_posts bluesky.py:39)
2026-08-10 17:01:49 [DEBUG]: Post created at: 2026-07-20 12:33:32 (get_posts bluesky.py:33)
2026-08-10 17:01:49 [INFO]: Post bafyreibrtm3v3ucg73br5shdear4zmw4w5f33w5q2ulxbcrf4suakyhmpq posted outside time limit. (get_posts bluesky.py:39)
2026-08-10 17:01:49 [DEBUG]: Post created at: 2026-07-17 11:35:56 (get_posts bluesky.py:33)
2026-08-10 17:01:49 [INFO]: Post bafyreidtxvowahst6h6tvquj5g3uo26gjcgmkvggwg3e44pchoyq4unb4i posted outside time limit. (get_posts bluesky.py:39)
2026-08-10 17:01:49 [DEBUG]: Post created at: 2026-07-06 14:05:46 (get_posts bluesky.py:33)
2026-08-10 17:01:49 [INFO]: Post bafyreiblrulfzvgmmsltp3nywyhksmj4dr257fkhuhoquhhh4vkwr4zzsu posted outside time limit. (get_posts bluesky.py:39)
2026-08-10 17:01:49 [DEBUG]: Post created at: 2026-06-30 16:37:16 (get_posts bluesky.py:33)
2026-08-10 17:01:49 [INFO]: Post bafyreib46tjmeeqwcvj6wiw75b24fza7oug4heiy2ciuww366uibqrqsbe posted outside time limit. (get_posts bluesky.py:39)
2026-08-10 17:01:49 [DEBUG]: Post created at: 2026-06-24 11:17:45 (get_posts bluesky.py:33)
2026-08-10 17:01:49 [INFO]: Post bafyreidt2ygeayems7i7paeb24ig5l2v7lcmtfhrdi4uhrxfjm4thubecq posted outside time limit. (get_posts bluesky.py:39)
2026-08-10 17:01:49 [DEBUG]: Post created at: 2026-06-17 13:46:03 (get_posts bluesky.py:33)
2026-08-10 17:01:49 [INFO]: Post bafyreieekpu7ys5y3dujnzaoq62fikjxndci6yr6qzasdfictup376i3lq posted outside time limit. (get_posts bluesky.py:39)
2026-08-10 17:01:49 [DEBUG]: Post created at: 2026-06-02 18:05:16 (get_posts bluesky.py:33)
2026-08-10 17:01:49 [INFO]: Post bafyreibwhlbkkwktshb56dytljna7wlvy45dkdd7vqawv5xpvqd3btb5tu posted outside time limit. (get_posts bluesky.py:39)
2026-08-10 17:01:49 [DEBUG]: Post created at: 2026-05-28 12:42:25 (get_posts bluesky.py:33)
2026-08-10 17:01:49 [INFO]: Post bafyreigew3jv7boj7icxdil3sho3r5u6qnvgmiwkfvx5yszmyzbwuz7pwu posted outside time limit. (get_posts bluesky.py:39)
2026-08-10 17:01:49 [DEBUG]: Post created at: 2026-05-27 18:13:32 (get_posts bluesky.py:33)
2026-08-10 17:01:49 [INFO]: Post bafyreicomu6cn7rxnkk4gmfp235wbntlseyony4hstbw3m5ipnxjqzma54 posted outside time limit. (get_posts bluesky.py:39)
2026-08-10 17:01:49 [DEBUG]: Post created at: 2026-05-21 16:52:19 (get_posts bluesky.py:33)
2026-08-10 17:01:49 [INFO]: Post bafyreifgxpvh535rsbgturdrvuix3yrkwwzdxxfvmcif3tgn5ae46i25ca posted outside time limit. (get_posts bluesky.py:39)
2026-08-10 17:01:49 [DEBUG]: Post created at: 2026-05-18 11:38:35 (get_posts bluesky.py:33)
2026-08-10 17:01:49 [INFO]: Post bafyreif3vacnffmfmavpf7x2gwtddexvcrqmcetogbnzbca52sfygsnl3i posted outside time limit. (get_posts bluesky.py:39)
2026-08-10 17:01:49 [DEBUG]: Post created at: 2026-05-12 12:15:04 (get_posts bluesky.py:33)
2026-08-10 17:01:49 [INFO]: Post bafyreigir5vldhynmmhee7b5scolawrc2twgukmpbfvlrc66aqji4vlbbu posted outside time limit. (get_posts bluesky.py:39)
2026-08-10 17:01:49 [DEBUG]: Post created at: 2026-05-07 13:44:19 (get_posts bluesky.py:33)
2026-08-10 17:01:49 [INFO]: Post bafyreibmmqchdd5ocewgcdwj2zawtqsn5jlx7jumuqdij7nn6f77t3tpri posted outside time limit. (get_posts bluesky.py:39)
2026-08-10 17:01:49 [DEBUG]: Post created at: 2026-05-04 12:46:03 (get_posts bluesky.py:33)
2026-08-10 17:01:49 [INFO]: Post bafyreicpdt7qhotsxspx6lo4xl5rwzxeeanscduabrvruycpppoonyz6tm posted outside time limit. (get_posts bluesky.py:39)
2026-08-10 17:01:49 [DEBUG]: Post created at: 2026-04-30 14:02:43 (get_posts bluesky.py:33)
2026-08-10 17:01:49 [INFO]: Post bafyreie2qsbv7gjgphjshteqeuzf4pe2dkr4cu3aty2a27kjai4swzebtq posted outside time limit. (get_posts bluesky.py:39)
2026-08-10 17:01:49 [DEBUG]: Post created at: 2026-04-22 14:53:48 (get_posts bluesky.py:33)
2026-08-10 17:01:49 [INFO]: Post bafyreicdui5gpvu6eri4oggsvvgxqb4rb3oy3l2ymmnmffpwz6t3oz2yne posted outside time limit. (get_posts bluesky.py:39)
2026-08-10 17:01:49 [DEBUG]: Post created at: 2026-04-15 13:40:00 (get_posts bluesky.py:33)
2026-08-10 17:01:49 [INFO]: Post bafyreidshdytdhy7f6q3a5yuchedy53verbugnulbbwvllnxofvzpze4re posted outside time limit. (get_posts bluesky.py:39)
2026-08-10 17:01:49 [DEBUG]: Post created at: 2026-04-13 16:38:02 (get_posts bluesky.py:33)
2026-08-10 17:01:49 [INFO]: Post bafyreiauh7o5v67ac256ngxkoqkqnio2e2kmdzdzzqt6vxq32td7gatkmy posted outside time limit. (get_posts bluesky.py:39)
2026-08-10 17:01:49 [DEBUG]: Post created at: 2026-04-10 13:14:36 (get_posts bluesky.py:33)
2026-08-10 17:01:49 [INFO]: Post bafyreifrh7fshwfax4ntkkzh4kal7hstv46kgxa4qlogxu7z7gjxr3ppgu posted outside time limit. (get_posts bluesky.py:39)
2026-08-10 17:01:49 [DEBUG]: Post created at: 2026-04-01 14:22:07 (get_posts bluesky.py:33)
2026-08-10 17:01:49 [INFO]: Post bafyreih2ht6th7xmwvmptcmfdfr5cbdgeavpps6jqyt6xysm37j34w6rge posted outside time limit. (get_posts bluesky.py:39)
2026-08-10 17:01:49 [DEBUG]: Post created at: 2026-03-26 14:42:37 (get_posts bluesky.py:33)
2026-08-10 17:01:49 [INFO]: Post bafyreicfxh453sypukedfr6mfj76tr6uz3osxwb3jfv5ywwecuvhbf267u posted outside time limit. (get_posts bluesky.py:39)
2026-08-10 17:01:49 [DEBUG]: Post created at: 2026-03-26 13:54:10 (get_posts bluesky.py:33)
2026-08-10 17:01:49 [INFO]: Post bafyreifuq22kydpi7ctnxtvy6zww2yzomvsrhq6x2dleqjas62m3p5zo3m posted outside time limit. (get_posts bluesky.py:39)
2026-08-10 17:01:49 [DEBUG]: Post created at: 2026-03-24 22:10:18 (get_posts bluesky.py:33)
2026-08-10 17:01:49 [INFO]: Post bafyreigv5zvvt4yc5xsxkjjliryumxazef75ib5hsmnhtibcncwxoxvnfm posted outside time limit. (get_posts bluesky.py:39)
2026-08-10 17:01:49 [DEBUG]: Post created at: 2026-03-19 14:44:04 (get_posts bluesky.py:33)
2026-08-10 17:01:49 [INFO]: Post bafyreif2f6qv2mgg6cd7amog5rhlfce6br7a6jwoygh7j5szpujkxbw7lq posted outside time limit. (get_posts bluesky.py:39)
2026-08-10 17:01:49 [DEBUG]: Post created at: 2026-03-11 15:06:56 (get_posts bluesky.py:33)
2026-08-10 17:01:49 [INFO]: Post bafyreicdvogziwifeeulpxdanjzw2hhz2x563zmhsulsol6cc2g4awgdzm posted outside time limit. (get_posts bluesky.py:39)
2026-08-10 17:01:49 [DEBUG]: Post created at: 2026-03-10 13:42:44 (get_posts bluesky.py:33)
2026-08-10 17:01:49 [INFO]: Post bafyreievqd6tqe2jmv27cfpq5qfipsop37wgy5tmnrxcgj5pg6c73ziqhe posted outside time limit. (get_posts bluesky.py:39)
2026-08-10 17:01:49 [DEBUG]: Post created at: 2026-02-27 13:14:55 (get_posts bluesky.py:33)
2026-08-10 17:01:49 [INFO]: Post bafyreihnhuuasms57pqkf7igt3c76hf6yngh75wdqpi2zsjqkyv33mn45e posted outside time limit. (get_posts bluesky.py:39)
2026-08-10 17:01:49 [DEBUG]: Post created at: 2026-02-24 16:23:10 (get_posts bluesky.py:33)
2026-08-10 17:01:49 [INFO]: Post bafyreide2tzdyz3qhqvp6dvacl4lo2xhv6sr6gx3jq6ogve525scwql7mi posted outside time limit. (get_posts bluesky.py:39)
2026-08-10 17:01:49 [DEBUG]: Post created at: 2026-02-18 15:42:15 (get_posts bluesky.py:33)
2026-08-10 17:01:49 [INFO]: Post bafyreierb4dlpinmyb7vig7fxqcvt3jgwebafz4bjndrkfzydb5hago4py posted outside time limit. (get_posts bluesky.py:39)
2026-08-10 17:01:49 [DEBUG]: Post created at: 2026-02-13 13:50:14 (get_posts bluesky.py:33)
2026-08-10 17:01:49 [INFO]: Post bafyreiaig2my7kiizjlekleu7edp5chbzu4tonydswkd7j4xawrrklnpea posted outside time limit. (get_posts bluesky.py:39)
2026-08-10 17:01:49 [DEBUG]: Post created at: 2026-02-11 15:17:23 (get_posts bluesky.py:33)
2026-08-10 17:01:49 [INFO]: Post bafyreiaggywu7xfcr3hdbey7tqklccqal2ixepuh6oxtqkyabjhrfpey5y posted outside time limit. (get_posts bluesky.py:39)
2026-08-10 17:01:49 [DEBUG]: Post created at: 2026-02-09 20:47:56 (get_posts bluesky.py:33)
2026-08-10 17:01:49 [INFO]: Post bafyreiegxryprnsav7l5m2duvjrdpuxmd62pglm6dfhladwumo6hb7n73m posted outside time limit. (get_posts bluesky.py:39)
2026-08-10 17:01:49 [DEBUG]: Post created at: 2026-02-04 21:31:32 (get_posts bluesky.py:33)
2026-08-10 17:01:49 [INFO]: Post bafyreiauk2lyeyl7tomeltjaadmgz4auvla2j6itigb2wsu6n52sqbwndu posted outside time limit. (get_posts bluesky.py:39)
2026-08-10 17:01:49 [DEBUG]: Post created at: 2026-02-03 15:53:41 (get_posts bluesky.py:33)
2026-08-10 17:01:49 [INFO]: Post bafyreidbfzjy6zmupb6yp2zrp77ulb7ejvdfu2lawhjkdhg7ekkfoyfzke posted outside time limit. (get_posts bluesky.py:39)
2026-08-10 17:01:49 [DEBUG]: Post created at: 2026-02-02 14:12:40 (get_posts bluesky.py:33)
2026-08-10 17:01:49 [INFO]: Post bafyreibs77nvnmgxegsi2a3q34gvw6gvtffjrta3mgvjmmxq6dagrlaprq posted outside time limit. (get_posts bluesky.py:39)
2026-08-10 17:01:49 [DEBUG]: Post created at: 2026-01-31 17:16:33 (get_posts bluesky.py:33)
2026-08-10 17:01:49 [INFO]: Post bafyreidu7qm22ionzyatpqfiuqfyiio3royiaf4beodokuiwns6f6cl53i posted outside time limit. (get_posts bluesky.py:39)
2026-08-10 17:01:49 [DEBUG]: Post created at: 2026-01-28 13:09:15 (get_posts bluesky.py:33)
2026-08-10 17:01:49 [INFO]: Post bafyreiagqnn3nlo5ftumr3kbsm6zji76ga24ki2373uhb3xxl4o6orajka posted outside time limit. (get_posts bluesky.py:39)
2026-08-10 17:01:49 [DEBUG]: Post created at: 2026-01-27 12:33:02 (get_posts bluesky.py:33)
2026-08-10 17:01:49 [INFO]: Post bafyreifuscbokcel27xngzhkrzopzkb632pmpljpmmbbure5jn5hevtsgq posted outside time limit. (get_posts bluesky.py:39)
2026-08-10 17:01:49 [DEBUG]: Post created at: 2026-01-22 14:21:10 (get_posts bluesky.py:33)
2026-08-10 17:01:49 [INFO]: Post bafyreiagapzgbtv5j2rsn573qr7o7kz73t74l7ypk2eyfahtf6sc5fdjsi posted outside time limit. (get_posts bluesky.py:39)
2026-08-10 17:01:49 [DEBUG]: Post created at: 2026-01-21 13:15:06 (get_posts bluesky.py:33)
2026-08-10 17:01:49 [INFO]: Post bafyreie6wukbdijlqzvjkk4ifh26mdphsaajw26hlqdkohpqcwhuvinmyq posted outside time limit. (get_posts bluesky.py:39)
2026-08-10 17:01:49 [DEBUG]: Post created at: 2026-01-16 16:05:12 (get_posts bluesky.py:33)
2026-08-10 17:01:49 [INFO]: Post bafyreicxzwxqthabj7pnlubsgptgkrsy3x7oxqkp3xahy6tv4gg5yqf2ju posted outside time limit. (get_posts bluesky.py:39)
2026-08-10 17:01:49 [DEBUG]: Post created at: 2026-01-12 13:15:19 (get_posts bluesky.py:33)
2026-08-10 17:01:49 [INFO]: Post bafyreibdn3xxyolwdpeqkewnnprrra2cgk5kbcxcbxywh4lkz3ulcilrqi posted outside time limit. (get_posts bluesky.py:39)
2026-08-10 17:01:49 [DEBUG]: Post created at: 2026-01-08 13:18:56 (get_posts bluesky.py:33)
2026-08-10 17:01:49 [INFO]: Post bafyreietgnh4gc7s4leq7bvqmrgmvznpshszycyy34rd4rnwavw5oghegy posted outside time limit. (get_posts bluesky.py:39)
2026-08-10 17:01:49 [DEBUG]: Post created at: 2025-12-29 13:08:03 (get_posts bluesky.py:33)
2026-08-10 17:01:49 [INFO]: Post bafyreid4dehmzir4jnany3gopw2xqocuxvcrs5fgjysjvzdyqst6gdaqdm posted outside time limit. (get_posts bluesky.py:39)
2026-08-10 17:01:49 [DEBUG]: Post created at: 2025-12-22 21:05:43 (get_posts bluesky.py:33)
2026-08-10 17:01:49 [INFO]: Post bafyreia4ptmpu6bn3etyypkc6dq3zupd4ryvt4ajc4gtsoig22py7c556m posted outside time limit. (get_posts bluesky.py:39)
2026-08-10 17:01:49 [DEBUG]: Post created at: 2025-12-15 13:06:43 (get_posts bluesky.py:33)
2026-08-10 17:01:49 [INFO]: Post bafyreieivxzhm6whsygjqjaagg2suk2kkcu4b6dcwhtre73y5gr7sskegi posted outside time limit. (get_posts bluesky.py:39)
2026-08-10 17:01:49 [WARNING]: No posts found from input. (get_posts fetch.py:18)
2026-08-10 19:07:19 [INFO]: Reading local database (read_db_file db.py:36)
2026-08-10 19:07:19 [INFO]: Reading cache of recent posts. (read_cache db.py:159)
2026-08-10 19:07:19 [INFO]: ./db/post.cache not found. (read_cache db.py:165)
2026-08-10 19:07:19 [INFO]: Connecting to Bluesky: None. (bsky_connect connections.py:58)
2026-08-10 19:07:19 [INFO]: Reading session cache (session_cache_read connections.py:111)
2026-08-10 19:07:19 [INFO]: Connecting to Bluesky using saved session. (bsky_connect connections.py:66)
2026-08-10 19:07:19 [INFO]: Session changed: (on_session_change connections.py:104)
2026-08-10 19:07:20 [INFO]: Session changed: (on_session_change connections.py:104)
2026-08-10 19:07:20 [INFO]: Saving changed session (on_session_change connections.py:106)
2026-08-10 19:07:20 [INFO]: Saving session cache (session_cache_write connections.py:120)
2026-08-10 19:07:20 [INFO]: Successfully logged in to Bluesky using saved session. (bsky_connect connections.py:68)
2026-08-10 19:07:20 [INFO]: Saving session cache (session_cache_write connections.py:120)
2026-08-10 19:07:20 [INFO]: Gathering posts from Bluesky (get_posts bluesky.py:18)
2026-08-10 19:07:20 [DEBUG]: Post created at: 2026-08-06 12:27:25 (get_posts bluesky.py:33)
2026-08-10 19:07:20 [INFO]: Post bafyreibx2vnv3hheqm2susm6rhiultlk6eaptkwbnjmhajzicwe22gfbjm posted outside time limit. (get_posts bluesky.py:39)
2026-08-10 19:07:20 [DEBUG]: Post created at: 2026-08-05 13:39:02 (get_posts bluesky.py:33)
2026-08-10 19:07:20 [INFO]: Post bafyreihtizm7ymakkbho3vywrcve77otdl2txadgxgoyrni5hseaisrszy posted outside time limit. (get_posts bluesky.py:39)
2026-08-10 19:07:20 [DEBUG]: Post created at: 2026-07-23 15:16:51 (get_posts bluesky.py:33)
2026-08-10 19:07:20 [INFO]: Post bafyreif6f2ek3doxuknizkn2jatdtqesoby5hz3wipn4vbnlm6aof6titm posted outside time limit. (get_posts bluesky.py:39)
2026-08-10 19:07:20 [DEBUG]: Post created at: 2026-07-22 15:15:36 (get_posts bluesky.py:33)
2026-08-10 19:07:20 [INFO]: Post bafyreigbxvo544aahrqrrukb3i2h6nnnjv73bddkd5gewt73b2fqovobui posted outside time limit. (get_posts bluesky.py:39)
2026-08-10 19:07:20 [DEBUG]: Post created at: 2026-07-20 12:33:32 (get_posts bluesky.py:33)
2026-08-10 19:07:20 [INFO]: Post bafyreibrtm3v3ucg73br5shdear4zmw4w5f33w5q2ulxbcrf4suakyhmpq posted outside time limit. (get_posts bluesky.py:39)
2026-08-10 19:07:20 [DEBUG]: Post created at: 2026-07-17 11:35:56 (get_posts bluesky.py:33)
2026-08-10 19:07:20 [INFO]: Post bafyreidtxvowahst6h6tvquj5g3uo26gjcgmkvggwg3e44pchoyq4unb4i posted outside time limit. (get_posts bluesky.py:39)
2026-08-10 19:07:20 [DEBUG]: Post created at: 2026-07-06 14:05:46 (get_posts bluesky.py:33)
2026-08-10 19:07:20 [INFO]: Post bafyreiblrulfzvgmmsltp3nywyhksmj4dr257fkhuhoquhhh4vkwr4zzsu posted outside time limit. (get_posts bluesky.py:39)
2026-08-10 19:07:20 [DEBUG]: Post created at: 2026-06-30 16:37:16 (get_posts bluesky.py:33)
2026-08-10 19:07:20 [INFO]: Post bafyreib46tjmeeqwcvj6wiw75b24fza7oug4heiy2ciuww366uibqrqsbe posted outside time limit. (get_posts bluesky.py:39)
2026-08-10 19:07:20 [DEBUG]: Post created at: 2026-06-24 11:17:45 (get_posts bluesky.py:33)
2026-08-10 19:07:20 [INFO]: Post bafyreidt2ygeayems7i7paeb24ig5l2v7lcmtfhrdi4uhrxfjm4thubecq posted outside time limit. (get_posts bluesky.py:39)
2026-08-10 19:07:20 [DEBUG]: Post created at: 2026-06-17 13:46:03 (get_posts bluesky.py:33)
2026-08-10 19:07:20 [INFO]: Post bafyreieekpu7ys5y3dujnzaoq62fikjxndci6yr6qzasdfictup376i3lq posted outside time limit. (get_posts bluesky.py:39)
2026-08-10 19:07:20 [DEBUG]: Post created at: 2026-06-02 18:05:16 (get_posts bluesky.py:33)
2026-08-10 19:07:20 [INFO]: Post bafyreibwhlbkkwktshb56dytljna7wlvy45dkdd7vqawv5xpvqd3btb5tu posted outside time limit. (get_posts bluesky.py:39)
2026-08-10 19:07:20 [DEBUG]: Post created at: 2026-05-28 12:42:25 (get_posts bluesky.py:33)
2026-08-10 19:07:20 [INFO]: Post bafyreigew3jv7boj7icxdil3sho3r5u6qnvgmiwkfvx5yszmyzbwuz7pwu posted outside time limit. (get_posts bluesky.py:39)
2026-08-10 19:07:20 [DEBUG]: Post created at: 2026-05-27 18:13:32 (get_posts bluesky.py:33)
2026-08-10 19:07:20 [INFO]: Post bafyreicomu6cn7rxnkk4gmfp235wbntlseyony4hstbw3m5ipnxjqzma54 posted outside time limit. (get_posts bluesky.py:39)
2026-08-10 19:07:20 [DEBUG]: Post created at: 2026-05-21 16:52:19 (get_posts bluesky.py:33)
2026-08-10 19:07:20 [INFO]: Post bafyreifgxpvh535rsbgturdrvuix3yrkwwzdxxfvmcif3tgn5ae46i25ca posted outside time limit. (get_posts bluesky.py:39)
2026-08-10 19:07:20 [DEBUG]: Post created at: 2026-05-18 11:38:35 (get_posts bluesky.py:33)
2026-08-10 19:07:20 [INFO]: Post bafyreif3vacnffmfmavpf7x2gwtddexvcrqmcetogbnzbca52sfygsnl3i posted outside time limit. (get_posts bluesky.py:39)
2026-08-10 19:07:20 [DEBUG]: Post created at: 2026-05-12 12:15:04 (get_posts bluesky.py:33)
2026-08-10 19:07:20 [INFO]: Post bafyreigir5vldhynmmhee7b5scolawrc2twgukmpbfvlrc66aqji4vlbbu posted outside time limit. (get_posts bluesky.py:39)
2026-08-10 19:07:20 [DEBUG]: Post created at: 2026-05-07 13:44:19 (get_posts bluesky.py:33)
2026-08-10 19:07:20 [INFO]: Post bafyreibmmqchdd5ocewgcdwj2zawtqsn5jlx7jumuqdij7nn6f77t3tpri posted outside time limit. (get_posts bluesky.py:39)
2026-08-10 19:07:20 [DEBUG]: Post created at: 2026-05-04 12:46:03 (get_posts bluesky.py:33)
2026-08-10 19:07:20 [INFO]: Post bafyreicpdt7qhotsxspx6lo4xl5rwzxeeanscduabrvruycpppoonyz6tm posted outside time limit. (get_posts bluesky.py:39)
2026-08-10 19:07:20 [DEBUG]: Post created at: 2026-04-30 14:02:43 (get_posts bluesky.py:33)
2026-08-10 19:07:20 [INFO]: Post bafyreie2qsbv7gjgphjshteqeuzf4pe2dkr4cu3aty2a27kjai4swzebtq posted outside time limit. (get_posts bluesky.py:39)
2026-08-10 19:07:20 [DEBUG]: Post created at: 2026-04-22 14:53:48 (get_posts bluesky.py:33)
2026-08-10 19:07:20 [INFO]: Post bafyreicdui5gpvu6eri4oggsvvgxqb4rb3oy3l2ymmnmffpwz6t3oz2yne posted outside time limit. (get_posts bluesky.py:39)
2026-08-10 19:07:20 [DEBUG]: Post created at: 2026-04-15 13:40:00 (get_posts bluesky.py:33)
2026-08-10 19:07:20 [INFO]: Post bafyreidshdytdhy7f6q3a5yuchedy53verbugnulbbwvllnxofvzpze4re posted outside time limit. (get_posts bluesky.py:39)
2026-08-10 19:07:20 [DEBUG]: Post created at: 2026-04-13 16:38:02 (get_posts bluesky.py:33)
2026-08-10 19:07:20 [INFO]: Post bafyreiauh7o5v67ac256ngxkoqkqnio2e2kmdzdzzqt6vxq32td7gatkmy posted outside time limit. (get_posts bluesky.py:39)
2026-08-10 19:07:20 [DEBUG]: Post created at: 2026-04-10 13:14:36 (get_posts bluesky.py:33)
2026-08-10 19:07:20 [INFO]: Post bafyreifrh7fshwfax4ntkkzh4kal7hstv46kgxa4qlogxu7z7gjxr3ppgu posted outside time limit. (get_posts bluesky.py:39)
2026-08-10 19:07:20 [DEBUG]: Post created at: 2026-04-01 14:22:07 (get_posts bluesky.py:33)
2026-08-10 19:07:20 [INFO]: Post bafyreih2ht6th7xmwvmptcmfdfr5cbdgeavpps6jqyt6xysm37j34w6rge posted outside time limit. (get_posts bluesky.py:39)
2026-08-10 19:07:20 [DEBUG]: Post created at: 2026-03-26 14:42:37 (get_posts bluesky.py:33)
2026-08-10 19:07:20 [INFO]: Post bafyreicfxh453sypukedfr6mfj76tr6uz3osxwb3jfv5ywwecuvhbf267u posted outside time limit. (get_posts bluesky.py:39)
2026-08-10 19:07:20 [DEBUG]: Post created at: 2026-03-26 13:54:10 (get_posts bluesky.py:33)
2026-08-10 19:07:20 [INFO]: Post bafyreifuq22kydpi7ctnxtvy6zww2yzomvsrhq6x2dleqjas62m3p5zo3m posted outside time limit. (get_posts bluesky.py:39)
2026-08-10 19:07:20 [DEBUG]: Post created at: 2026-03-24 22:10:18 (get_posts bluesky.py:33)
2026-08-10 19:07:20 [INFO]: Post bafyreigv5zvvt4yc5xsxkjjliryumxazef75ib5hsmnhtibcncwxoxvnfm posted outside time limit. (get_posts bluesky.py:39)
2026-08-10 19:07:20 [DEBUG]: Post created at: 2026-03-19 14:44:04 (get_posts bluesky.py:33)
2026-08-10 19:07:20 [INFO]: Post bafyreif2f6qv2mgg6cd7amog5rhlfce6br7a6jwoygh7j5szpujkxbw7lq posted outside time limit. (get_posts bluesky.py:39)
2026-08-10 19:07:20 [DEBUG]: Post created at: 2026-03-11 15:06:56 (get_posts bluesky.py:33)
2026-08-10 19:07:20 [INFO]: Post bafyreicdvogziwifeeulpxdanjzw2hhz2x563zmhsulsol6cc2g4awgdzm posted outside time limit. (get_posts bluesky.py:39)
2026-08-10 19:07:20 [DEBUG]: Post created at: 2026-03-10 13:42:44 (get_posts bluesky.py:33)
2026-08-10 19:07:20 [INFO]: Post bafyreievqd6tqe2jmv27cfpq5qfipsop37wgy5tmnrxcgj5pg6c73ziqhe posted outside time limit. (get_posts bluesky.py:39)
2026-08-10 19:07:20 [DEBUG]: Post created at: 2026-02-27 13:14:55 (get_posts bluesky.py:33)
2026-08-10 19:07:20 [INFO]: Post bafyreihnhuuasms57pqkf7igt3c76hf6yngh75wdqpi2zsjqkyv33mn45e posted outside time limit. (get_posts bluesky.py:39)
2026-08-10 19:07:20 [DEBUG]: Post created at: 2026-02-24 16:23:10 (get_posts bluesky.py:33)
2026-08-10 19:07:20 [INFO]: Post bafyreide2tzdyz3qhqvp6dvacl4lo2xhv6sr6gx3jq6ogve525scwql7mi posted outside time limit. (get_posts bluesky.py:39)
2026-08-10 19:07:20 [DEBUG]: Post created at: 2026-02-18 15:42:15 (get_posts bluesky.py:33)
2026-08-10 19:07:20 [INFO]: Post bafyreierb4dlpinmyb7vig7fxqcvt3jgwebafz4bjndrkfzydb5hago4py posted outside time limit. (get_posts bluesky.py:39)
2026-08-10 19:07:20 [DEBUG]: Post created at: 2026-02-13 13:50:14 (get_posts bluesky.py:33)
2026-08-10 19:07:20 [INFO]: Post bafyreiaig2my7kiizjlekleu7edp5chbzu4tonydswkd7j4xawrrklnpea posted outside time limit. (get_posts bluesky.py:39)
2026-08-10 19:07:20 [DEBUG]: Post created at: 2026-02-11 15:17:23 (get_posts bluesky.py:33)
2026-08-10 19:07:20 [INFO]: Post bafyreiaggywu7xfcr3hdbey7tqklccqal2ixepuh6oxtqkyabjhrfpey5y posted outside time limit. (get_posts bluesky.py:39)
2026-08-10 19:07:20 [DEBUG]: Post created at: 2026-02-09 20:47:56 (get_posts bluesky.py:33)
2026-08-10 19:07:20 [INFO]: Post bafyreiegxryprnsav7l5m2duvjrdpuxmd62pglm6dfhladwumo6hb7n73m posted outside time limit. (get_posts bluesky.py:39)
2026-08-10 19:07:20 [DEBUG]: Post created at: 2026-02-04 21:31:32 (get_posts bluesky.py:33)
2026-08-10 19:07:20 [INFO]: Post bafyreiauk2lyeyl7tomeltjaadmgz4auvla2j6itigb2wsu6n52sqbwndu posted outside time limit. (get_posts bluesky.py:39)
2026-08-10 19:07:20 [DEBUG]: Post created at: 2026-02-03 15:53:41 (get_posts bluesky.py:33)
2026-08-10 19:07:20 [INFO]: Post bafyreidbfzjy6zmupb6yp2zrp77ulb7ejvdfu2lawhjkdhg7ekkfoyfzke posted outside time limit. (get_posts bluesky.py:39)
2026-08-10 19:07:20 [DEBUG]: Post created at: 2026-02-02 14:12:40 (get_posts bluesky.py:33)
2026-08-10 19:07:20 [INFO]: Post bafyreibs77nvnmgxegsi2a3q34gvw6gvtffjrta3mgvjmmxq6dagrlaprq posted outside time limit. (get_posts bluesky.py:39)
2026-08-10 19:07:20 [DEBUG]: Post created at: 2026-01-31 17:16:33 (get_posts bluesky.py:33)
2026-08-10 19:07:20 [INFO]: Post bafyreidu7qm22ionzyatpqfiuqfyiio3royiaf4beodokuiwns6f6cl53i posted outside time limit. (get_posts bluesky.py:39)
2026-08-10 19:07:20 [DEBUG]: Post created at: 2026-01-28 13:09:15 (get_posts bluesky.py:33)
2026-08-10 19:07:20 [INFO]: Post bafyreiagqnn3nlo5ftumr3kbsm6zji76ga24ki2373uhb3xxl4o6orajka posted outside time limit. (get_posts bluesky.py:39)
2026-08-10 19:07:20 [DEBUG]: Post created at: 2026-01-27 12:33:02 (get_posts bluesky.py:33)
2026-08-10 19:07:20 [INFO]: Post bafyreifuscbokcel27xngzhkrzopzkb632pmpljpmmbbure5jn5hevtsgq posted outside time limit. (get_posts bluesky.py:39)
2026-08-10 19:07:20 [DEBUG]: Post created at: 2026-01-22 14:21:10 (get_posts bluesky.py:33)
2026-08-10 19:07:20 [INFO]: Post bafyreiagapzgbtv5j2rsn573qr7o7kz73t74l7ypk2eyfahtf6sc5fdjsi posted outside time limit. (get_posts bluesky.py:39)
2026-08-10 19:07:20 [DEBUG]: Post created at: 2026-01-21 13:15:06 (get_posts bluesky.py:33)
2026-08-10 19:07:20 [INFO]: Post bafyreie6wukbdijlqzvjkk4ifh26mdphsaajw26hlqdkohpqcwhuvinmyq posted outside time limit. (get_posts bluesky.py:39)
2026-08-10 19:07:20 [DEBUG]: Post created at: 2026-01-16 16:05:12 (get_posts bluesky.py:33)
2026-08-10 19:07:20 [INFO]: Post bafyreicxzwxqthabj7pnlubsgptgkrsy3x7oxqkp3xahy6tv4gg5yqf2ju posted outside time limit. (get_posts bluesky.py:39)
2026-08-10 19:07:20 [DEBUG]: Post created at: 2026-01-12 13:15:19 (get_posts bluesky.py:33)
2026-08-10 19:07:20 [INFO]: Post bafyreibdn3xxyolwdpeqkewnnprrra2cgk5kbcxcbxywh4lkz3ulcilrqi posted outside time limit. (get_posts bluesky.py:39)
2026-08-10 19:07:20 [DEBUG]: Post created at: 2026-01-08 13:18:56 (get_posts bluesky.py:33)
2026-08-10 19:07:20 [INFO]: Post bafyreietgnh4gc7s4leq7bvqmrgmvznpshszycyy34rd4rnwavw5oghegy posted outside time limit. (get_posts bluesky.py:39)
2026-08-10 19:07:20 [DEBUG]: Post created at: 2025-12-29 13:08:03 (get_posts bluesky.py:33)
2026-08-10 19:07:20 [INFO]: Post bafyreid4dehmzir4jnany3gopw2xqocuxvcrs5fgjysjvzdyqst6gdaqdm posted outside time limit. (get_posts bluesky.py:39)
2026-08-10 19:07:20 [DEBUG]: Post created at: 2025-12-22 21:05:43 (get_posts bluesky.py:33)
2026-08-10 19:07:20 [INFO]: Post bafyreia4ptmpu6bn3etyypkc6dq3zupd4ryvt4ajc4gtsoig22py7c556m posted outside time limit. (get_posts bluesky.py:39)
2026-08-10 19:07:20 [DEBUG]: Post created at: 2025-12-15 13:06:43 (get_posts bluesky.py:33)
2026-08-10 19:07:20 [INFO]: Post bafyreieivxzhm6whsygjqjaagg2suk2kkcu4b6dcwhtre73y5gr7sskegi posted outside time limit. (get_posts bluesky.py:39)
2026-08-10 19:07:20 [WARNING]: No posts found from input. (get_posts fetch.py:18)
2026-08-10 20:53:46 [INFO]: Reading local database (read_db_file db.py:36)
2026-08-10 20:53:46 [INFO]: Reading cache of recent posts. (read_cache db.py:159)
2026-08-10 20:53:46 [INFO]: ./db/post.cache not found. (read_cache db.py:165)
2026-08-10 20:53:46 [INFO]: Connecting to Bluesky: None. (bsky_connect connections.py:58)
2026-08-10 20:53:47 [INFO]: Reading session cache (session_cache_read connections.py:111)
2026-08-10 20:53:47 [INFO]: Connecting to Bluesky using saved session. (bsky_connect connections.py:66)
2026-08-10 20:53:47 [INFO]: Session changed: (on_session_change connections.py:104)
2026-08-10 20:53:47 [INFO]: Session changed: (on_session_change connections.py:104)
2026-08-10 20:53:47 [INFO]: Saving changed session (on_session_change connections.py:106)
2026-08-10 20:53:47 [INFO]: Saving session cache (session_cache_write connections.py:120)
2026-08-10 20:53:47 [INFO]: Successfully logged in to Bluesky using saved session. (bsky_connect connections.py:68)
2026-08-10 20:53:47 [INFO]: Saving session cache (session_cache_write connections.py:120)
2026-08-10 20:53:47 [INFO]: Gathering posts from Bluesky (get_posts bluesky.py:18)
2026-08-10 20:53:47 [DEBUG]: Post created at: 2026-08-06 12:27:25 (get_posts bluesky.py:33)
2026-08-10 20:53:47 [INFO]: Post bafyreibx2vnv3hheqm2susm6rhiultlk6eaptkwbnjmhajzicwe22gfbjm posted outside time limit. (get_posts bluesky.py:39)
2026-08-10 20:53:47 [DEBUG]: Post created at: 2026-08-05 13:39:02 (get_posts bluesky.py:33)
2026-08-10 20:53:47 [INFO]: Post bafyreihtizm7ymakkbho3vywrcve77otdl2txadgxgoyrni5hseaisrszy posted outside time limit. (get_posts bluesky.py:39)
2026-08-10 20:53:47 [DEBUG]: Post created at: 2026-07-23 15:16:51 (get_posts bluesky.py:33)
2026-08-10 20:53:47 [INFO]: Post bafyreif6f2ek3doxuknizkn2jatdtqesoby5hz3wipn4vbnlm6aof6titm posted outside time limit. (get_posts bluesky.py:39)
2026-08-10 20:53:47 [DEBUG]: Post created at: 2026-07-22 15:15:36 (get_posts bluesky.py:33)
2026-08-10 20:53:47 [INFO]: Post bafyreigbxvo544aahrqrrukb3i2h6nnnjv73bddkd5gewt73b2fqovobui posted outside time limit. (get_posts bluesky.py:39)
2026-08-10 20:53:47 [DEBUG]: Post created at: 2026-07-20 12:33:32 (get_posts bluesky.py:33)
2026-08-10 20:53:47 [INFO]: Post bafyreibrtm3v3ucg73br5shdear4zmw4w5f33w5q2ulxbcrf4suakyhmpq posted outside time limit. (get_posts bluesky.py:39)
2026-08-10 20:53:47 [DEBUG]: Post created at: 2026-07-17 11:35:56 (get_posts bluesky.py:33)
2026-08-10 20:53:47 [INFO]: Post bafyreidtxvowahst6h6tvquj5g3uo26gjcgmkvggwg3e44pchoyq4unb4i posted outside time limit. (get_posts bluesky.py:39)
2026-08-10 20:53:47 [DEBUG]: Post created at: 2026-07-06 14:05:46 (get_posts bluesky.py:33)
2026-08-10 20:53:47 [INFO]: Post bafyreiblrulfzvgmmsltp3nywyhksmj4dr257fkhuhoquhhh4vkwr4zzsu posted outside time limit. (get_posts bluesky.py:39)
2026-08-10 20:53:47 [DEBUG]: Post created at: 2026-06-30 16:37:16 (get_posts bluesky.py:33)
2026-08-10 20:53:47 [INFO]: Post bafyreib46tjmeeqwcvj6wiw75b24fza7oug4heiy2ciuww366uibqrqsbe posted outside time limit. (get_posts bluesky.py:39)
2026-08-10 20:53:47 [DEBUG]: Post created at: 2026-06-24 11:17:45 (get_posts bluesky.py:33)
2026-08-10 20:53:47 [INFO]: Post bafyreidt2ygeayems7i7paeb24ig5l2v7lcmtfhrdi4uhrxfjm4thubecq posted outside time limit. (get_posts bluesky.py:39)
2026-08-10 20:53:47 [DEBUG]: Post created at: 2026-06-17 13:46:03 (get_posts bluesky.py:33)
2026-08-10 20:53:47 [INFO]: Post bafyreieekpu7ys5y3dujnzaoq62fikjxndci6yr6qzasdfictup376i3lq posted outside time limit. (get_posts bluesky.py:39)
2026-08-10 20:53:47 [DEBUG]: Post created at: 2026-06-02 18:05:16 (get_posts bluesky.py:33)
2026-08-10 20:53:47 [INFO]: Post bafyreibwhlbkkwktshb56dytljna7wlvy45dkdd7vqawv5xpvqd3btb5tu posted outside time limit. (get_posts bluesky.py:39)
2026-08-10 20:53:47 [DEBUG]: Post created at: 2026-05-28 12:42:25 (get_posts bluesky.py:33)
2026-08-10 20:53:47 [INFO]: Post bafyreigew3jv7boj7icxdil3sho3r5u6qnvgmiwkfvx5yszmyzbwuz7pwu posted outside time limit. (get_posts bluesky.py:39)
2026-08-10 20:53:47 [DEBUG]: Post created at: 2026-05-27 18:13:32 (get_posts bluesky.py:33)
2026-08-10 20:53:47 [INFO]: Post bafyreicomu6cn7rxnkk4gmfp235wbntlseyony4hstbw3m5ipnxjqzma54 posted outside time limit. (get_posts bluesky.py:39)
2026-08-10 20:53:47 [DEBUG]: Post created at: 2026-05-21 16:52:19 (get_posts bluesky.py:33)
2026-08-10 20:53:47 [INFO]: Post bafyreifgxpvh535rsbgturdrvuix3yrkwwzdxxfvmcif3tgn5ae46i25ca posted outside time limit. (get_posts bluesky.py:39)
2026-08-10 20:53:47 [DEBUG]: Post created at: 2026-05-18 11:38:35 (get_posts bluesky.py:33)
2026-08-10 20:53:47 [INFO]: Post bafyreif3vacnffmfmavpf7x2gwtddexvcrqmcetogbnzbca52sfygsnl3i posted outside time limit. (get_posts bluesky.py:39)
2026-08-10 20:53:47 [DEBUG]: Post created at: 2026-05-12 12:15:04 (get_posts bluesky.py:33)
2026-08-10 20:53:47 [INFO]: Post bafyreigir5vldhynmmhee7b5scolawrc2twgukmpbfvlrc66aqji4vlbbu posted outside time limit. (get_posts bluesky.py:39)
2026-08-10 20:53:47 [DEBUG]: Post created at: 2026-05-07 13:44:19 (get_posts bluesky.py:33)
2026-08-10 20:53:47 [INFO]: Post bafyreibmmqchdd5ocewgcdwj2zawtqsn5jlx7jumuqdij7nn6f77t3tpri posted outside time limit. (get_posts bluesky.py:39)
2026-08-10 20:53:47 [DEBUG]: Post created at: 2026-05-04 12:46:03 (get_posts bluesky.py:33)
2026-08-10 20:53:47 [INFO]: Post bafyreicpdt7qhotsxspx6lo4xl5rwzxeeanscduabrvruycpppoonyz6tm posted outside time limit. (get_posts bluesky.py:39)
2026-08-10 20:53:47 [DEBUG]: Post created at: 2026-04-30 14:02:43 (get_posts bluesky.py:33)
2026-08-10 20:53:47 [INFO]: Post bafyreie2qsbv7gjgphjshteqeuzf4pe2dkr4cu3aty2a27kjai4swzebtq posted outside time limit. (get_posts bluesky.py:39)
2026-08-10 20:53:47 [DEBUG]: Post created at: 2026-04-22 14:53:48 (get_posts bluesky.py:33)
2026-08-10 20:53:47 [INFO]: Post bafyreicdui5gpvu6eri4oggsvvgxqb4rb3oy3l2ymmnmffpwz6t3oz2yne posted outside time limit. (get_posts bluesky.py:39)
2026-08-10 20:53:47 [DEBUG]: Post created at: 2026-04-15 13:40:00 (get_posts bluesky.py:33)
2026-08-10 20:53:47 [INFO]: Post bafyreidshdytdhy7f6q3a5yuchedy53verbugnulbbwvllnxofvzpze4re posted outside time limit. (get_posts bluesky.py:39)
2026-08-10 20:53:47 [DEBUG]: Post created at: 2026-04-13 16:38:02 (get_posts bluesky.py:33)
2026-08-10 20:53:47 [INFO]: Post bafyreiauh7o5v67ac256ngxkoqkqnio2e2kmdzdzzqt6vxq32td7gatkmy posted outside time limit. (get_posts bluesky.py:39)
2026-08-10 20:53:47 [DEBUG]: Post created at: 2026-04-10 13:14:36 (get_posts bluesky.py:33)
2026-08-10 20:53:47 [INFO]: Post bafyreifrh7fshwfax4ntkkzh4kal7hstv46kgxa4qlogxu7z7gjxr3ppgu posted outside time limit. (get_posts bluesky.py:39)
2026-08-10 20:53:47 [DEBUG]: Post created at: 2026-04-01 14:22:07 (get_posts bluesky.py:33)
2026-08-10 20:53:47 [INFO]: Post bafyreih2ht6th7xmwvmptcmfdfr5cbdgeavpps6jqyt6xysm37j34w6rge posted outside time limit. (get_posts bluesky.py:39)
2026-08-10 20:53:47 [DEBUG]: Post created at: 2026-03-26 14:42:37 (get_posts bluesky.py:33)
2026-08-10 20:53:47 [INFO]: Post bafyreicfxh453sypukedfr6mfj76tr6uz3osxwb3jfv5ywwecuvhbf267u posted outside time limit. (get_posts bluesky.py:39)
2026-08-10 20:53:47 [DEBUG]: Post created at: 2026-03-26 13:54:10 (get_posts bluesky.py:33)
2026-08-10 20:53:47 [INFO]: Post bafyreifuq22kydpi7ctnxtvy6zww2yzomvsrhq6x2dleqjas62m3p5zo3m posted outside time limit. (get_posts bluesky.py:39)
2026-08-10 20:53:47 [DEBUG]: Post created at: 2026-03-24 22:10:18 (get_posts bluesky.py:33)
2026-08-10 20:53:47 [INFO]: Post bafyreigv5zvvt4yc5xsxkjjliryumxazef75ib5hsmnhtibcncwxoxvnfm posted outside time limit. (get_posts bluesky.py:39)
2026-08-10 20:53:47 [DEBUG]: Post created at: 2026-03-19 14:44:04 (get_posts bluesky.py:33)
2026-08-10 20:53:47 [INFO]: Post bafyreif2f6qv2mgg6cd7amog5rhlfce6br7a6jwoygh7j5szpujkxbw7lq posted outside time limit. (get_posts bluesky.py:39)
2026-08-10 20:53:47 [DEBUG]: Post created at: 2026-03-11 15:06:56 (get_posts bluesky.py:33)
2026-08-10 20:53:47 [INFO]: Post bafyreicdvogziwifeeulpxdanjzw2hhz2x563zmhsulsol6cc2g4awgdzm posted outside time limit. (get_posts bluesky.py:39)
2026-08-10 20:53:47 [DEBUG]: Post created at: 2026-03-10 13:42:44 (get_posts bluesky.py:33)
2026-08-10 20:53:47 [INFO]: Post bafyreievqd6tqe2jmv27cfpq5qfipsop37wgy5tmnrxcgj5pg6c73ziqhe posted outside time limit. (get_posts bluesky.py:39)
2026-08-10 20:53:47 [DEBUG]: Post created at: 2026-02-27 13:14:55 (get_posts bluesky.py:33)
2026-08-10 20:53:47 [INFO]: Post bafyreihnhuuasms57pqkf7igt3c76hf6yngh75wdqpi2zsjqkyv33mn45e posted outside time limit. (get_posts bluesky.py:39)
2026-08-10 20:53:47 [DEBUG]: Post created at: 2026-02-24 16:23:10 (get_posts bluesky.py:33)
2026-08-10 20:53:47 [INFO]: Post bafyreide2tzdyz3qhqvp6dvacl4lo2xhv6sr6gx3jq6ogve525scwql7mi posted outside time limit. (get_posts bluesky.py:39)
2026-08-10 20:53:47 [DEBUG]: Post created at: 2026-02-18 15:42:15 (get_posts bluesky.py:33)
2026-08-10 20:53:47 [INFO]: Post bafyreierb4dlpinmyb7vig7fxqcvt3jgwebafz4bjndrkfzydb5hago4py posted outside time limit. (get_posts bluesky.py:39)
2026-08-10 20:53:47 [DEBUG]: Post created at: 2026-02-13 13:50:14 (get_posts bluesky.py:33)
2026-08-10 20:53:47 [INFO]: Post bafyreiaig2my7kiizjlekleu7edp5chbzu4tonydswkd7j4xawrrklnpea posted outside time limit. (get_posts bluesky.py:39)
2026-08-10 20:53:47 [DEBUG]: Post created at: 2026-02-11 15:17:23 (get_posts bluesky.py:33)
2026-08-10 20:53:47 [INFO]: Post bafyreiaggywu7xfcr3hdbey7tqklccqal2ixepuh6oxtqkyabjhrfpey5y posted outside time limit. (get_posts bluesky.py:39)
2026-08-10 20:53:47 [DEBUG]: Post created at: 2026-02-09 20:47:56 (get_posts bluesky.py:33)
2026-08-10 20:53:47 [INFO]: Post bafyreiegxryprnsav7l5m2duvjrdpuxmd62pglm6dfhladwumo6hb7n73m posted outside time limit. (get_posts bluesky.py:39)
2026-08-10 20:53:47 [DEBUG]: Post created at: 2026-02-04 21:31:32 (get_posts bluesky.py:33)
2026-08-10 20:53:47 [INFO]: Post bafyreiauk2lyeyl7tomeltjaadmgz4auvla2j6itigb2wsu6n52sqbwndu posted outside time limit. (get_posts bluesky.py:39)
2026-08-10 20:53:47 [DEBUG]: Post created at: 2026-02-03 15:53:41 (get_posts bluesky.py:33)
2026-08-10 20:53:47 [INFO]: Post bafyreidbfzjy6zmupb6yp2zrp77ulb7ejvdfu2lawhjkdhg7ekkfoyfzke posted outside time limit. (get_posts bluesky.py:39)
2026-08-10 20:53:47 [DEBUG]: Post created at: 2026-02-02 14:12:40 (get_posts bluesky.py:33)
2026-08-10 20:53:47 [INFO]: Post bafyreibs77nvnmgxegsi2a3q34gvw6gvtffjrta3mgvjmmxq6dagrlaprq posted outside time limit. (get_posts bluesky.py:39)
2026-08-10 20:53:47 [DEBUG]: Post created at: 2026-01-31 17:16:33 (get_posts bluesky.py:33)
2026-08-10 20:53:47 [INFO]: Post bafyreidu7qm22ionzyatpqfiuqfyiio3royiaf4beodokuiwns6f6cl53i posted outside time limit. (get_posts bluesky.py:39)
2026-08-10 20:53:47 [DEBUG]: Post created at: 2026-01-28 13:09:15 (get_posts bluesky.py:33)
2026-08-10 20:53:47 [INFO]: Post bafyreiagqnn3nlo5ftumr3kbsm6zji76ga24ki2373uhb3xxl4o6orajka posted outside time limit. (get_posts bluesky.py:39)
2026-08-10 20:53:47 [DEBUG]: Post created at: 2026-01-27 12:33:02 (get_posts bluesky.py:33)
2026-08-10 20:53:47 [INFO]: Post bafyreifuscbokcel27xngzhkrzopzkb632pmpljpmmbbure5jn5hevtsgq posted outside time limit. (get_posts bluesky.py:39)
2026-08-10 20:53:47 [DEBUG]: Post created at: 2026-01-22 14:21:10 (get_posts bluesky.py:33)
2026-08-10 20:53:47 [INFO]: Post bafyreiagapzgbtv5j2rsn573qr7o7kz73t74l7ypk2eyfahtf6sc5fdjsi posted outside time limit. (get_posts bluesky.py:39)
2026-08-10 20:53:47 [DEBUG]: Post created at: 2026-01-21 13:15:06 (get_posts bluesky.py:33)
2026-08-10 20:53:47 [INFO]: Post bafyreie6wukbdijlqzvjkk4ifh26mdphsaajw26hlqdkohpqcwhuvinmyq posted outside time limit. (get_posts bluesky.py:39)
2026-08-10 20:53:47 [DEBUG]: Post created at: 2026-01-16 16:05:12 (get_posts bluesky.py:33)
2026-08-10 20:53:47 [INFO]: Post bafyreicxzwxqthabj7pnlubsgptgkrsy3x7oxqkp3xahy6tv4gg5yqf2ju posted outside time limit. (get_posts bluesky.py:39)
2026-08-10 20:53:47 [DEBUG]: Post created at: 2026-01-12 13:15:19 (get_posts bluesky.py:33)
2026-08-10 20:53:47 [INFO]: Post bafyreibdn3xxyolwdpeqkewnnprrra2cgk5kbcxcbxywh4lkz3ulcilrqi posted outside time limit. (get_posts bluesky.py:39)
2026-08-10 20:53:47 [DEBUG]: Post created at: 2026-01-08 13:18:56 (get_posts bluesky.py:33)
2026-08-10 20:53:47 [INFO]: Post bafyreietgnh4gc7s4leq7bvqmrgmvznpshszycyy34rd4rnwavw5oghegy posted outside time limit. (get_posts bluesky.py:39)
2026-08-10 20:53:47 [DEBUG]: Post created at: 2025-12-29 13:08:03 (get_posts bluesky.py:33)
2026-08-10 20:53:47 [INFO]: Post bafyreid4dehmzir4jnany3gopw2xqocuxvcrs5fgjysjvzdyqst6gdaqdm posted outside time limit. (get_posts bluesky.py:39)
2026-08-10 20:53:47 [DEBUG]: Post created at: 2025-12-22 21:05:43 (get_posts bluesky.py:33)
2026-08-10 20:53:47 [INFO]: Post bafyreia4ptmpu6bn3etyypkc6dq3zupd4ryvt4ajc4gtsoig22py7c556m posted outside time limit. (get_posts bluesky.py:39)
2026-08-10 20:53:47 [DEBUG]: Post created at: 2025-12-15 13:06:43 (get_posts bluesky.py:33)
2026-08-10 20:53:47 [INFO]: Post bafyreieivxzhm6whsygjqjaagg2suk2kkcu4b6dcwhtre73y5gr7sskegi posted outside time limit. (get_posts bluesky.py:39)
2026-08-10 20:53:47 [WARNING]: No posts found from input. (get_posts fetch.py:18)
